Caccobius (жёсткокрылые);;https://ru.wikipedia.org/wiki/Caccobius_(%D0%B6%D1%91%D1%81%D1%82%D0%BA%D0%BE%D0%BA%D1%80%D1%8B%D0%BB%D1%8B%D0%B5);;//upload.wikimedia.org/wikipedia/commons/thumb/0/02/Caccobius_%28syn._Caccophilus%29_dorsalis_Harold%2C_1867_male_%283465673147%29_%282%29.jpg/275px-Caccobius_%28syn._Caccophilus%29_dorsalis_Harold%2C_1867_male_%283465673147%29_%282%29.jpg
Caenocara;;https://ru.wikipedia.org/wiki/Caenocara;;//upload.wikimedia.org/wikipedia/commons/thumb/c/ca/Caenocara_discoidale_pallidior.jpg/275px-Caenocara_discoidale_pallidior.jpg
Caenocoris;;https://ru.wikipedia.org/wiki/Caenocoris;;//upload.wikimedia.org/wikipedia/commons/thumb/7/78/Oleander_Bug_%2815824114294%29.jpg/275px-Oleander_Bug_%2815824114294%29.jpg
Caenopangonia;;https://ru.wikipedia.org/wiki/Caenopangonia;;
Cagosima;;https://ru.wikipedia.org/wiki/Cagosima;;
Cafius;;https://ru.wikipedia.org/wiki/Cafius;;//upload.wikimedia.org/wikipedia/commons/thumb/7/7a/Cafius_algophilus.jpg/259px-Cafius_algophilus.jpg
Calambus;;https://ru.wikipedia.org/wiki/Calambus;;//upload.wikimedia.org/wikipedia/commons/b/be/Calambus.bipustulatus.-.calwer.25.16.jpg
Cales noacki;;https://ru.wikipedia.org/wiki/Cales_noacki;;
Cales berryi;;https://ru.wikipedia.org/wiki/Cales_berryi;;
Calaphidinae;;https://ru.wikipedia.org/wiki/Calaphidinae;;//upload.wikimedia.org/wikipedia/commons/thumb/1/12/Calaphis.flava.-.lindsey.jpg/275px-Calaphis.flava.-.lindsey.jpg
Calamobius filum;;https://ru.wikipedia.org/wiki/Calamobius_filum;;//upload.wikimedia.org/wikipedia/commons/thumb/1/1d/Calamobius_filum.jpg/275px-Calamobius_filum.jpg
Cales;;https://ru.wikipedia.org/wiki/Cales;;
Callicera;;https://ru.wikipedia.org/wiki/Callicera;;//upload.wikimedia.org/wikipedia/commons/thumb/3/32/Europ%C3%A4ischenZweifl%C3%BCgeligen1790TafCCI.jpg/275px-Europ%C3%A4ischenZweifl%C3%BCgeligen1790TafCCI.jpg
Callidiini;;https://ru.wikipedia.org/wiki/Callidiini;;//upload.wikimedia.org/wikipedia/commons/thumb/f/f4/Ropalopus_clavipes.jpg/275px-Ropalopus_clavipes.jpg
Callichromatini;;https://ru.wikipedia.org/wiki/Callichromatini;;//upload.wikimedia.org/wikipedia/commons/thumb/9/9a/Moschusbock_%28Aromia_moschata%29_1.jpg/275px-Moschusbock_%28Aromia_moschata%29_1.jpg
Callipogon barbatus;;https://ru.wikipedia.org/wiki/Callipogon_barbatus;;//upload.wikimedia.org/wikipedia/commons/thumb/5/59/Cerambycidae_-_Callipogon_barbatus.JPG/275px-Cerambycidae_-_Callipogon_barbatus.JPG
Callisthenes;;https://ru.wikipedia.org/wiki/Callisthenes;;//upload.wikimedia.org/wikipedia/commons/thumb/d/d1/Calosoma_glasunovi.JPG/275px-Calosoma_glasunovi.JPG
Callimoxys gracilis;;https://ru.wikipedia.org/wiki/Callimoxys_gracilis;;//upload.wikimedia.org/wikipedia/commons/thumb/e/ea/Callimoxys_gracilis.jpg/275px-Callimoxys_gracilis.jpg
Callistethus;;https://ru.wikipedia.org/wiki/Callistethus;;//upload.wikimedia.org/wikipedia/commons/thumb/2/2e/Callistethus_marginatus%2C_U%2C_Side%2C_MD%2C_Somerset_2015-03-13-15.38.20_ZS_PMax_%2816428003103%29.jpg/275px-Callistethus_marginatus%2C_U%2C_Side%2C_MD%2C_Somerset_2015-03-13-15.38.20_ZS_PMax_%2816428003103%29.jpg
Callimoxys;;https://ru.wikipedia.org/wiki/Callimoxys;;//upload.wikimedia.org/wikipedia/commons/thumb/e/ea/Callimoxys_gracilis.jpg/275px-Callimoxys_gracilis.jpg
Callistus;;https://ru.wikipedia.org/wiki/Callistus;;//upload.wikimedia.org/wikipedia/commons/thumb/c/c0/Callistus_lunatus.jpg/275px-Callistus_lunatus.jpg
Callophrys dumetorum;;https://ru.wikipedia.org/wiki/Callophrys_dumetorum;;//upload.wikimedia.org/wikipedia/commons/thumb/d/da/Bramble_Hairstreak.jpg/275px-Bramble_Hairstreak.jpg
Callophrys eryphon;;https://ru.wikipedia.org/wiki/Callophrys_eryphon;;//upload.wikimedia.org/wikipedia/commons/thumb/a/ad/C_eryphon.jpg/275px-C_eryphon.jpg
Callophrys augustinus;;https://ru.wikipedia.org/wiki/Callophrys_augustinus;;//upload.wikimedia.org/wikipedia/commons/thumb/2/29/Callophrys_augustinus_2.jpg/275px-Callophrys_augustinus_2.jpg
Callophrys;;https://ru.wikipedia.org/wiki/Callophrys;;//upload.wikimedia.org/wikipedia/commons/thumb/9/97/Callophrys_rubi-01_%28xndr%29.jpg/275px-Callophrys_rubi-01_%28xndr%29.jpg
Calodia kumari;;https://ru.wikipedia.org/wiki/Calodia_kumari;;
Calodia deergha;;https://ru.wikipedia.org/wiki/Calodia_deergha;;
Calodia;;https://ru.wikipedia.org/wiki/Calodia;;
Calodia neofusca;;https://ru.wikipedia.org/wiki/Calodia_neofusca;;
Calodia keralica;;https://ru.wikipedia.org/wiki/Calodia_keralica;;
Calomicrus;;https://ru.wikipedia.org/wiki/Calomicrus;;//upload.wikimedia.org/wikipedia/commons/b/bb/Calomicrus.pinicola.-.calwer.43.08.jpg
Calomyrmex;;https://ru.wikipedia.org/wiki/Calomyrmex;;//upload.wikimedia.org/wikipedia/commons/thumb/3/37/Calomyrmex_albertisi_casent0003286_head_1.jpg/275px-Calomyrmex_albertisi_casent0003286_head_1.jpg
Calodia periyari;;https://ru.wikipedia.org/wiki/Calodia_periyari;;
Calodia tridenta;;https://ru.wikipedia.org/wiki/Calodia_tridenta;;
Caloneurodea;;https://ru.wikipedia.org/wiki/Caloneurodea;;//upload.wikimedia.org/wikipedia/commons/thumb/9/97/Caloneura_dowsoni.jpg/275px-Caloneura_dowsoni.jpg
Caloptilia dubatolovi;;https://ru.wikipedia.org/wiki/Caloptilia_dubatolovi;;
Caloptilia orientalis;;https://ru.wikipedia.org/wiki/Caloptilia_orientalis;;
Calosoma haydeni;;https://ru.wikipedia.org/wiki/Calosoma_haydeni;;//upload.wikimedia.org/wikipedia/commons/thumb/6/68/Calosoma_haydeni_ASUHIC0045597_habitus_lateral_1420757573_web.jpg/275px-Calosoma_haydeni_ASUHIC0045597_habitus_lateral_1420757573_web.jpg
Calosoma anthracinum;;https://ru.wikipedia.org/wiki/Calosoma_anthracinum;;
Caloptilia;;https://ru.wikipedia.org/wiki/Caloptilia;;//upload.wikimedia.org/wikipedia/commons/thumb/8/8e/Caloptilia.cuculipennella.7394.jpg/275px-Caloptilia.cuculipennella.7394.jpg
Calosoma atrovirens;;https://ru.wikipedia.org/wiki/Calosoma_atrovirens;;
Calosoma chihuahua;;https://ru.wikipedia.org/wiki/Calosoma_chihuahua;;
Calopteryx maculata;;https://ru.wikipedia.org/wiki/Calopteryx_maculata;;//upload.wikimedia.org/wikipedia/commons/thumb/a/af/Ebony_Jewelwing%2C_male%2C_Gatineau_Park.jpg/275px-Ebony_Jewelwing%2C_male%2C_Gatineau_Park.jpg
Calosoma scrutator;;https://ru.wikipedia.org/wiki/Calosoma_scrutator;;//upload.wikimedia.org/wikipedia/commons/thumb/5/53/Calosoma_scrutator.jpg/275px-Calosoma_scrutator.jpg
Calosoma panderi;;https://ru.wikipedia.org/wiki/Calosoma_panderi;;//upload.wikimedia.org/wikipedia/commons/thumb/9/95/Calosoma_panderi_Jacobson.png/229px-Calosoma_panderi_Jacobson.png
Calosoma luxatus;;https://ru.wikipedia.org/wiki/Calosoma_luxatus;;
Calymmochilus dispar;;https://ru.wikipedia.org/wiki/Calymmochilus_dispar;;//upload.wikimedia.org/wikipedia/commons/thumb/0/06/Calymmochilus_dispar_male_in_lateral_view_-_ZooKeys-262-001-g003-B.jpeg/240px-Calymmochilus_dispar_male_in_lateral_view_-_ZooKeys-262-001-g003-B.jpeg
Calvia;;https://ru.wikipedia.org/wiki/Calvia;;//upload.wikimedia.org/wikipedia/commons/thumb/8/8f/Calvia_decemguttata03.jpg/275px-Calvia_decemguttata03.jpg
Calyptra;;https://ru.wikipedia.org/wiki/Calyptra;;//upload.wikimedia.org/wikipedia/commons/thumb/b/bf/Calyptra_thalictri_01.jpg/275px-Calyptra_thalictri_01.jpg
Campodorus aequabilis;;https://ru.wikipedia.org/wiki/Campodorus_aequabilis;;
Cameraria aesculisella;;https://ru.wikipedia.org/wiki/Cameraria_aesculisella;;//upload.wikimedia.org/wikipedia/commons/e/ea/Cameraria_aesculisella.JPG
Camelomecia janovitzi;;https://ru.wikipedia.org/wiki/Camelomecia_janovitzi;;//upload.wikimedia.org/wikipedia/commons/thumb/5/56/Camelomecia_janovitzi_AMNH-BUTJ003_right_profile.jpg/275px-Camelomecia_janovitzi_AMNH-BUTJ003_right_profile.jpg
Campodorus;;https://ru.wikipedia.org/wiki/Campodorus;;
Campodorus shandongicus;;https://ru.wikipedia.org/wiki/Campodorus_shandongicus;;
Campodorus belokobylskii;;https://ru.wikipedia.org/wiki/Campodorus_belokobylskii;;
Camponotini;;https://ru.wikipedia.org/wiki/Camponotini;;//upload.wikimedia.org/wikipedia/commons/thumb/5/53/Opisthopsis_respiciens_casent0173607_head_1.jpg/275px-Opisthopsis_respiciens_casent0173607_head_1.jpg
Campodorus dauricus;;https://ru.wikipedia.org/wiki/Campodorus_dauricus;;
Camponotus bakhtiariensis;;https://ru.wikipedia.org/wiki/Camponotus_bakhtiariensis;;
Camponotus atriceps;;https://ru.wikipedia.org/wiki/Camponotus_atriceps;;//upload.wikimedia.org/wikipedia/commons/thumb/8/8c/Camponotus_atriceps_casent0173392_profile_1.jpg/275px-Camponotus_atriceps_casent0173392_profile_1.jpg
Camponotus androy;;https://ru.wikipedia.org/wiki/Camponotus_androy;;
Camponotus albosparsus;;https://ru.wikipedia.org/wiki/Camponotus_albosparsus;;
Camponotus alamaina;;https://ru.wikipedia.org/wiki/Camponotus_alamaina;;
Camponotus bevohitra;;https://ru.wikipedia.org/wiki/Camponotus_bevohitra;;
Camponotus amamianus;;https://ru.wikipedia.org/wiki/Camponotus_amamianus;;
Camponotus devestivus;;https://ru.wikipedia.org/wiki/Camponotus_devestivus;;
Camponotus echinoploides;;https://ru.wikipedia.org/wiki/Camponotus_echinoploides;;//upload.wikimedia.org/wikipedia/commons/thumb/4/4e/Camponotus_echinoploides_casent0101379_profile_1.jpg/275px-Camponotus_echinoploides_casent0101379_profile_1.jpg
Camponotus edmondi;;https://ru.wikipedia.org/wiki/Camponotus_edmondi;;//upload.wikimedia.org/wikipedia/commons/thumb/3/32/Camponotus_edmondi_casent0101478_profile_1.jpg/275px-Camponotus_edmondi_casent0101478_profile_1.jpg
Camponotus friedae;;https://ru.wikipedia.org/wiki/Camponotus_friedae;;
Camponotus ethicus;;https://ru.wikipedia.org/wiki/Camponotus_ethicus;;//upload.wikimedia.org/wikipedia/commons/thumb/c/ce/Camponotus_ethicus_casent0101176_profile_1.jpg/275px-Camponotus_ethicus_casent0101176_profile_1.jpg
Camponotus floridanus;;https://ru.wikipedia.org/wiki/Camponotus_floridanus;;//upload.wikimedia.org/wikipedia/commons/thumb/2/2f/Florida_Carpenter_Ant_%28Camponotus_floridanus%29_on_a_Rattlebox_plant_%28Crotalaria_sp.%29_-_Major_worker.jpg/275px-Florida_Carpenter_Ant_%28Camponotus_floridanus%29_on_a_Rattlebox_plant_%28Crotalaria_sp.%29_-_Major_worker.jpg
Camponotus galoko;;https://ru.wikipedia.org/wiki/Camponotus_galoko;;
Camponotus hemichlaena;;https://ru.wikipedia.org/wiki/Camponotus_hemichlaena;;
Camponotus kiusiuensis;;https://ru.wikipedia.org/wiki/Camponotus_kiusiuensis;;
Camponotus kaguya;;https://ru.wikipedia.org/wiki/Camponotus_kaguya;;
Camponotus monju;;https://ru.wikipedia.org/wiki/Camponotus_monju;;
Camponotus matsilo;;https://ru.wikipedia.org/wiki/Camponotus_matsilo;;
Camponotus mifaka;;https://ru.wikipedia.org/wiki/Camponotus_mifaka;;
Camponotus minimus;;https://ru.wikipedia.org/wiki/Camponotus_minimus;;
Camponotus mussolinii;;https://ru.wikipedia.org/wiki/Camponotus_mussolinii;;
Camponotus orombe;;https://ru.wikipedia.org/wiki/Camponotus_orombe;;
Camponotus pennsylvanicus;;https://ru.wikipedia.org/wiki/Camponotus_pennsylvanicus;;//upload.wikimedia.org/wikipedia/commons/thumb/5/55/Camponotus_pennsylvanicus_casent0103694_profile_1.jpg/275px-Camponotus_pennsylvanicus_casent0103694_profile_1.jpg
Camponotus nearcticus;;https://ru.wikipedia.org/wiki/Camponotus_nearcticus;;//upload.wikimedia.org/wikipedia/commons/thumb/3/36/Camponotus_nearcticus_casent0103689_profile_1.jpg/275px-Camponotus_nearcticus_casent0103689_profile_1.jpg
Camponotus pilicornis;;https://ru.wikipedia.org/wiki/Camponotus_pilicornis;;
Camponotus rufipes;;https://ru.wikipedia.org/wiki/Camponotus_rufipes;;//upload.wikimedia.org/wikipedia/commons/thumb/1/16/Camponotus_rufipes_casent0173444_profile_1.jpg/275px-Camponotus_rufipes_casent0173444_profile_1.jpg
Camponotus renggeri;;https://ru.wikipedia.org/wiki/Camponotus_renggeri;;//upload.wikimedia.org/wikipedia/commons/thumb/1/19/Camponotus_renggeri_casent0173440_profile_1.jpg/275px-Camponotus_renggeri_casent0173440_profile_1.jpg
Camponotus saundersi;;https://ru.wikipedia.org/wiki/Camponotus_saundersi;;//upload.wikimedia.org/wikipedia/commons/thumb/8/85/Camponotus_saundersi_casent0179025_profile_1.jpg/275px-Camponotus_saundersi_casent0179025_profile_1.jpg
Camponotus singularis;;https://ru.wikipedia.org/wiki/Camponotus_singularis;;//upload.wikimedia.org/wikipedia/commons/thumb/2/20/Camponotus_singularis.jpg/275px-Camponotus_singularis.jpg
Camponotus thadeus;;https://ru.wikipedia.org/wiki/Camponotus_thadeus;;//upload.wikimedia.org/wikipedia/commons/thumb/f/f5/Camponotus_thadeus_casent0172134_profile_1.jpg/275px-Camponotus_thadeus_casent0172134_profile_1.jpg
Camponotus tafo;;https://ru.wikipedia.org/wiki/Camponotus_tafo;;
Camponotus werthi;;https://ru.wikipedia.org/wiki/Camponotus_werthi;;
Camponotus yambaru;;https://ru.wikipedia.org/wiki/Camponotus_yambaru;;
Camponotus varatra;;https://ru.wikipedia.org/wiki/Camponotus_varatra;;
Camponotus tratra;;https://ru.wikipedia.org/wiki/Camponotus_tratra;;
Campsicnemus mirabilis;;https://ru.wikipedia.org/wiki/Campsicnemus_mirabilis;;//upload.wikimedia.org/wikipedia/commons/b/bc/Emperoptera_mirabilis.jpg
Camponotus zavo;;https://ru.wikipedia.org/wiki/Camponotus_zavo;;
Camptothlipsis;;https://ru.wikipedia.org/wiki/Camptothlipsis;;//upload.wikimedia.org/wikipedia/commons/thumb/f/fe/Camptothlipsis.jpg/275px-Camptothlipsis.jpg
Campsicnemus;;https://ru.wikipedia.org/wiki/Campsicnemus;;//upload.wikimedia.org/wikipedia/commons/thumb/4/45/Campsicnemus_curvipes_-2012-09-02.jpg/275px-Campsicnemus_curvipes_-2012-09-02.jpg
Canacidae;;https://ru.wikipedia.org/wiki/Canacidae;;//upload.wikimedia.org/wikipedia/commons/thumb/2/26/Tethina_lusitanica.jpg/275px-Tethina_lusitanica.jpg
Cantharis flavilabris;;https://ru.wikipedia.org/wiki/Cantharis_flavilabris;;//upload.wikimedia.org/wikipedia/commons/thumb/3/3a/Female_of_Cantharis_flavilabris_-_Flickr_-_gailhampshire_%281%29.jpg/275px-Female_of_Cantharis_flavilabris_-_Flickr_-_gailhampshire_%281%29.jpg
Cantharis paludosa;;https://ru.wikipedia.org/wiki/Cantharis_paludosa;;//upload.wikimedia.org/wikipedia/commons/thumb/3/34/Cantharis-paludosa-03-fws.jpg/275px-Cantharis-paludosa-03-fws.jpg
Cantharis pulicaria;;https://ru.wikipedia.org/wiki/Cantharis_pulicaria;;
Cantharinae;;https://ru.wikipedia.org/wiki/Cantharinae;;//upload.wikimedia.org/wikipedia/commons/thumb/a/a3/Cantharis.cf.rufa.jpg/266px-Cantharis.cf.rufa.jpg
Cantharocnemis kraatzi;;https://ru.wikipedia.org/wiki/Cantharocnemis_kraatzi;;
Canthyloscelidae;;https://ru.wikipedia.org/wiki/Canthyloscelidae;;
Capperia taurica;;https://ru.wikipedia.org/wiki/Capperia_taurica;;
Carabus planicollis;;https://ru.wikipedia.org/wiki/Carabus_planicollis;;
Carabus splendens;;https://ru.wikipedia.org/wiki/Carabus_splendens;;//upload.wikimedia.org/wikipedia/commons/thumb/b/b9/Chrysocarabus_splendens_up.jpg/275px-Chrysocarabus_splendens_up.jpg
Carabus smaragdinus;;https://ru.wikipedia.org/wiki/Carabus_smaragdinus;;//upload.wikimedia.org/wikipedia/commons/thumb/f/f6/Carabus.smaragdinus.-.calwer.03.04.jpg/275px-Carabus.smaragdinus.-.calwer.03.04.jpg
Carabus scheidleri;;https://ru.wikipedia.org/wiki/Carabus_scheidleri;;//upload.wikimedia.org/wikipedia/commons/thumb/3/37/Carabus_scheidleri.jpg/275px-Carabus_scheidleri.jpg
Carabus variolosus;;https://ru.wikipedia.org/wiki/Carabus_variolosus;;//upload.wikimedia.org/wikipedia/commons/thumb/f/f3/Carabus_variolosus_Kuziy.jpg/269px-Carabus_variolosus_Kuziy.jpg
Carabus vigil;;https://ru.wikipedia.org/wiki/Carabus_vigil;;
Caraphractus;;https://ru.wikipedia.org/wiki/Caraphractus;;
Carbula;;https://ru.wikipedia.org/wiki/Carbula;;
Cardiochilinae;;https://ru.wikipedia.org/wiki/Cardiochilinae;;
Carciliini;;https://ru.wikipedia.org/wiki/Carciliini;;
Cardiocondyla pirata;;https://ru.wikipedia.org/wiki/Cardiocondyla_pirata;;//upload.wikimedia.org/wikipedia/commons/thumb/8/8f/Cardiocondyla_pirata_holotype_-_ZooKeys-301-013-g002.jpg/275px-Cardiocondyla_pirata_holotype_-_ZooKeys-301-013-g002.jpg
Carebara;;https://ru.wikipedia.org/wiki/Carebara;;//upload.wikimedia.org/wikipedia/commons/thumb/5/55/Carebara_vidua_casent0010803_profile_1.jpg/275px-Carebara_vidua_casent0010803_profile_1.jpg
Carebarella;;https://ru.wikipedia.org/wiki/Carebarella;;//upload.wikimedia.org/wikipedia/commons/thumb/4/45/Carebarella_bicolor_casent0178631_profile_1.jpg/275px-Carebarella_bicolor_casent0178631_profile_1.jpg
Carebarella alvarengai;;https://ru.wikipedia.org/wiki/Carebarella_alvarengai;;
Carlandrea;;https://ru.wikipedia.org/wiki/Carlandrea;;
Carnus hemapterus;;https://ru.wikipedia.org/wiki/Carnus_hemapterus;;//upload.wikimedia.org/wikipedia/commons/thumb/1/17/Carnus_hemapterus.JPG/275px-Carnus_hemapterus.JPG
Carmenelectra shechisme;;https://ru.wikipedia.org/wiki/Carmenelectra_shechisme;;
Carmenelectra;;https://ru.wikipedia.org/wiki/Carmenelectra;;
Carmenelectra pernigra;;https://ru.wikipedia.org/wiki/Carmenelectra_pernigra;;
Carnoidea;;https://ru.wikipedia.org/wiki/Carnoidea;;//upload.wikimedia.org/wikipedia/commons/thumb/6/60/Meromyza.saltatrix.male.jpg/275px-Meromyza.saltatrix.male.jpg
Carnidae;;https://ru.wikipedia.org/wiki/Carnidae;;//upload.wikimedia.org/wikipedia/commons/thumb/1/17/Carnus_hemapterus.JPG/275px-Carnus_hemapterus.JPG
Carmenelectra shehuggme;;https://ru.wikipedia.org/wiki/Carmenelectra_shehuggme;;
Carphoborus cholodkowskyi;;https://ru.wikipedia.org/wiki/Carphoborus_cholodkowskyi;;//upload.wikimedia.org/wikipedia/commons/thumb/c/c1/Carphoborus_cholodkovskyi_Imago.jpg/275px-Carphoborus_cholodkovskyi_Imago.jpg
Carreramyia;;https://ru.wikipedia.org/wiki/Carreramyia;;
Carterus;;https://ru.wikipedia.org/wiki/Carterus;;//upload.wikimedia.org/wikipedia/commons/thumb/a/aa/Carterus_tricuspidatus_%28Fabricius%2C_1792%29_%284011337527%29.jpg/275px-Carterus_tricuspidatus_%28Fabricius%2C_1792%29_%284011337527%29.jpg
Catadoides;;https://ru.wikipedia.org/wiki/Catadoides;;
Cassidini;;https://ru.wikipedia.org/wiki/Cassidini;;//upload.wikimedia.org/wikipedia/commons/thumb/1/18/Cassida.stigmatica.-.lindsey.jpg/275px-Cassida.stigmatica.-.lindsey.jpg
Cataglyphis bombycina;;https://ru.wikipedia.org/wiki/Cataglyphis_bombycina;;//upload.wikimedia.org/wikipedia/commons/thumb/8/8d/Saharan_Silver_Ants_Erg_Chebbi_2011.jpg/275px-Saharan_Silver_Ants_Erg_Chebbi_2011.jpg
Cataglyphis viatica;;https://ru.wikipedia.org/wiki/Cataglyphis_viatica;;//upload.wikimedia.org/wikipedia/commons/thumb/e/e2/Cataglyphis_viaticus_casent0104615_dorsal_1.jpg/275px-Cataglyphis_viaticus_casent0104615_dorsal_1.jpg
Cataglyphis viaticoides;;https://ru.wikipedia.org/wiki/Cataglyphis_viaticoides;;
Cataulacus;;https://ru.wikipedia.org/wiki/Cataulacus;;//upload.wikimedia.org/wikipedia/commons/thumb/d/dd/Cataulacus_oberthueri_casent0435903_head_1.jpg/275px-Cataulacus_oberthueri_casent0435903_head_1.jpg
Catocala desdemona;;https://ru.wikipedia.org/wiki/Catocala_desdemona;;//upload.wikimedia.org/wikipedia/commons/thumb/f/f2/Catocala_desdemona.JPG/275px-Catocala_desdemona.JPG
Catopsilia gorgophone;;https://ru.wikipedia.org/wiki/Catopsilia_gorgophone;;//upload.wikimedia.org/wikipedia/commons/thumb/c/cc/Catopsilia_gorgophone_gorgophone.jpg/275px-Catopsilia_gorgophone_gorgophone.jpg
Catops;;https://ru.wikipedia.org/wiki/Catops;;//upload.wikimedia.org/wikipedia/commons/thumb/f/fb/Catops_fuliginosus_Erichson%2C_1837_male_%286064905961%29.jpg/275px-Catops_fuliginosus_Erichson%2C_1837_male_%286064905961%29.jpg
Catopsilia pomona;;https://ru.wikipedia.org/wiki/Catopsilia_pomona;;//upload.wikimedia.org/wikipedia/commons/thumb/3/3a/Common_Emigrant_%28Catopsilia_pomona%29_mud-puddling_W_IMG_0280.jpg/275px-Common_Emigrant_%28Catopsilia_pomona%29_mud-puddling_W_IMG_0280.jpg
Catolaccus grandis;;https://ru.wikipedia.org/wiki/Catolaccus_grandis;;//upload.wikimedia.org/wikipedia/commons/thumb/1/1d/Female_Catolaccus_grandis_wasp.jpg/275px-Female_Catolaccus_grandis_wasp.jpg
Catocala hermia;;https://ru.wikipedia.org/wiki/Catocala_hermia;;//upload.wikimedia.org/wikipedia/commons/f/fe/Catocola_hermia.JPG
Catocala ophelia;;https://ru.wikipedia.org/wiki/Catocala_ophelia;;//upload.wikimedia.org/wikipedia/commons/thumb/7/73/Catocala_dollii.JPG/275px-Catocala_dollii.JPG
Catopsilia pyranthe;;https://ru.wikipedia.org/wiki/Catopsilia_pyranthe;;//upload.wikimedia.org/wikipedia/commons/thumb/d/d5/Mottled_Emigrant_%28Catopsilia_pyranthe%29_mating_in_Hyderabad%2C_AP_W_IMG_9364.jpg/275px-Mottled_Emigrant_%28Catopsilia_pyranthe%29_mating_in_Hyderabad%2C_AP_W_IMG_9364.jpg
Catocala puerpera;;https://ru.wikipedia.org/wiki/Catocala_puerpera;;//upload.wikimedia.org/wikipedia/commons/thumb/d/d1/Catocala_puerpera.jpg/275px-Catocala_puerpera.jpg
Cauchas;;https://ru.wikipedia.org/wiki/Cauchas;;//upload.wikimedia.org/wikipedia/commons/thumb/7/72/Cauchas_rufimitrella-01_%28xndr%29.jpg/275px-Cauchas_rufimitrella-01_%28xndr%29.jpg
Catoptria;;https://ru.wikipedia.org/wiki/Catoptria;;//upload.wikimedia.org/wikipedia/commons/thumb/8/8b/Catoptria.falsella.7379.jpg/275px-Catoptria.falsella.7379.jpg
Catopsilia scylla;;https://ru.wikipedia.org/wiki/Catopsilia_scylla;;//upload.wikimedia.org/wikipedia/commons/thumb/b/bc/Orange_Emigrant_butterfly.jpg/275px-Orange_Emigrant_butterfly.jpg
Cebrio gigas;;https://ru.wikipedia.org/wiki/Cebrio_gigas;;//upload.wikimedia.org/wikipedia/commons/thumb/e/eb/Cebrio_gigas01.jpg/275px-Cebrio_gigas01.jpg
Ceballosia;;https://ru.wikipedia.org/wiki/Ceballosia;;
Ceilodiastrophon;;https://ru.wikipedia.org/wiki/Ceilodiastrophon;;
Cenocoeliinae;;https://ru.wikipedia.org/wiki/Cenocoeliinae;;//upload.wikimedia.org/wikipedia/commons/thumb/a/a3/Cenocoelius_nigrisoma.jpg/275px-Cenocoelius_nigrisoma.jpg
Celyphidae;;https://ru.wikipedia.org/wiki/Celyphidae;;//upload.wikimedia.org/wikipedia/commons/thumb/6/66/Celyphidae_%28Diptera%29_-_Beetle_fly_%285485811841%29.jpg/275px-Celyphidae_%28Diptera%29_-_Beetle_fly_%285485811841%29.jpg
Centrodora;;https://ru.wikipedia.org/wiki/Centrodora;;
Centrodora brevispinae;;https://ru.wikipedia.org/wiki/Centrodora_brevispinae;;
Centistini;;https://ru.wikipedia.org/wiki/Centistini;;
Cephalonomia pinkfloydi;;https://ru.wikipedia.org/wiki/Cephalonomia_pinkfloydi;;
Cephalota chiloleuca;;https://ru.wikipedia.org/wiki/Cephalota_chiloleuca;;//upload.wikimedia.org/wikipedia/commons/thumb/8/89/Cephalota_chiloleuca_2.jpg/275px-Cephalota_chiloleuca_2.jpg
Cephaloscymnus;;https://ru.wikipedia.org/wiki/Cephaloscymnus;;
Cephalotes;;https://ru.wikipedia.org/wiki/Cephalotes;;//upload.wikimedia.org/wikipedia/commons/thumb/6/6b/Cephalotes_atratus_casent0010677_head_1.jpg/275px-Cephalotes_atratus_casent0010677_head_1.jpg
Cephalotini;;https://ru.wikipedia.org/wiki/Cephalotini;;//upload.wikimedia.org/wikipedia/commons/thumb/4/4c/Cephalotes_borgmeieri_casent0173664_head_1.jpg/275px-Cephalotes_borgmeieri_casent0173664_head_1.jpg
Cephalotes porrasi;;https://ru.wikipedia.org/wiki/Cephalotes_porrasi;;
Cephalotes texanus;;https://ru.wikipedia.org/wiki/Cephalotes_texanus;;//upload.wikimedia.org/wikipedia/commons/thumb/b/ba/Cephalotes_texanus_casent0104842_head_1.jpg/275px-Cephalotes_texanus_casent0104842_head_1.jpg
Cephalotes hamulus;;https://ru.wikipedia.org/wiki/Cephalotes_hamulus;;//upload.wikimedia.org/wikipedia/commons/thumb/0/05/Cephalotes_hamulus.jpg/275px-Cephalotes_hamulus.jpg
Cephalotes atratus;;https://ru.wikipedia.org/wiki/Cephalotes_atratus;;//upload.wikimedia.org/wikipedia/commons/thumb/9/9b/Cephalotes_atratus_casent0010676_profile_1.jpg/275px-Cephalotes_atratus_casent0010676_profile_1.jpg
Cerambyx welensii;;https://ru.wikipedia.org/wiki/Cerambyx_welensii;;//upload.wikimedia.org/wikipedia/commons/thumb/5/51/Cerambycidae_-_Cerambyx_welensii.jpg/275px-Cerambycidae_-_Cerambyx_welensii.jpg
Cerambyx carinatus;;https://ru.wikipedia.org/wiki/Cerambyx_carinatus;;//upload.wikimedia.org/wikipedia/commons/thumb/7/7a/Cerambyx_carinatus_%28K%C3%BCster%2C_1845%29_%283029784504%29.jpg/275px-Cerambyx_carinatus_%28K%C3%BCster%2C_1845%29_%283029784504%29.jpg
Ceracini;;https://ru.wikipedia.org/wiki/Ceracini;;//upload.wikimedia.org/wikipedia/commons/thumb/c/c2/AB094_Cerace_stipatana_1.JPG/275px-AB094_Cerace_stipatana_1.JPG
Cerapachys longitarsus;;https://ru.wikipedia.org/wiki/Cerapachys_longitarsus;;//upload.wikimedia.org/wikipedia/commons/thumb/9/9a/Cerapachys_longitarsus.jpg/275px-Cerapachys_longitarsus.jpg
Cerambycini;;https://ru.wikipedia.org/wiki/Cerambycini;;//upload.wikimedia.org/wikipedia/commons/thumb/5/55/Cerambyx_cerdo_up.JPG/275px-Cerambyx_cerdo_up.JPG
Cephoidea;;https://ru.wikipedia.org/wiki/Cephoidea;;//upload.wikimedia.org/wikipedia/commons/thumb/2/27/Hartigia_linearis.jpg/275px-Hartigia_linearis.jpg
Cerambyx miles;;https://ru.wikipedia.org/wiki/Cerambyx_miles;;//upload.wikimedia.org/wikipedia/commons/thumb/a/a4/Cerambyx_miles_%28Bonelli_1823%29_%283418941320%29.jpg/275px-Cerambyx_miles_%28Bonelli_1823%29_%283418941320%29.jpg
Cerapachys;;https://ru.wikipedia.org/wiki/Cerapachys;;//upload.wikimedia.org/wikipedia/commons/thumb/e/ee/Cerapachys_biroi_casent0055090_profile_1.jpg/275px-Cerapachys_biroi_casent0055090_profile_1.jpg
Cerapachyinae;;https://ru.wikipedia.org/wiki/Cerapachyinae;;//upload.wikimedia.org/wikipedia/commons/thumb/1/1b/Cerapachys_coxalis_casent0173076_dorsal_1.jpg/275px-Cerapachys_coxalis_casent0173076_dorsal_1.jpg
Cerapachys schoedli;;https://ru.wikipedia.org/wiki/Cerapachys_schoedli;;
Cerapterus;;https://ru.wikipedia.org/wiki/Cerapterus;;//upload.wikimedia.org/wikipedia/commons/thumb/7/7d/Cerapterus_pilipennis_%28Male%29.jpg/275px-Cerapterus_pilipennis_%28Male%29.jpg
Cerapachys seema;;https://ru.wikipedia.org/wiki/Cerapachys_seema;;
Cerapachys nayana;;https://ru.wikipedia.org/wiki/Cerapachys_nayana;;
Cerapachys sulcinodis;;https://ru.wikipedia.org/wiki/Cerapachys_sulcinodis;;
Ceratocombus coleoptratus;;https://ru.wikipedia.org/wiki/Ceratocombus_coleoptratus;;
Cerastipsocini;;https://ru.wikipedia.org/wiki/Cerastipsocini;;
Ceratocanthinae;;https://ru.wikipedia.org/wiki/Ceratocanthinae;;
Ceratitis;;https://ru.wikipedia.org/wiki/Ceratitis;;//upload.wikimedia.org/wikipedia/commons/thumb/d/df/Ceratitis_capitata_-_adult.jpg/275px-Ceratitis_capitata_-_adult.jpg
Ceratophyllidae;;https://ru.wikipedia.org/wiki/Ceratophyllidae;;//upload.wikimedia.org/wikipedia/commons/thumb/d/d7/Vogelfloehe.2.jpg/275px-Vogelfloehe.2.jpg
Ceratophyllus;;https://ru.wikipedia.org/wiki/Ceratophyllus;;//upload.wikimedia.org/wikipedia/commons/thumb/5/56/Ceratophyllus_gallinae_female_ZSM.jpg/275px-Ceratophyllus_gallinae_female_ZSM.jpg
Ceratophya;;https://ru.wikipedia.org/wiki/Ceratophya;;
Ceratoderus;;https://ru.wikipedia.org/wiki/Ceratoderus;;
Ceratomegilla;;https://ru.wikipedia.org/wiki/Ceratomegilla;;//upload.wikimedia.org/wikipedia/commons/thumb/3/35/Semiadalia_notata_2006-08-04.jpg/275px-Semiadalia_notata_2006-08-04.jpg
Ceratomyrmex ellenbergeri;;https://ru.wikipedia.org/wiki/Ceratomyrmex_ellenbergeri;;//upload.wikimedia.org/wikipedia/commons/thumb/1/1b/Ceratomyrmex_ellenbergeri_NIGP164022_profile.jpg/275px-Ceratomyrmex_ellenbergeri_NIGP164022_profile.jpg
Ceratophaga;;https://ru.wikipedia.org/wiki/Ceratophaga;;//upload.wikimedia.org/wikipedia/commons/thumb/5/5e/Ceratophaga_vastella01.jpg/275px-Ceratophaga_vastella01.jpg
Ceratophyus hoffmannseggi;;https://ru.wikipedia.org/wiki/Ceratophyus_hoffmannseggi;;//upload.wikimedia.org/wikipedia/commons/thumb/a/a6/Ceratophyus_hoffmannseggi_Fairmaire%2C_1856_female_%283260962100%29.jpg/275px-Ceratophyus_hoffmannseggi_Fairmaire%2C_1856_female_%283260962100%29.jpg
Ceratophyus;;https://ru.wikipedia.org/wiki/Ceratophyus;;//upload.wikimedia.org/wikipedia/commons/thumb/a/a6/Ceratophyus_hoffmannseggi_Fairmaire%2C_1856_female_%283260962100%29.jpg/275px-Ceratophyus_hoffmannseggi_Fairmaire%2C_1856_female_%283260962100%29.jpg
Ceratophyus mesasiaticus;;https://ru.wikipedia.org/wiki/Ceratophyus_mesasiaticus;;
Cerocomini;;https://ru.wikipedia.org/wiki/Cerocomini;;//upload.wikimedia.org/wikipedia/commons/thumb/b/b3/Cerocoma_schaefferi_MHNT_Fronton_Femelle.jpg/275px-Cerocoma_schaefferi_MHNT_Fronton_Femelle.jpg
Ceriomicrodon;;https://ru.wikipedia.org/wiki/Ceriomicrodon;;
Ceriana;;https://ru.wikipedia.org/wiki/Ceriana;;//upload.wikimedia.org/wikipedia/commons/thumb/1/15/Hoverfly_August_2007-1.jpg/275px-Hoverfly_August_2007-1.jpg
Cernyia kosterini;;https://ru.wikipedia.org/wiki/Cernyia_kosterini;;
Ceropalinae;;https://ru.wikipedia.org/wiki/Ceropalinae;;
Certallini;;https://ru.wikipedia.org/wiki/Certallini;;//upload.wikimedia.org/wikipedia/commons/thumb/a/a9/Certallum_ebulinum_pair.JPG/275px-Certallum_ebulinum_pair.JPG
Certallum ebulinum;;https://ru.wikipedia.org/wiki/Certallum_ebulinum;;//upload.wikimedia.org/wikipedia/commons/thumb/a/a9/Certallum_ebulinum_pair.JPG/275px-Certallum_ebulinum_pair.JPG
Certallum;;https://ru.wikipedia.org/wiki/Certallum;;//upload.wikimedia.org/wikipedia/commons/thumb/a/a9/Certallum_ebulinum_pair.JPG/275px-Certallum_ebulinum_pair.JPG
Certallum thoracicum;;https://ru.wikipedia.org/wiki/Certallum_thoracicum;;
Cervicorniphora;;https://ru.wikipedia.org/wiki/Cervicorniphora;;
Cethosia;;https://ru.wikipedia.org/wiki/Cethosia;;//upload.wikimedia.org/wikipedia/commons/thumb/c/ca/The_Leopard_Lacewing_%28Cethosia_cyane%29_%2823553644569%29.jpg/275px-The_Leopard_Lacewing_%28Cethosia_cyane%29_%2823553644569%29.jpg
Cethosia penthesilea;;https://ru.wikipedia.org/wiki/Cethosia_penthesilea;;//upload.wikimedia.org/wikipedia/commons/thumb/4/45/Orange_Lacewing.jpg/275px-Orange_Lacewing.jpg
Cethosia cyane;;https://ru.wikipedia.org/wiki/Cethosia_cyane;;//upload.wikimedia.org/wikipedia/commons/thumb/4/46/Leopard_Lacewing_Cethosia_cyane_2_Richard_Bartz.jpg/275px-Leopard_Lacewing_Cethosia_cyane_2_Richard_Bartz.jpg
Chaeteessidae;;https://ru.wikipedia.org/wiki/Chaeteessidae;;//upload.wikimedia.org/wikipedia/commons/thumb/5/51/Little_mantis_Chaeteessa_sp_%289699847291%29.jpg/275px-Little_mantis_Chaeteessa_sp_%289699847291%29.jpg
Chaeteessites minutissimus;;https://ru.wikipedia.org/wiki/Chaeteessites_minutissimus;;
Chaetocnema belli;;https://ru.wikipedia.org/wiki/Chaetocnema_belli;;
Chaetocnema baoshanica;;https://ru.wikipedia.org/wiki/Chaetocnema_baoshanica;;
Chaetocnema babai;;https://ru.wikipedia.org/wiki/Chaetocnema_babai;;
Chaetocnema angustifrons;;https://ru.wikipedia.org/wiki/Chaetocnema_angustifrons;;
Chaetocnema appendiculata;;https://ru.wikipedia.org/wiki/Chaetocnema_appendiculata;;
Chaetocnema cheni;;https://ru.wikipedia.org/wiki/Chaetocnema_cheni;;
Chaetocnema cupreata;;https://ru.wikipedia.org/wiki/Chaetocnema_cupreata;;
Chaetocnema excavata;;https://ru.wikipedia.org/wiki/Chaetocnema_excavata;;
Chaetocnema confinis;;https://ru.wikipedia.org/wiki/Chaetocnema_confinis;;
Chaetocnema constricta;;https://ru.wikipedia.org/wiki/Chaetocnema_constricta;;
Chaetocnema dapitanica;;https://ru.wikipedia.org/wiki/Chaetocnema_dapitanica;;
Chaetocnema duvivieri;;https://ru.wikipedia.org/wiki/Chaetocnema_duvivieri;;
Chaetocnema furthi;;https://ru.wikipedia.org/wiki/Chaetocnema_furthi;;
Chaetocnema fallaciosa;;https://ru.wikipedia.org/wiki/Chaetocnema_fallaciosa;;
Chaetocnema glabra;;https://ru.wikipedia.org/wiki/Chaetocnema_glabra;;
Chaetocnema hainanensis;;https://ru.wikipedia.org/wiki/Chaetocnema_hainanensis;;
Chaetocnema gracilis;;https://ru.wikipedia.org/wiki/Chaetocnema_gracilis;;
Chaetocnema fortecostata;;https://ru.wikipedia.org/wiki/Chaetocnema_fortecostata;;
Chaetocnema greenica;;https://ru.wikipedia.org/wiki/Chaetocnema_greenica;;
Chaetocnema fusiformis;;https://ru.wikipedia.org/wiki/Chaetocnema_fusiformis;;
Chaetocnema granulicollis;;https://ru.wikipedia.org/wiki/Chaetocnema_granulicollis;;
Chaetocnema hongkongensis;;https://ru.wikipedia.org/wiki/Chaetocnema_hongkongensis;;
Chaetocnema melonae;;https://ru.wikipedia.org/wiki/Chaetocnema_melonae;;
Chaetocnema laotica;;https://ru.wikipedia.org/wiki/Chaetocnema_laotica;;
Chaetocnema latapronota;;https://ru.wikipedia.org/wiki/Chaetocnema_latapronota;;
Chaetocnema kingpinensis;;https://ru.wikipedia.org/wiki/Chaetocnema_kingpinensis;;
Chaetocnema jinxiuensis;;https://ru.wikipedia.org/wiki/Chaetocnema_jinxiuensis;;
Chaetocnema malaisei;;https://ru.wikipedia.org/wiki/Chaetocnema_malaisei;;
Chaetocnema nigrilata;;https://ru.wikipedia.org/wiki/Chaetocnema_nigrilata;;
Chaetocnema midimpunctata;;https://ru.wikipedia.org/wiki/Chaetocnema_midimpunctata;;
Chaetocnema parafusiformis;;https://ru.wikipedia.org/wiki/Chaetocnema_parafusiformis;;
Chaetocnema modiglianii;;https://ru.wikipedia.org/wiki/Chaetocnema_modiglianii;;
Chaetocnema nigrica;;https://ru.wikipedia.org/wiki/Chaetocnema_nigrica;;
Chaetocnema paraumesaoi;;https://ru.wikipedia.org/wiki/Chaetocnema_paraumesaoi;;
Chaetocnema picipes;;https://ru.wikipedia.org/wiki/Chaetocnema_picipes;;
Chaetocnema paragreenica;;https://ru.wikipedia.org/wiki/Chaetocnema_paragreenica;;
Chaetocnema philippina;;https://ru.wikipedia.org/wiki/Chaetocnema_philippina;;
Chaetocnema sabahensis;;https://ru.wikipedia.org/wiki/Chaetocnema_sabahensis;;
Chaetocnema reteimpunctata;;https://ru.wikipedia.org/wiki/Chaetocnema_reteimpunctata;;
Chaetocnema puncticollis;;https://ru.wikipedia.org/wiki/Chaetocnema_puncticollis;;
Chaetocnema shanxiensis;;https://ru.wikipedia.org/wiki/Chaetocnema_shanxiensis;;
Chaetocnema purerulea;;https://ru.wikipedia.org/wiki/Chaetocnema_purerulea;;
Chaetocnema subbasalis;;https://ru.wikipedia.org/wiki/Chaetocnema_subbasalis;;
Chaetocnema trapezoida;;https://ru.wikipedia.org/wiki/Chaetocnema_trapezoida;;
Chaetocnema yaosanica;;https://ru.wikipedia.org/wiki/Chaetocnema_yaosanica;;
Chaetocnema tonkinensis;;https://ru.wikipedia.org/wiki/Chaetocnema_tonkinensis;;
Chaetocnema sumatrana;;https://ru.wikipedia.org/wiki/Chaetocnema_sumatrana;;
Chaetocnema yonyonae;;https://ru.wikipedia.org/wiki/Chaetocnema_yonyonae;;
Chaetocnema yiei;;https://ru.wikipedia.org/wiki/Chaetocnema_yiei;;
Chaetocnema sulcicollis;;https://ru.wikipedia.org/wiki/Chaetocnema_sulcicollis;;
Chaetocoelopa;;https://ru.wikipedia.org/wiki/Chaetocoelopa;;//upload.wikimedia.org/wikipedia/commons/thumb/b/b5/Chaetocoelopa_littoralis_1.jpg/275px-Chaetocoelopa_littoralis_1.jpg
Chaetocnema zangana;;https://ru.wikipedia.org/wiki/Chaetocnema_zangana;;
Chaetocnema yunnanica;;https://ru.wikipedia.org/wiki/Chaetocnema_yunnanica;;
Chalcionellus;;https://ru.wikipedia.org/wiki/Chalcionellus;;
Chalcoidea;;https://ru.wikipedia.org/wiki/Chalcoidea;;
Chaetopsylla;;https://ru.wikipedia.org/wiki/Chaetopsylla;;
Chalcolepidius;;https://ru.wikipedia.org/wiki/Chalcolepidius;;//upload.wikimedia.org/wikipedia/commons/thumb/a/a9/Elateridae_-_Chalcolepidius_virens.JPG/275px-Elateridae_-_Chalcolepidius_virens.JPG
Chalepini;;https://ru.wikipedia.org/wiki/Chalepini;;//upload.wikimedia.org/wikipedia/commons/thumb/1/1b/Basswood_Leaf_Miner_-_Baliosus_nervosus%2C_Green_Ridge_State_Forest%2C_Flintstone%2C_Maryland.jpg/266px-Basswood_Leaf_Miner_-_Baliosus_nervosus%2C_Green_Ridge_State_Forest%2C_Flintstone%2C_Maryland.jpg
Chalcosoma caucasus;;https://ru.wikipedia.org/wiki/Chalcosoma_caucasus;;//upload.wikimedia.org/wikipedia/commons/thumb/1/12/Chalcosoma_caucasus_male.jpg/275px-Chalcosoma_caucasus_male.jpg
Chalcosoma;;https://ru.wikipedia.org/wiki/Chalcosoma;;//upload.wikimedia.org/wikipedia/commons/thumb/1/12/Chalcosoma_caucasus_male.jpg/275px-Chalcosoma_caucasus_male.jpg
Chalcophora;;https://ru.wikipedia.org/wiki/Chalcophora;;//upload.wikimedia.org/wikipedia/commons/thumb/4/4b/Chalcophora_mariana_1_beentree.jpg/275px-Chalcophora_mariana_1_beentree.jpg
Challia;;https://ru.wikipedia.org/wiki/Challia;;
Charipinae;;https://ru.wikipedia.org/wiki/Charipinae;;//upload.wikimedia.org/wikipedia/commons/thumb/9/9d/Alloxysta_victrix.jpg/275px-Alloxysta_victrix.jpg
Charmodia vectis;;https://ru.wikipedia.org/wiki/Charmodia_vectis;;
Chauliodinae;;https://ru.wikipedia.org/wiki/Chauliodinae;;//upload.wikimedia.org/wikipedia/commons/thumb/1/19/Fishfly.jpg/275px-Fishfly.jpg
Charmosta;;https://ru.wikipedia.org/wiki/Charmosta;;
Cheilotoma fulvicollis;;https://ru.wikipedia.org/wiki/Cheilotoma_fulvicollis;;
Cheillophota;;https://ru.wikipedia.org/wiki/Cheillophota;;
Cheironitis;;https://ru.wikipedia.org/wiki/Cheironitis;;//upload.wikimedia.org/wikipedia/commons/0/0b/Cheironitis_moeris.png
Chilemutilla aielloae;;https://ru.wikipedia.org/wiki/Chilemutilla_aielloae;;
Chilemutilla aptera;;https://ru.wikipedia.org/wiki/Chilemutilla_aptera;;
Chilades trochylus;;https://ru.wikipedia.org/wiki/Chilades_trochylus;;//upload.wikimedia.org/wikipedia/commons/thumb/8/86/Chilades_trochylus_-_Grass_Jewel_butterfly_02.jpg/275px-Chilades_trochylus_-_Grass_Jewel_butterfly_02.jpg
Chilemutilla atacama;;https://ru.wikipedia.org/wiki/Chilemutilla_atacama;;
Chilocorus bipustulatus;;https://ru.wikipedia.org/wiki/Chilocorus_bipustulatus;;//upload.wikimedia.org/wikipedia/commons/7/7f/Chilocorus_bipustulatus.jpg
Chilocorus;;https://ru.wikipedia.org/wiki/Chilocorus;;//upload.wikimedia.org/wikipedia/commons/7/7f/Chilocorus_bipustulatus.jpg
Chiloxanthinae;;https://ru.wikipedia.org/wiki/Chiloxanthinae;;//upload.wikimedia.org/wikipedia/commons/thumb/0/07/Brevrimatus_pulchalifer_%28imprint%29.jpg/275px-Brevrimatus_pulchalifer_%28imprint%29.jpg
Chioneosoma;;https://ru.wikipedia.org/wiki/Chioneosoma;;//upload.wikimedia.org/wikipedia/commons/thumb/4/4a/Chioneosoma_komarovi.jpg/275px-Chioneosoma_komarovi.jpg
Chioneinae;;https://ru.wikipedia.org/wiki/Chioneinae;;//upload.wikimedia.org/wikipedia/commons/thumb/0/01/Erioptera.flavata.-.lindsey.jpg/266px-Erioptera.flavata.-.lindsey.jpg
Chiridopsis bistrimaculata;;https://ru.wikipedia.org/wiki/Chiridopsis_bistrimaculata;;
Chioneosoma gorilla;;https://ru.wikipedia.org/wiki/Chioneosoma_gorilla;;
Chiridopsis;;https://ru.wikipedia.org/wiki/Chiridopsis;;//upload.wikimedia.org/wikipedia/commons/thumb/4/4c/Chrysomelidae_-_Chiridopsis_punctata.JPG/275px-Chrysomelidae_-_Chiridopsis_punctata.JPG
Chiridopsis aubei;;https://ru.wikipedia.org/wiki/Chiridopsis_aubei;;
Chiridopsis bipunctata;;https://ru.wikipedia.org/wiki/Chiridopsis_bipunctata;;//upload.wikimedia.org/wikipedia/commons/thumb/6/62/Chiridopsis_bipunctata_06520.JPG/275px-Chiridopsis_bipunctata_06520.JPG
Chiridopsis bowringii;;https://ru.wikipedia.org/wiki/Chiridopsis_bowringii;;
Chiridopsis coorta;;https://ru.wikipedia.org/wiki/Chiridopsis_coorta;;
Chiridopsis opposita;;https://ru.wikipedia.org/wiki/Chiridopsis_opposita;;
Chiridopsis scalaris;;https://ru.wikipedia.org/wiki/Chiridopsis_scalaris;;//upload.wikimedia.org/wikipedia/commons/thumb/9/97/Chiridopsis_scalaris.jpg/275px-Chiridopsis_scalaris.jpg
Chiridopsis punctata;;https://ru.wikipedia.org/wiki/Chiridopsis_punctata;;//upload.wikimedia.org/wikipedia/commons/thumb/4/4c/Chrysomelidae_-_Chiridopsis_punctata.JPG/275px-Chrysomelidae_-_Chiridopsis_punctata.JPG
Chiridopsis nigropunctata;;https://ru.wikipedia.org/wiki/Chiridopsis_nigropunctata;;
Chiridopsis nigrosepta;;https://ru.wikipedia.org/wiki/Chiridopsis_nigrosepta;;
Chiridopsis rubromaculata;;https://ru.wikipedia.org/wiki/Chiridopsis_rubromaculata;;
Chirotica;;https://ru.wikipedia.org/wiki/Chirotica;;
Chitona;;https://ru.wikipedia.org/wiki/Chitona;;
Chiropteromyzidae;;https://ru.wikipedia.org/wiki/Chiropteromyzidae;;
Chivaenius;;https://ru.wikipedia.org/wiki/Chivaenius;;
Chitoria;;https://ru.wikipedia.org/wiki/Chitoria;;//upload.wikimedia.org/wikipedia/commons/thumb/e/eb/DraviraUlupi193_2.jpg/275px-DraviraUlupi193_2.jpg
Chitoria ulupi;;https://ru.wikipedia.org/wiki/Chitoria_ulupi;;//upload.wikimedia.org/wikipedia/commons/thumb/e/eb/DraviraUlupi193_2.jpg/275px-DraviraUlupi193_2.jpg
Chlidanotinae;;https://ru.wikipedia.org/wiki/Chlidanotinae;;//upload.wikimedia.org/wikipedia/commons/thumb/a/a2/Isotrias_stramentana.jpg/267px-Isotrias_stramentana.jpg
Chlerogella;;https://ru.wikipedia.org/wiki/Chlerogella;;//upload.wikimedia.org/wikipedia/commons/thumb/4/4c/Chlerogella_elongaticeps_%28male%29.jpg/275px-Chlerogella_elongaticeps_%28male%29.jpg
Chlamydopsinae;;https://ru.wikipedia.org/wiki/Chlamydopsinae;;//upload.wikimedia.org/wikipedia/commons/thumb/d/dc/Eucurtiopsis_kanaari.jpg/275px-Eucurtiopsis_kanaari.jpg
Chloebius immeritus;;https://ru.wikipedia.org/wiki/Chloebius_immeritus;;
Chloephorini;;https://ru.wikipedia.org/wiki/Chloephorini;;
Chloebius steveni;;https://ru.wikipedia.org/wiki/Chloebius_steveni;;
Chlorogomphidae;;https://ru.wikipedia.org/wiki/Chlorogomphidae;;//upload.wikimedia.org/wikipedia/commons/thumb/e/e9/Chlorogomphus_brunneus_brunneus_Female.jpg/275px-Chlorogomphus_brunneus_brunneus_Female.jpg
Chloromyia formosa;;https://ru.wikipedia.org/wiki/Chloromyia_formosa;;//upload.wikimedia.org/wikipedia/commons/thumb/7/77/Chloromyia.formosa.male.jpg/275px-Chloromyia.formosa.male.jpg
Chlorocyphidae;;https://ru.wikipedia.org/wiki/Chlorocyphidae;;//upload.wikimedia.org/wikipedia/commons/thumb/d/d0/StreamRuby2.jpg/275px-StreamRuby2.jpg
Chlorophorus figuratus;;https://ru.wikipedia.org/wiki/Chlorophorus_figuratus;;//upload.wikimedia.org/wikipedia/commons/thumb/3/32/Chloropphorus_figuratus_up.JPG/275px-Chloropphorus_figuratus_up.JPG
Chlorophorus sartor;;https://ru.wikipedia.org/wiki/Chlorophorus_sartor;;//upload.wikimedia.org/wikipedia/commons/thumb/8/87/Cerambycidae_-_Chlorophorus_sartor-001.jpg/275px-Cerambycidae_-_Chlorophorus_sartor-001.jpg
Choeradodis;;https://ru.wikipedia.org/wiki/Choeradodis;;//upload.wikimedia.org/wikipedia/commons/thumb/6/6e/Choeradodis-sp.jpg/267px-Choeradodis-sp.jpg
Cholevinae;;https://ru.wikipedia.org/wiki/Cholevinae;;//upload.wikimedia.org/wikipedia/commons/thumb/d/d4/Anthroherpon_cylindricolle.jpg/275px-Anthroherpon_cylindricolle.jpg
Chonidris insolita;;https://ru.wikipedia.org/wiki/Chonidris_insolita;;
Chorismagrion risi;;https://ru.wikipedia.org/wiki/Chorismagrion_risi;;//upload.wikimedia.org/wikipedia/commons/thumb/8/86/The_Australian_zoologist_%281954%29_%2820356878391%29_2.jpg/275px-The_Australian_zoologist_%281954%29_%2820356878391%29_2.jpg
Choragus;;https://ru.wikipedia.org/wiki/Choragus;;//upload.wikimedia.org/wikipedia/commons/thumb/2/29/Choragus_horni.jpg/266px-Choragus_horni.jpg
Chresmodidae;;https://ru.wikipedia.org/wiki/Chresmodidae;;//upload.wikimedia.org/wikipedia/commons/thumb/1/1b/Chresmodidae_-_Chresmoda_obscura.JPG/275px-Chresmodidae_-_Chresmoda_obscura.JPG
Chrysapace costatus;;https://ru.wikipedia.org/wiki/Chrysapace_costatus;;
Chrysapace;;https://ru.wikipedia.org/wiki/Chrysapace;;//upload.wikimedia.org/wikipedia/commons/thumb/4/47/Cerapachys_crawleyi_casent0173074_head_1.jpg/275px-Cerapachys_crawleyi_casent0173074_head_1.jpg
Chrysapace sauteri;;https://ru.wikipedia.org/wiki/Chrysapace_sauteri;;
Chromonotus;;https://ru.wikipedia.org/wiki/Chromonotus;;
Chrysidinae;;https://ru.wikipedia.org/wiki/Chrysidinae;;//upload.wikimedia.org/wikipedia/commons/thumb/7/77/Goudwesp.jpg/275px-Goudwesp.jpg
Chrysapace jacobsoni;;https://ru.wikipedia.org/wiki/Chrysapace_jacobsoni;;//upload.wikimedia.org/wikipedia/commons/thumb/9/94/Cerapachys_crawleyi_casent0173074_profile_1.jpg/275px-Cerapachys_crawleyi_casent0173074_profile_1.jpg
Chrysidimyia;;https://ru.wikipedia.org/wiki/Chrysidimyia;;
Chrysidini;;https://ru.wikipedia.org/wiki/Chrysidini;;//upload.wikimedia.org/wikipedia/commons/thumb/f/fb/Chrysis_April_2008-1.jpg/275px-Chrysis_April_2008-1.jpg
Chrysidoidea;;https://ru.wikipedia.org/wiki/Chrysidoidea;;//upload.wikimedia.org/wikipedia/commons/thumb/8/83/Chrysis_viridula2.jpg/275px-Chrysis_viridula2.jpg
Chrysochroa fulgidissima;;https://ru.wikipedia.org/wiki/Chrysochroa_fulgidissima;;//upload.wikimedia.org/wikipedia/commons/thumb/c/cc/Chrysochroa_Fulgidissima_%28Tamamushi%29_In_Hand.PNG/275px-Chrysochroa_Fulgidissima_%28Tamamushi%29_In_Hand.PNG
Chrysochroinae;;https://ru.wikipedia.org/wiki/Chrysochroinae;;//upload.wikimedia.org/wikipedia/commons/thumb/a/a5/Chrysochroa_fulgidissima_%28Tamamushi%29_In_Nature.PNG/275px-Chrysochroa_fulgidissima_%28Tamamushi%29_In_Nature.PNG
Chrysobythidae;;https://ru.wikipedia.org/wiki/Chrysobythidae;;
Chrysobythus areolatus;;https://ru.wikipedia.org/wiki/Chrysobythus_areolatus;;
Chrysochroa;;https://ru.wikipedia.org/wiki/Chrysochroa;;//upload.wikimedia.org/wikipedia/commons/thumb/a/a5/Chrysochroa_fulgidissima_%28Tamamushi%29_In_Nature.PNG/275px-Chrysochroa_fulgidissima_%28Tamamushi%29_In_Nature.PNG
Chrysolina americana;;https://ru.wikipedia.org/wiki/Chrysolina_americana;;//upload.wikimedia.org/wikipedia/commons/thumb/5/53/Chrysolina-americana-1.jpg/275px-Chrysolina-americana-1.jpg
Chrysolina analis;;https://ru.wikipedia.org/wiki/Chrysolina_analis;;//upload.wikimedia.org/wikipedia/commons/thumb/3/31/Chrysolina_analis_01.JPG/275px-Chrysolina_analis_01.JPG
Chrysolina (подрод);;https://ru.wikipedia.org/wiki/Chrysolina_(%D0%BF%D0%BE%D0%B4%D1%80%D0%BE%D0%B4);;//upload.wikimedia.org/wikipedia/commons/thumb/9/9b/Chrysolinabankii.png/275px-Chrysolinabankii.png
Chrysochroini;;https://ru.wikipedia.org/wiki/Chrysochroini;;//upload.wikimedia.org/wikipedia/commons/thumb/a/a5/Chrysochroa_fulgidissima_%28Tamamushi%29_In_Nature.PNG/275px-Chrysochroa_fulgidissima_%28Tamamushi%29_In_Nature.PNG
Chrysolina chalcites;;https://ru.wikipedia.org/wiki/Chrysolina_chalcites;;
Chrysolina carnifex;;https://ru.wikipedia.org/wiki/Chrysolina_carnifex;;
Chrysolina bankii;;https://ru.wikipedia.org/wiki/Chrysolina_bankii;;//upload.wikimedia.org/wikipedia/commons/thumb/9/9b/Chrysolinabankii.png/275px-Chrysolinabankii.png
Chrysolina fragariae;;https://ru.wikipedia.org/wiki/Chrysolina_fragariae;;//upload.wikimedia.org/wikipedia/commons/thumb/9/9b/Chrysolinabankii.png/275px-Chrysolinabankii.png
Chrysolina haemoptera;;https://ru.wikipedia.org/wiki/Chrysolina_haemoptera;;//upload.wikimedia.org/wikipedia/commons/thumb/f/f6/Chrysolina_haemoptera_3.JPG/275px-Chrysolina_haemoptera_3.JPG
Chrysolina deubeli;;https://ru.wikipedia.org/wiki/Chrysolina_deubeli;;
Chrysolina gypsophilae;;https://ru.wikipedia.org/wiki/Chrysolina_gypsophilae;;//upload.wikimedia.org/wikipedia/commons/thumb/2/2c/Chrysolina_gypsophilae_03.jpg/275px-Chrysolina_gypsophilae_03.jpg
Chrysolina fasciata;;https://ru.wikipedia.org/wiki/Chrysolina_fasciata;;
Chrysolina fuliginosa;;https://ru.wikipedia.org/wiki/Chrysolina_fuliginosa;;
Chrysolina geminata;;https://ru.wikipedia.org/wiki/Chrysolina_geminata;;
Chrysolina kuesteri;;https://ru.wikipedia.org/wiki/Chrysolina_kuesteri;;//upload.wikimedia.org/wikipedia/commons/thumb/3/35/Chrysolina_kuesteri_20130502d.jpg/275px-Chrysolina_kuesteri_20130502d.jpg
Chrysolina oricalcia;;https://ru.wikipedia.org/wiki/Chrysolina_oricalcia;;//upload.wikimedia.org/wikipedia/commons/thumb/c/c1/Chrysomelidae_-_Chrysolina_oricalcia.JPG/275px-Chrysomelidae_-_Chrysolina_oricalcia.JPG
Chrysolina lepida;;https://ru.wikipedia.org/wiki/Chrysolina_lepida;;
Chrysolina platypoda;;https://ru.wikipedia.org/wiki/Chrysolina_platypoda;;
Chrysolina marginata;;https://ru.wikipedia.org/wiki/Chrysolina_marginata;;//upload.wikimedia.org/wikipedia/commons/f/f3/Chrysolina.marginata.-.calwer.44.10.jpg
Chrysolina susterai;;https://ru.wikipedia.org/wiki/Chrysolina_susterai;;
Chrysolina relucens;;https://ru.wikipedia.org/wiki/Chrysolina_relucens;;
Chrysolina varians;;https://ru.wikipedia.org/wiki/Chrysolina_varians;;//upload.wikimedia.org/wikipedia/commons/thumb/9/98/Chrysolina_varians_wwalas_1.jpg/275px-Chrysolina_varians_wwalas_1.jpg
Chrysomela scripta;;https://ru.wikipedia.org/wiki/Chrysomela_scripta;;//upload.wikimedia.org/wikipedia/commons/thumb/f/f5/Chrysomela_scripta_2.jpg/275px-Chrysomela_scripta_2.jpg
Chrysolina sturmi;;https://ru.wikipedia.org/wiki/Chrysolina_sturmi;;//upload.wikimedia.org/wikipedia/commons/thumb/f/f9/Chrysolina_sturmi_01.jpg/275px-Chrysolina_sturmi_01.jpg
Chrysomela (подрод);;https://ru.wikipedia.org/wiki/Chrysomela_(%D0%BF%D0%BE%D0%B4%D1%80%D0%BE%D0%B4);;
Chrysolina quadrigemina;;https://ru.wikipedia.org/wiki/Chrysolina_quadrigemina;;//upload.wikimedia.org/wikipedia/commons/thumb/c/c0/Chrysolina_quadrigemina6.JPG/275px-Chrysolina_quadrigemina6.JPG
Chrysolopus spectabilis;;https://ru.wikipedia.org/wiki/Chrysolopus_spectabilis;;//upload.wikimedia.org/wikipedia/commons/thumb/b/b0/Diamond_Weevil_Side.JPG/275px-Diamond_Weevil_Side.JPG
Chrysolina reitteri;;https://ru.wikipedia.org/wiki/Chrysolina_reitteri;;
Chrysopa glaesaria;;https://ru.wikipedia.org/wiki/Chrysopa_glaesaria;;
Chrysozephyrus;;https://ru.wikipedia.org/wiki/Chrysozephyrus;;//upload.wikimedia.org/wikipedia/commons/thumb/e/eb/Chrysozephyrus_nishikaze.jpg/275px-Chrysozephyrus_nishikaze.jpg
Chrysopa vetula;;https://ru.wikipedia.org/wiki/Chrysopa_vetula;;
Chrysopa;;https://ru.wikipedia.org/wiki/Chrysopa;;//upload.wikimedia.org/wikipedia/commons/thumb/5/5c/Chrysopa_abbreviata.jpg/275px-Chrysopa_abbreviata.jpg
Chrysopsinae;;https://ru.wikipedia.org/wiki/Chrysopsinae;;//upload.wikimedia.org/wikipedia/commons/thumb/e/eb/Chrysops_callidus.jpg/275px-Chrysops_callidus.jpg
Chrysotus;;https://ru.wikipedia.org/wiki/Chrysotus;;//upload.wikimedia.org/wikipedia/commons/thumb/d/dd/Chrysotus.gramineus9.-.lindsey.jpg/275px-Chrysotus.gramineus9.-.lindsey.jpg
Cicadoidea;;https://ru.wikipedia.org/wiki/Cicadoidea;;//upload.wikimedia.org/wikipedia/commons/thumb/d/df/%D0%A6%D0%B8%D0%BA%D0%B0%D0%B4%D0%B0_%D0%B2_%D0%B1%D1%83%D1%85%D1%82%D0%B5_%D0%9B%D0%B0%D1%81%D0%BF%D0%B8_9.jpg/275px-%D0%A6%D0%B8%D0%BA%D0%B0%D0%B4%D0%B0_%D0%B2_%D0%B1%D1%83%D1%85%D1%82%D0%B5_%D0%9B%D0%B0%D1%81%D0%BF%D0%B8_9.jpg
Chyphotidae;;https://ru.wikipedia.org/wiki/Chyphotidae;;//upload.wikimedia.org/wikipedia/commons/thumb/d/db/Chyphotes_m.jpg/275px-Chyphotes_m.jpg
Cicindela albissima;;https://ru.wikipedia.org/wiki/Cicindela_albissima;;//upload.wikimedia.org/wikipedia/commons/thumb/e/e5/Cicindela_albissima.jpg/275px-Cicindela_albissima.jpg
Cicindela ohlone;;https://ru.wikipedia.org/wiki/Cicindela_ohlone;;//upload.wikimedia.org/wikipedia/commons/thumb/5/51/Cicindela_ohlone.jpg/275px-Cicindela_ohlone.jpg
Cicindela soluta;;https://ru.wikipedia.org/wiki/Cicindela_soluta;;//upload.wikimedia.org/wikipedia/commons/thumb/2/2a/Cicindela_soluta_soluta_Dejean%2C_1822_%2815735251689%29.png/275px-Cicindela_soluta_soluta_Dejean%2C_1822_%2815735251689%29.png
Cicindela duodecimguttata;;https://ru.wikipedia.org/wiki/Cicindela_duodecimguttata;;//upload.wikimedia.org/wikipedia/commons/thumb/2/28/Twelve-spotted_Tiger_Beetle_-_Cicindela_duodecimguttata%2C_Leesylvania_State_Park%2C_Woodbridge%2C_Virginia.jpg/275px-Twelve-spotted_Tiger_Beetle_-_Cicindela_duodecimguttata%2C_Leesylvania_State_Park%2C_Woodbridge%2C_Virginia.jpg
Cicindela columbica;;https://ru.wikipedia.org/wiki/Cicindela_columbica;;
Cicindela chinensis;;https://ru.wikipedia.org/wiki/Cicindela_chinensis;;//upload.wikimedia.org/wikipedia/commons/thumb/0/09/Cicindela_chinensis_flammifera_MHNT.ZOO.2004.0.175.jpg/275px-Cicindela_chinensis_flammifera_MHNT.ZOO.2004.0.175.jpg
Cicindela restricta;;https://ru.wikipedia.org/wiki/Cicindela_restricta;;
Cidnopus;;https://ru.wikipedia.org/wiki/Cidnopus;;//upload.wikimedia.org/wikipedia/commons/thumb/d/da/Cidnopus.pilosus.-.lindsey.jpg/275px-Cidnopus.pilosus.-.lindsey.jpg
Cidariplura;;https://ru.wikipedia.org/wiki/Cidariplura;;//upload.wikimedia.org/wikipedia/commons/thumb/6/6f/Cidariplura_shanmeii_%2828261250311%29.jpg/275px-Cidariplura_shanmeii_%2828261250311%29.jpg
Cicindela transbaicalica;;https://ru.wikipedia.org/wiki/Cicindela_transbaicalica;;
Cicindelini;;https://ru.wikipedia.org/wiki/Cicindelini;;//upload.wikimedia.org/wikipedia/commons/thumb/f/f7/Bugs_-_Cicindela_hybrida.jpg/275px-Bugs_-_Cicindela_hybrida.jpg
Cillenus;;https://ru.wikipedia.org/wiki/Cillenus;;//upload.wikimedia.org/wikipedia/commons/thumb/e/e3/Cillenus_lateralis.jpg/275px-Cillenus_lateralis.jpg
Cinara;;https://ru.wikipedia.org/wiki/Cinara;;//upload.wikimedia.org/wikipedia/commons/thumb/9/9f/Tuberolachnus_salignus_Lebendgeburt.4075.jpg/275px-Tuberolachnus_salignus_Lebendgeburt.4075.jpg
Cladomyrma;;https://ru.wikipedia.org/wiki/Cladomyrma;;//upload.wikimedia.org/wikipedia/commons/thumb/b/b6/Cladomyrma_hewitti_casent0173906_head_1.jpg/275px-Cladomyrma_hewitti_casent0173906_head_1.jpg
Clambus armadillo;;https://ru.wikipedia.org/wiki/Clambus_armadillo;;//upload.wikimedia.org/wikipedia/commons/thumb/f/f9/Clambus_armadillo_%28DeGeer%2C_1774%29.jpg/275px-Clambus_armadillo_%28DeGeer%2C_1774%29.jpg
Claudiella ingens;;https://ru.wikipedia.org/wiki/Claudiella_ingens;;
Claveliocnemis;;https://ru.wikipedia.org/wiki/Claveliocnemis;;
Cleonymus;;https://ru.wikipedia.org/wiki/Cleonymus;;//upload.wikimedia.org/wikipedia/commons/thumb/c/c1/Cleonymus_laticornis.jpg/275px-Cleonymus_laticornis.jpg
Cleonymus longigaster;;https://ru.wikipedia.org/wiki/Cleonymus_longigaster;;
Cleoporus;;https://ru.wikipedia.org/wiki/Cleoporus;;
Cleptes;;https://ru.wikipedia.org/wiki/Cleptes;;//upload.wikimedia.org/wikipedia/commons/thumb/7/7b/Cleptes_-_Print_-_Iconographia_Zoologica_-_Special_Collections_University_of_Amsterdam_-_UBAINV0274_046_01_0043.tif/lossy-page1-275px-Cleptes_-_Print_-_Iconographia_Zoologica_-_Special_Collections_University_of_Amsterdam_-_UBAINV0274_046_01_0043.tif.jpg
Cleonis;;https://ru.wikipedia.org/wiki/Cleonis;;//upload.wikimedia.org/wikipedia/commons/thumb/1/1c/Cleonis_pigra_01.jpg/275px-Cleonis_pigra_01.jpg
Cleorina;;https://ru.wikipedia.org/wiki/Cleorina;;
Cleonini;;https://ru.wikipedia.org/wiki/Cleonini;;//upload.wikimedia.org/wikipedia/commons/thumb/1/1c/Cleonis_pigra_01.jpg/275px-Cleonis_pigra_01.jpg
Cleptes albonotatus;;https://ru.wikipedia.org/wiki/Cleptes_albonotatus;;
Cleonymus laticornis;;https://ru.wikipedia.org/wiki/Cleonymus_laticornis;;//upload.wikimedia.org/wikipedia/commons/thumb/c/c1/Cleonymus_laticornis.jpg/275px-Cleonymus_laticornis.jpg
Cleptes mandsuricus;;https://ru.wikipedia.org/wiki/Cleptes_mandsuricus;;
Cleptes asianus;;https://ru.wikipedia.org/wiki/Cleptes_asianus;;
Cleptes metallicorpus;;https://ru.wikipedia.org/wiki/Cleptes_metallicorpus;;
Cleptes mareki;;https://ru.wikipedia.org/wiki/Cleptes_mareki;;
Clerus;;https://ru.wikipedia.org/wiki/Clerus;;//upload.wikimedia.org/wikipedia/commons/thumb/9/95/Clerus_mutillarius_RF.jpg/275px-Clerus_mutillarius_RF.jpg
Clinocentrus kalmyk;;https://ru.wikipedia.org/wiki/Clinocentrus_kalmyk;;
Clinidium;;https://ru.wikipedia.org/wiki/Clinidium;;//upload.wikimedia.org/wikipedia/commons/thumb/d/d4/Clinidium_marginicolle_Reitter%2C_1889_%2823820959109%29.png/275px-Clinidium_marginicolle_Reitter%2C_1889_%2823820959109%29.png
Clinocentrus rhysipoloides;;https://ru.wikipedia.org/wiki/Clinocentrus_rhysipoloides;;
Clinocentrus;;https://ru.wikipedia.org/wiki/Clinocentrus;;
Clinocentrus kozlovi;;https://ru.wikipedia.org/wiki/Clinocentrus_kozlovi;;
Clistopyga;;https://ru.wikipedia.org/wiki/Clistopyga;;//upload.wikimedia.org/wikipedia/commons/thumb/f/f7/2016_09_24_Schlupfwespe1C.jpg/264px-2016_09_24_Schlupfwespe1C.jpg
Clitostethus;;https://ru.wikipedia.org/wiki/Clitostethus;;//upload.wikimedia.org/wikipedia/commons/thumb/6/60/Clitostethus_arcuatus01.jpg/275px-Clitostethus_arcuatus01.jpg
Clitostethus arcuatus;;https://ru.wikipedia.org/wiki/Clitostethus_arcuatus;;//upload.wikimedia.org/wikipedia/commons/thumb/6/60/Clitostethus_arcuatus01.jpg/275px-Clitostethus_arcuatus01.jpg
Clytini;;https://ru.wikipedia.org/wiki/Clytini;;//upload.wikimedia.org/wikipedia/commons/thumb/8/8e/Xylotrechus_rusticus_1_beentree.jpg/275px-Xylotrechus_rusticus_1_beentree.jpg
Clivina;;https://ru.wikipedia.org/wiki/Clivina;;//upload.wikimedia.org/wikipedia/commons/thumb/d/d1/Clivina_fossor_bl.jpg/275px-Clivina_fossor_bl.jpg
Clusiidae;;https://ru.wikipedia.org/wiki/Clusiidae;;//upload.wikimedia.org/wikipedia/commons/thumb/b/bc/Diptera-Clusiidae-Paraclusia-tigrina-20110910a.JPG/275px-Diptera-Clusiidae-Paraclusia-tigrina-20110910a.JPG
Cnemidanomia;;https://ru.wikipedia.org/wiki/Cnemidanomia;;
Cnecomymar;;https://ru.wikipedia.org/wiki/Cnecomymar;;
Cnaphalocrocis medinalis;;https://ru.wikipedia.org/wiki/Cnaphalocrocis_medinalis;;//upload.wikimedia.org/wikipedia/commons/thumb/3/38/Rice_Leaf_Roller.JPG/275px-Rice_Leaf_Roller.JPG
Cnaemidophorus;;https://ru.wikipedia.org/wiki/Cnaemidophorus;;//upload.wikimedia.org/wikipedia/commons/thumb/7/7e/Cnaemidophorus_rhododactylus_%28Phillips%29.jpg/275px-Cnaemidophorus_rhododactylus_%28Phillips%29.jpg
Cnemisus;;https://ru.wikipedia.org/wiki/Cnemisus;;
Cnemidolestodea;;https://ru.wikipedia.org/wiki/Cnemidolestodea;;
Coccidula rufa;;https://ru.wikipedia.org/wiki/Coccidula_rufa;;//upload.wikimedia.org/wikipedia/commons/thumb/c/c1/Coccidula_rufa.jpg/269px-Coccidula_rufa.jpg
Coatonachthodes ovambolandicus;;https://ru.wikipedia.org/wiki/Coatonachthodes_ovambolandicus;;
Coccidula;;https://ru.wikipedia.org/wiki/Coccidula;;//upload.wikimedia.org/wikipedia/commons/thumb/c/c1/Coccidula_rufa.jpg/269px-Coccidula_rufa.jpg
Coccidulinae;;https://ru.wikipedia.org/wiki/Coccidulinae;;//upload.wikimedia.org/wikipedia/commons/thumb/0/03/Coccidula_scutellata.jpg/275px-Coccidula_scutellata.jpg
Coccidula scutellata;;https://ru.wikipedia.org/wiki/Coccidula_scutellata;;//upload.wikimedia.org/wikipedia/commons/thumb/0/03/Coccidula_scutellata.jpg/275px-Coccidula_scutellata.jpg
Cochinchinula;;https://ru.wikipedia.org/wiki/Cochinchinula;;
Coccinula;;https://ru.wikipedia.org/wiki/Coccinula;;//upload.wikimedia.org/wikipedia/commons/thumb/a/a9/Coccinula_quatuordecimpustulata.jpg/275px-Coccinula_quatuordecimpustulata.jpg
Coccygidium;;https://ru.wikipedia.org/wiki/Coccygidium;;//upload.wikimedia.org/wikipedia/commons/thumb/7/77/Coccygidium.jpg/275px-Coccygidium.jpg
Coccinellinae;;https://ru.wikipedia.org/wiki/Coccinellinae;;//upload.wikimedia.org/wikipedia/commons/thumb/d/de/BIEDRONA.JPG/275px-BIEDRONA.JPG
Coccinella leonina;;https://ru.wikipedia.org/wiki/Coccinella_leonina;;//upload.wikimedia.org/wikipedia/commons/thumb/5/5a/Coccinella_leonina_%28card_mounted%29.jpg/275px-Coccinella_leonina_%28card_mounted%29.jpg
Coccinellini;;https://ru.wikipedia.org/wiki/Coccinellini;;//upload.wikimedia.org/wikipedia/commons/thumb/5/58/Adalia_decempunctata1.jpg/275px-Adalia_decempunctata1.jpg
Coccoidea;;https://ru.wikipedia.org/wiki/Coccoidea;;//upload.wikimedia.org/wikipedia/commons/thumb/f/f6/Ceroplastes_japonicus04.jpg/275px-Ceroplastes_japonicus04.jpg
Coccophagus;;https://ru.wikipedia.org/wiki/Coccophagus;;//upload.wikimedia.org/wikipedia/commons/thumb/2/20/Coccophagus_iris_Girault_HT.jpg/275px-Coccophagus_iris_Girault_HT.jpg
Cochlorhinini;;https://ru.wikipedia.org/wiki/Cochlorhinini;;
Coeleumenes burmanicus;;https://ru.wikipedia.org/wiki/Coeleumenes_burmanicus;;
Cochliomyia hominivorax;;https://ru.wikipedia.org/wiki/Cochliomyia_hominivorax;;//upload.wikimedia.org/wikipedia/commons/thumb/d/d4/Screwworm_-_Cochliomyia_hominivorax%2C_Key_Deer_National_Refuge%2C_Big_Pine_Key%2C_Florida_%2824909739517%29.jpg/275px-Screwworm_-_Cochliomyia_hominivorax%2C_Key_Deer_National_Refuge%2C_Big_Pine_Key%2C_Florida_%2824909739517%29.jpg
Codocera ferruginea;;https://ru.wikipedia.org/wiki/Codocera_ferruginea;;//upload.wikimedia.org/wikipedia/commons/thumb/4/46/Codocera_ferruginea_Jacobson.png/275px-Codocera_ferruginea_Jacobson.png
Codocera;;https://ru.wikipedia.org/wiki/Codocera;;//upload.wikimedia.org/wikipedia/commons/thumb/4/46/Codocera_ferruginea_Jacobson.png/275px-Codocera_ferruginea_Jacobson.png
Cochylini;;https://ru.wikipedia.org/wiki/Cochylini;;//upload.wikimedia.org/wikipedia/commons/thumb/3/31/Cochylis_nana_%28Haworth%2C_1811%29.jpg/275px-Cochylis_nana_%28Haworth%2C_1811%29.jpg
Coelidiini;;https://ru.wikipedia.org/wiki/Coelidiini;;//upload.wikimedia.org/wikipedia/commons/thumb/4/45/Cicadellid_Wynaad.jpg/275px-Cicadellid_Wynaad.jpg
Coenosia kosterini;;https://ru.wikipedia.org/wiki/Coenosia_kosterini;;
Coffeikokkos;;https://ru.wikipedia.org/wiki/Coffeikokkos;;
Colaphoptera;;https://ru.wikipedia.org/wiki/Colaphoptera;;
Colaspidema dufouri;;https://ru.wikipedia.org/wiki/Colaspidema_dufouri;;//upload.wikimedia.org/wikipedia/commons/thumb/5/5a/Colaspidema_dufouri_%284459703296%29.jpg/275px-Colaspidema_dufouri_%284459703296%29.jpg
Colasposoma;;https://ru.wikipedia.org/wiki/Colasposoma;;//upload.wikimedia.org/wikipedia/commons/thumb/8/8f/Chrysomelidae_-_Colasposoma_mutabile.JPG/275px-Chrysomelidae_-_Colasposoma_mutabile.JPG
Coleoxestia corvina;;https://ru.wikipedia.org/wiki/Coleoxestia_corvina;;
Colletes alocochila;;https://ru.wikipedia.org/wiki/Colletes_alocochila;;
Colias philodice;;https://ru.wikipedia.org/wiki/Colias_philodice;;//upload.wikimedia.org/wikipedia/commons/thumb/a/a7/Male_Clouded_Sulphur_Megan_McCarty40.jpg/275px-Male_Clouded_Sulphur_Megan_McCarty40.jpg
Coleopsis archaica;;https://ru.wikipedia.org/wiki/Coleopsis_archaica;;
Colobopsis explodens;;https://ru.wikipedia.org/wiki/Colobopsis_explodens;;
Colliuris;;https://ru.wikipedia.org/wiki/Colliuris;;//upload.wikimedia.org/wikipedia/commons/thumb/2/28/Colliuris_pensylvanica_%28Linnaeus%29_portrait.jpg/220px-Colliuris_pensylvanica_%28Linnaeus%29_portrait.jpg
Colobopsis;;https://ru.wikipedia.org/wiki/Colobopsis;;//upload.wikimedia.org/wikipedia/commons/thumb/b/b2/Camponotus_etiolatus_casent0104766_head_1.jpg/275px-Camponotus_etiolatus_casent0104766_head_1.jpg
Colobopterus;;https://ru.wikipedia.org/wiki/Colobopterus;;//upload.wikimedia.org/wikipedia/commons/thumb/2/24/Aphodius_erraticus.png/275px-Aphodius_erraticus.png
Colobopsis schmitzi;;https://ru.wikipedia.org/wiki/Colobopsis_schmitzi;;//upload.wikimedia.org/wikipedia/commons/thumb/9/97/Camponotus_schmitzi.png/275px-Camponotus_schmitzi.png
Coloninae;;https://ru.wikipedia.org/wiki/Coloninae;;//upload.wikimedia.org/wikipedia/commons/thumb/3/3e/Colon_brunneum_%28Latreille%2C_1807%29_male_%283847991937%29.jpg/275px-Colon_brunneum_%28Latreille%2C_1807%29_male_%283847991937%29.jpg
Coloradia;;https://ru.wikipedia.org/wiki/Coloradia;;//upload.wikimedia.org/wikipedia/commons/thumb/4/40/Coloradia_pandora_adult_female.jpg/275px-Coloradia_pandora_adult_female.jpg
Colotis;;https://ru.wikipedia.org/wiki/Colotis;;//upload.wikimedia.org/wikipedia/commons/thumb/a/a3/Smoky_orange_tip_%28Colotis_euippe_omphale%29_male.jpg/275px-Smoky_orange_tip_%28Colotis_euippe_omphale%29_male.jpg
Compteromesa;;https://ru.wikipedia.org/wiki/Compteromesa;;
Colydium;;https://ru.wikipedia.org/wiki/Colydium;;//upload.wikimedia.org/wikipedia/commons/c/c4/Colydium.filiforme.-.calwer.14.31.jpg
Colymbetinae;;https://ru.wikipedia.org/wiki/Colymbetinae;;//upload.wikimedia.org/wikipedia/commons/thumb/d/de/Colymbetes_fuscus01.jpg/275px-Colymbetes_fuscus01.jpg
Conganteon;;https://ru.wikipedia.org/wiki/Conganteon;;
Coniocleonus nigrosuturatus;;https://ru.wikipedia.org/wiki/Coniocleonus_nigrosuturatus;;//upload.wikimedia.org/wikipedia/commons/thumb/3/3f/Coniocleonus_nigrosuturatus_bl.jpg/275px-Coniocleonus_nigrosuturatus_bl.jpg
Coniocleonus;;https://ru.wikipedia.org/wiki/Coniocleonus;;//upload.wikimedia.org/wikipedia/commons/thumb/4/4d/Coniocleonus_nigrosuturatus_side.jpg/275px-Coniocleonus_nigrosuturatus_side.jpg
Conorhynchus;;https://ru.wikipedia.org/wiki/Conorhynchus;;//upload.wikimedia.org/wikipedia/commons/thumb/1/19/Conorhynchus_pistor_imago.jpg/275px-Conorhynchus_pistor_imago.jpg
Copidapha;;https://ru.wikipedia.org/wiki/Copidapha;;//upload.wikimedia.org/wikipedia/commons/thumb/3/3f/Copidapha_rufonigra.jpg/275px-Copidapha_rufonigra.jpg
Coptopsyllidae;;https://ru.wikipedia.org/wiki/Coptopsyllidae;;
Coptops aedificator;;https://ru.wikipedia.org/wiki/Coptops_aedificator;;//upload.wikimedia.org/wikipedia/commons/thumb/f/fc/Longhorn_beetle_Cerambycinae2.jpg/275px-Longhorn_beetle_Cerambycinae2.jpg
Coptotermes;;https://ru.wikipedia.org/wiki/Coptotermes;;//upload.wikimedia.org/wikipedia/commons/thumb/d/d3/Coptotermes_formosanus_shiraki_USGov_k8204-7.jpg/266px-Coptotermes_formosanus_shiraki_USGov_k8204-7.jpg
Coptotermocola clavicornis;;https://ru.wikipedia.org/wiki/Coptotermocola_clavicornis;;//upload.wikimedia.org/wikipedia/commons/thumb/a/ae/Coptotermocola_clavicornis_habitus.jpg/275px-Coptotermocola_clavicornis_habitus.jpg
Coptotomus;;https://ru.wikipedia.org/wiki/Coptotomus;;//upload.wikimedia.org/wikipedia/commons/thumb/a/af/Coptotomus_interrogatus.png/275px-Coptotomus_interrogatus.png
Coptotermes formosanus;;https://ru.wikipedia.org/wiki/Coptotermes_formosanus;;//upload.wikimedia.org/wikipedia/commons/thumb/d/d3/Coptotermes_formosanus_shiraki_USGov_k8204-7.jpg/266px-Coptotermes_formosanus_shiraki_USGov_k8204-7.jpg
Coptops leucostictica;;https://ru.wikipedia.org/wiki/Coptops_leucostictica;;//upload.wikimedia.org/wikipedia/commons/thumb/e/ee/Coptops_leucostictica_%2816045125148%29.jpg/275px-Coptops_leucostictica_%2816045125148%29.jpg
Coraebus;;https://ru.wikipedia.org/wiki/Coraebus;;//upload.wikimedia.org/wikipedia/commons/thumb/d/d7/Coraebus_florentinus01.jpg/275px-Coraebus_florentinus01.jpg
Coraebus elatus;;https://ru.wikipedia.org/wiki/Coraebus_elatus;;//upload.wikimedia.org/wikipedia/commons/a/a2/Coraebus_elatus.jpg
Coremacera;;https://ru.wikipedia.org/wiki/Coremacera;;//upload.wikimedia.org/wikipedia/commons/thumb/8/8d/Coremacera_marginata_03.JPG/275px-Coremacera_marginata_03.JPG
Cordilura kosterini;;https://ru.wikipedia.org/wiki/Cordilura_kosterini;;
Cordulephyidae;;https://ru.wikipedia.org/wiki/Cordulephyidae;;//upload.wikimedia.org/wikipedia/commons/thumb/f/fa/COMMON_SHUTWING.gif/275px-COMMON_SHUTWING.gif
Cordulegaster heros;;https://ru.wikipedia.org/wiki/Cordulegaster_heros;;//upload.wikimedia.org/wikipedia/commons/thumb/4/47/Cordulegaster_heros-4409ep.jpg/275px-Cordulegaster_heros-4409ep.jpg
Coremacera marginata;;https://ru.wikipedia.org/wiki/Coremacera_marginata;;//upload.wikimedia.org/wikipedia/commons/thumb/8/8d/Coremacera_marginata_03.JPG/275px-Coremacera_marginata_03.JPG
Cornumutila;;https://ru.wikipedia.org/wiki/Cornumutila;;
Corioxenidae;;https://ru.wikipedia.org/wiki/Corioxenidae;;//upload.wikimedia.org/wikipedia/commons/thumb/7/72/Triozocera_mexicana.jpg/275px-Triozocera_mexicana.jpg
Cornumutila quadrivittata;;https://ru.wikipedia.org/wiki/Cornumutila_quadrivittata;;
Corethrella;;https://ru.wikipedia.org/wiki/Corethrella;;//upload.wikimedia.org/wikipedia/commons/thumb/0/00/Corethrella_wing_veins.svg/275px-Corethrella_wing_veins.svg.png
Corrodopsylla;;https://ru.wikipedia.org/wiki/Corrodopsylla;;//upload.wikimedia.org/wikipedia/commons/thumb/3/3b/Corrodopsylla_curvata.jpg/275px-Corrodopsylla_curvata.jpg
Corsyra fusula;;https://ru.wikipedia.org/wiki/Corsyra_fusula;;//upload.wikimedia.org/wikipedia/commons/thumb/a/ab/Corsyra_fusula_Jacobson.png/195px-Corsyra_fusula_Jacobson.png
Cortodera;;https://ru.wikipedia.org/wiki/Cortodera;;//upload.wikimedia.org/wikipedia/commons/thumb/e/eb/Cortodera_humeralis_2.jpg/275px-Cortodera_humeralis_2.jpg
Cortodera pumila;;https://ru.wikipedia.org/wiki/Cortodera_pumila;;
Cortodera kokpektensis;;https://ru.wikipedia.org/wiki/Cortodera_kokpektensis;;
Cortodera kochi;;https://ru.wikipedia.org/wiki/Cortodera_kochi;;
Coryphagrion grandis;;https://ru.wikipedia.org/wiki/Coryphagrion_grandis;;
Corymbitodes;;https://ru.wikipedia.org/wiki/Corymbitodes;;
Coryphium;;https://ru.wikipedia.org/wiki/Coryphium;;//upload.wikimedia.org/wikipedia/commons/thumb/8/8d/Coryphium_angusticolle_Jacobson.png/192px-Coryphium_angusticolle_Jacobson.png
Cosmocomoidea ashmeadi;;https://ru.wikipedia.org/wiki/Cosmocomoidea_ashmeadi;;
Coscinocera;;https://ru.wikipedia.org/wiki/Coscinocera;;//upload.wikimedia.org/wikipedia/commons/thumb/7/7b/Coscinocera_hercules_female_from_Arfak.jpg/275px-Coscinocera_hercules_female_from_Arfak.jpg
Cosmocomoidea;;https://ru.wikipedia.org/wiki/Cosmocomoidea;;
Cosmocomopsis;;https://ru.wikipedia.org/wiki/Cosmocomopsis;;
Cosmocomoidea kikimora;;https://ru.wikipedia.org/wiki/Cosmocomoidea_kikimora;;
Cossyphodes;;https://ru.wikipedia.org/wiki/Cossyphodes;;
Cosmophorini;;https://ru.wikipedia.org/wiki/Cosmophorini;;
Cossyphus;;https://ru.wikipedia.org/wiki/Cossyphus;;//upload.wikimedia.org/wikipedia/commons/5/50/Cossyphus.hoffmannseggii.-.calwer.46.32.jpg
Cossyphini;;https://ru.wikipedia.org/wiki/Cossyphini;;//upload.wikimedia.org/wikipedia/commons/thumb/8/8a/%D0%9A%D0%BE%D1%81%D1%81%D0%B8%D1%84%D1%83%D1%81_%D0%BA%D1%80%D1%8B%D0%BC%D1%81%D0%BA%D0%B8%D0%B9_-_Cossyphus_tauricus_%2830413168896%29.jpg/275px-%D0%9A%D0%BE%D1%81%D1%81%D0%B8%D1%84%D1%83%D1%81_%D0%BA%D1%80%D1%8B%D0%BC%D1%81%D0%BA%D0%B8%D0%B9_-_Cossyphus_tauricus_%2830413168896%29.jpg
Cossyphodinus;;https://ru.wikipedia.org/wiki/Cossyphodinus;;
Crambus hamellus;;https://ru.wikipedia.org/wiki/Crambus_hamellus;;//upload.wikimedia.org/wikipedia/commons/thumb/9/95/63.087_BF1299_Crambus_hamella_%283130676161%29.jpg/275px-63.087_BF1299_Crambus_hamella_%283130676161%29.jpg
Crambus alienellus;;https://ru.wikipedia.org/wiki/Crambus_alienellus;;//upload.wikimedia.org/wikipedia/commons/thumb/1/11/Crambus.alienellus.mounted.jpg/275px-Crambus.alienellus.mounted.jpg
Crambus alexandrus;;https://ru.wikipedia.org/wiki/Crambus_alexandrus;;
Crambus;;https://ru.wikipedia.org/wiki/Crambus;;//upload.wikimedia.org/wikipedia/commons/thumb/e/ee/Crambus.nemorellus.mounted.jpg/275px-Crambus.nemorellus.mounted.jpg
Crambus isshiki;;https://ru.wikipedia.org/wiki/Crambus_isshiki;;
Crambus sibiricus;;https://ru.wikipedia.org/wiki/Crambus_sibiricus;;
Crambus perlella;;https://ru.wikipedia.org/wiki/Crambus_perlella;;//upload.wikimedia.org/wikipedia/commons/thumb/4/42/Crambus.perlella8.-.lindsey.jpg/275px-Crambus.perlella8.-.lindsey.jpg
Crambus humidellus;;https://ru.wikipedia.org/wiki/Crambus_humidellus;;
Crambus pseudargyrophorus;;https://ru.wikipedia.org/wiki/Crambus_pseudargyrophorus;;
Crambus silvella;;https://ru.wikipedia.org/wiki/Crambus_silvella;;//upload.wikimedia.org/wikipedia/commons/thumb/c/c8/Crambus.silvellus.mounted.jpg/275px-Crambus.silvellus.mounted.jpg
Crambus lathoniellus;;https://ru.wikipedia.org/wiki/Crambus_lathoniellus;;//upload.wikimedia.org/wikipedia/commons/thumb/8/8b/Crambus.lathoniellus.7187.jpg/275px-Crambus.lathoniellus.7187.jpg
Crambus pascuella;;https://ru.wikipedia.org/wiki/Crambus_pascuella;;//upload.wikimedia.org/wikipedia/commons/thumb/f/fa/Crambus.pascuella.7563.jpg/275px-Crambus.pascuella.7563.jpg
Craspedonotus;;https://ru.wikipedia.org/wiki/Craspedonotus;;
Craspeda;;https://ru.wikipedia.org/wiki/Craspeda;;//upload.wikimedia.org/wikipedia/commons/thumb/5/55/Chrysomelinae_in_Oroso%2C_Galicia_%28Spain%29.jpg/275px-Chrysomelinae_in_Oroso%2C_Galicia_%28Spain%29.jpg
Cratoenigma articulata;;https://ru.wikipedia.org/wiki/Cratoenigma_articulata;;
Craticulina seriata;;https://ru.wikipedia.org/wiki/Craticulina_seriata;;//upload.wikimedia.org/wikipedia/commons/thumb/9/94/Craticulina_sp.jpg/275px-Craticulina_sp.jpg
Crataerina;;https://ru.wikipedia.org/wiki/Crataerina;;//upload.wikimedia.org/wikipedia/commons/thumb/7/7f/CrataerhinaPallida.jpg/275px-CrataerhinaPallida.jpg
Crematogaster butteli;;https://ru.wikipedia.org/wiki/Crematogaster_butteli;;
Crematogaster aurita;;https://ru.wikipedia.org/wiki/Crematogaster_aurita;;
Crematogaster cerasi;;https://ru.wikipedia.org/wiki/Crematogaster_cerasi;;//upload.wikimedia.org/wikipedia/commons/thumb/5/51/Crematogaster_cerasi_casent0103776_head_1.jpg/275px-Crematogaster_cerasi_casent0103776_head_1.jpg
Crematogaster bogojawlenskii;;https://ru.wikipedia.org/wiki/Crematogaster_bogojawlenskii;;
Crematogaster;;https://ru.wikipedia.org/wiki/Crematogaster;;//upload.wikimedia.org/wikipedia/commons/thumb/1/15/Crematogaster_hespera_casent0005669_profile_1.jpg/275px-Crematogaster_hespera_casent0005669_profile_1.jpg
Crematogaster aberrans;;https://ru.wikipedia.org/wiki/Crematogaster_aberrans;;//upload.wikimedia.org/wikipedia/commons/thumb/4/45/Crematogaster_aberrans.jpg/275px-Crematogaster_aberrans.jpg
Crematogaster abstinens;;https://ru.wikipedia.org/wiki/Crematogaster_abstinens;;//upload.wikimedia.org/wikipedia/commons/thumb/d/d8/Crematogaster_abstinens_casent0603551_profile_1.jpg/275px-Crematogaster_abstinens_casent0603551_profile_1.jpg
Crematogaster atkinsoni;;https://ru.wikipedia.org/wiki/Crematogaster_atkinsoni;;//upload.wikimedia.org/wikipedia/commons/thumb/0/03/Crematogaster_atkinsoni_casent0103770_head_2.jpg/275px-Crematogaster_atkinsoni_casent0103770_head_2.jpg
Crematogaster auberti;;https://ru.wikipedia.org/wiki/Crematogaster_auberti;;
Crematogaster mucronata;;https://ru.wikipedia.org/wiki/Crematogaster_mucronata;;
Crematogaster imperfecta;;https://ru.wikipedia.org/wiki/Crematogaster_imperfecta;;
Crematogaster pygmaea;;https://ru.wikipedia.org/wiki/Crematogaster_pygmaea;;
Crematogaster daisyi;;https://ru.wikipedia.org/wiki/Crematogaster_daisyi;;
Crematogaster laeviuscula;;https://ru.wikipedia.org/wiki/Crematogaster_laeviuscula;;//upload.wikimedia.org/wikipedia/commons/thumb/b/b1/Crematogaster_laeviuscula_casent0104828_head_1.jpg/275px-Crematogaster_laeviuscula_casent0104828_head_1.jpg
Crematogaster hashimi;;https://ru.wikipedia.org/wiki/Crematogaster_hashimi;;//upload.wikimedia.org/wikipedia/commons/thumb/4/45/Crematogaster_cerasi_casent0103776_profile_1.jpg/275px-Crematogaster_cerasi_casent0103776_profile_1.jpg
Crematogaster dalyi;;https://ru.wikipedia.org/wiki/Crematogaster_dalyi;;
Crematogaster pia;;https://ru.wikipedia.org/wiki/Crematogaster_pia;;
Crematogaster inflata;;https://ru.wikipedia.org/wiki/Crematogaster_inflata;;
Crematogaster ebenina;;https://ru.wikipedia.org/wiki/Crematogaster_ebenina;;
Crematogaster tanakai;;https://ru.wikipedia.org/wiki/Crematogaster_tanakai;;
Crematogaster smithi;;https://ru.wikipedia.org/wiki/Crematogaster_smithi;;//upload.wikimedia.org/wikipedia/commons/thumb/f/f2/Crematogaster_minutissima_smithi_casent0102833_profile_1.jpg/275px-Crematogaster_minutissima_smithi_casent0102833_profile_1.jpg
Crematogaster sikkimensis;;https://ru.wikipedia.org/wiki/Crematogaster_sikkimensis;;
Crematogaster sisa;;https://ru.wikipedia.org/wiki/Crematogaster_sisa;;
Crematogaster schmidti;;https://ru.wikipedia.org/wiki/Crematogaster_schmidti;;//upload.wikimedia.org/wikipedia/commons/thumb/a/a8/Crematogaster_schmidti_casent0080810_profile_1.jpg/275px-Crematogaster_schmidti_casent0080810_profile_1.jpg
Crematogaster sorokini;;https://ru.wikipedia.org/wiki/Crematogaster_sorokini;;
Crematogaster rogenhoferi;;https://ru.wikipedia.org/wiki/Crematogaster_rogenhoferi;;//upload.wikimedia.org/wikipedia/commons/thumb/2/2d/Crematogaster-rogenhoferi-rock.jpg/275px-Crematogaster-rogenhoferi-rock.jpg
Crematogaster scutellaris;;https://ru.wikipedia.org/wiki/Crematogaster_scutellaris;;//upload.wikimedia.org/wikipedia/commons/thumb/3/31/Formicidae_-_Crematogaster_scutellaris.JPG/275px-Formicidae_-_Crematogaster_scutellaris.JPG
Creobroter;;https://ru.wikipedia.org/wiki/Creobroter;;//upload.wikimedia.org/wikipedia/commons/thumb/1/1d/Mantis_wynaad.jpg/207px-Mantis_wynaad.jpg
Creobroter meleagris;;https://ru.wikipedia.org/wiki/Creobroter_meleagris;;//upload.wikimedia.org/wikipedia/commons/thumb/b/bf/Creobroter_meleagris_Stal%2C_1877._%284224796499%29.jpg/275px-Creobroter_meleagris_Stal%2C_1877._%284224796499%29.jpg
Crematogaster vermiculata;;https://ru.wikipedia.org/wiki/Crematogaster_vermiculata;;//upload.wikimedia.org/wikipedia/commons/thumb/0/0c/Crematogaster_vermiculata_casent0103810_head_1.jpg/275px-Crematogaster_vermiculata_casent0103810_head_1.jpg
Creoleon;;https://ru.wikipedia.org/wiki/Creoleon;;//upload.wikimedia.org/wikipedia/commons/thumb/7/7c/Creoleon_diana00.jpg/275px-Creoleon_diana00.jpg
Cremnops;;https://ru.wikipedia.org/wiki/Cremnops;;//upload.wikimedia.org/wikipedia/commons/thumb/4/48/Cremnops.jpg/275px-Cremnops.jpg
Cremnoptoides;;https://ru.wikipedia.org/wiki/Cremnoptoides;;//upload.wikimedia.org/wikipedia/commons/thumb/e/ea/Cremnoptoides.jpg/275px-Cremnoptoides.jpg
Crematogaster vacca;;https://ru.wikipedia.org/wiki/Crematogaster_vacca;;
Crematogastrini;;https://ru.wikipedia.org/wiki/Crematogastrini;;//upload.wikimedia.org/wikipedia/commons/thumb/b/b8/Crematogaster_chodati_casent0173932_profile_1.jpg/275px-Crematogaster_chodati_casent0173932_profile_1.jpg
Crematogaster yamanei;;https://ru.wikipedia.org/wiki/Crematogaster_yamanei;;
Crematogaster tumidula;;https://ru.wikipedia.org/wiki/Crematogaster_tumidula;;
Creophilus;;https://ru.wikipedia.org/wiki/Creophilus;;//upload.wikimedia.org/wikipedia/commons/9/99/Creophilus.maxillosus.-.calwer.11.25.jpg
Creoleon plumbeus;;https://ru.wikipedia.org/wiki/Creoleon_plumbeus;;
Cretevania;;https://ru.wikipedia.org/wiki/Cretevania;;
Cretotetracha grandis;;https://ru.wikipedia.org/wiki/Cretotetracha_grandis;;
Crinopteryx familiella;;https://ru.wikipedia.org/wiki/Crinopteryx_familiella;;
Crioceris bicruciata;;https://ru.wikipedia.org/wiki/Crioceris_bicruciata;;
Crossotini;;https://ru.wikipedia.org/wiki/Crossotini;;//upload.wikimedia.org/wikipedia/commons/thumb/8/80/Crossotus_stypticus_stypticus_Pascoe%2C_1869_%283953207435%29_%282%29.jpg/275px-Crossotus_stypticus_stypticus_Pascoe%2C_1869_%283953207435%29_%282%29.jpg
Crovettia;;https://ru.wikipedia.org/wiki/Crovettia;;
Cryphaeus;;https://ru.wikipedia.org/wiki/Cryphaeus;;
Cryophila lapponica;;https://ru.wikipedia.org/wiki/Cryophila_lapponica;;
Crypticini;;https://ru.wikipedia.org/wiki/Crypticini;;
Crypticus;;https://ru.wikipedia.org/wiki/Crypticus;;//upload.wikimedia.org/wikipedia/commons/thumb/0/0e/Crypticus_navicularis_navicularis_Brull%C3%A9%2C_1838_%2811996100244%29.png/275px-Crypticus_navicularis_navicularis_Brull%C3%A9%2C_1838_%2811996100244%29.png
Cryptinae;;https://ru.wikipedia.org/wiki/Cryptinae;;//upload.wikimedia.org/wikipedia/commons/thumb/9/9c/Crryptinae.jpg/275px-Crryptinae.jpg
Cryptoholcocerus mongolicus;;https://ru.wikipedia.org/wiki/Cryptoholcocerus_mongolicus;;
Cryptochetidae;;https://ru.wikipedia.org/wiki/Cryptochetidae;;//upload.wikimedia.org/wikipedia/commons/thumb/2/2d/Cryptochetidae_wing_veins.svg/275px-Cryptochetidae_wing_veins.svg.png
Cryptoses choloepi;;https://ru.wikipedia.org/wiki/Cryptoses_choloepi;;
Cryptorhynchinae;;https://ru.wikipedia.org/wiki/Cryptorhynchinae;;//upload.wikimedia.org/wikipedia/commons/thumb/4/45/Trigonopterus_vandekampi.jpg/275px-Trigonopterus_vandekampi.jpg
Cryptophilinae;;https://ru.wikipedia.org/wiki/Cryptophilinae;;//upload.wikimedia.org/wikipedia/commons/thumb/e/eb/Acropteroxys_gracilis_5083034.jpg/275px-Acropteroxys_gracilis_5083034.jpg
Ctenophilothis;;https://ru.wikipedia.org/wiki/Ctenophilothis;;
Ctenocephalides;;https://ru.wikipedia.org/wiki/Ctenocephalides;;//upload.wikimedia.org/wikipedia/commons/thumb/8/88/Ctenocephalides-canis.jpg/275px-Ctenocephalides-canis.jpg
Ctenurellina paludosa;;https://ru.wikipedia.org/wiki/Ctenurellina_paludosa;;
Ctenophthalmus;;https://ru.wikipedia.org/wiki/Ctenophthalmus;;
Ctenoscelis ater;;https://ru.wikipedia.org/wiki/Ctenoscelis_ater;;
Culicomorpha;;https://ru.wikipedia.org/wiki/Culicomorpha;;//upload.wikimedia.org/wikipedia/commons/thumb/3/32/Armigeres_%2831179729700%29.jpg/275px-Armigeres_%2831179729700%29.jpg
Cullumanobombus;;https://ru.wikipedia.org/wiki/Cullumanobombus;;//upload.wikimedia.org/wikipedia/commons/thumb/c/cd/Bombus_griseocollis%2C_M%2C_face%2C_Philidelphia%2C_PA_2013-01-02-14.00.54_ZS_PMax_%288350834696%29.jpg/275px-Bombus_griseocollis%2C_M%2C_face%2C_Philidelphia%2C_PA_2013-01-02-14.00.54_ZS_PMax_%288350834696%29.jpg
Curculionites;;https://ru.wikipedia.org/wiki/Curculionites;;//upload.wikimedia.org/wikipedia/commons/thumb/a/a4/Circulionidae_Green_River_Fm.jpg/275px-Circulionidae_Green_River_Fm.jpg
Curtonotus;;https://ru.wikipedia.org/wiki/Curtonotus;;//upload.wikimedia.org/wikipedia/commons/thumb/b/ba/Amara_aulica01.jpg/275px-Amara_aulica01.jpg
Curtonotidae;;https://ru.wikipedia.org/wiki/Curtonotidae;;//upload.wikimedia.org/wikipedia/commons/thumb/e/e2/Curtonotum_simile_-_2017-03-07.jpg/275px-Curtonotum_simile_-_2017-03-07.jpg
Cychrus;;https://ru.wikipedia.org/wiki/Cychrus;;//upload.wikimedia.org/wikipedia/commons/thumb/0/0d/Cychrus_caraboides.jpg/254px-Cychrus_caraboides.jpg
Cycloderes;;https://ru.wikipedia.org/wiki/Cycloderes;;//upload.wikimedia.org/wikipedia/commons/d/d3/Cycloderes.pilosus.-.calwer.31.03.jpg
Cyclominae;;https://ru.wikipedia.org/wiki/Cyclominae;;//upload.wikimedia.org/wikipedia/commons/thumb/e/e5/Gromilus_insularis_antipodarum.jpg/173px-Gromilus_insularis_antipodarum.jpg
Cylindera obliquefasciata;;https://ru.wikipedia.org/wiki/Cylindera_obliquefasciata;;
Cylindera mongolica;;https://ru.wikipedia.org/wiki/Cylindera_mongolica;;
Cylindera;;https://ru.wikipedia.org/wiki/Cylindera;;//upload.wikimedia.org/wikipedia/commons/thumb/b/b8/Cicindela_arenaria_viennensis_bl.jpg/275px-Cicindela_arenaria_viennensis_bl.jpg
Cylindera gracilis;;https://ru.wikipedia.org/wiki/Cylindera_gracilis;;//upload.wikimedia.org/wikipedia/commons/thumb/e/e7/Cylindera_gracilis.jpg/275px-Cylindera_gracilis.jpg
Cydia (насекомые);;https://ru.wikipedia.org/wiki/Cydia_(%D0%BD%D0%B0%D1%81%D0%B5%D0%BA%D0%BE%D0%BC%D1%8B%D0%B5);;//upload.wikimedia.org/wikipedia/commons/thumb/e/eb/Cydia.pomonella.7453.jpg/275px-Cydia.pomonella.7453.jpg
Cylindera elisae;;https://ru.wikipedia.org/wiki/Cylindera_elisae;;//upload.wikimedia.org/wikipedia/commons/thumb/8/89/Cicindela.elisae.1.opencage.jpg/275px-Cicindela.elisae.1.opencage.jpg
Cylindromyia pilipes;;https://ru.wikipedia.org/wiki/Cylindromyia_pilipes;;
Cylindromyia brassicaria;;https://ru.wikipedia.org/wiki/Cylindromyia_brassicaria;;//upload.wikimedia.org/wikipedia/commons/thumb/5/54/Cylindromyia_brassicaria.JPG/275px-Cylindromyia_brassicaria.JPG
Cylindromyia euchenor;;https://ru.wikipedia.org/wiki/Cylindromyia_euchenor;;//upload.wikimedia.org/wikipedia/commons/thumb/4/4d/Cylindromyia_euchenor.jpg/275px-Cylindromyia_euchenor.jpg
Cylindromyia intermedia;;https://ru.wikipedia.org/wiki/Cylindromyia_intermedia;;//upload.wikimedia.org/wikipedia/commons/thumb/7/7d/Cylindromyia_intermedia_01.JPG/275px-Cylindromyia_intermedia_01.JPG
Cylindromorphus;;https://ru.wikipedia.org/wiki/Cylindromorphus;;
Cylindromyrmex;;https://ru.wikipedia.org/wiki/Cylindromyrmex;;//upload.wikimedia.org/wikipedia/commons/thumb/1/1c/Cylindromyrmex_whymperi_casent0173212_profile_1.jpg/275px-Cylindromyrmex_whymperi_casent0173212_profile_1.jpg
Cylindromyia;;https://ru.wikipedia.org/wiki/Cylindromyia;;//upload.wikimedia.org/wikipedia/commons/thumb/7/7b/Tachinidae_-_Cylindromyia_interrupta_.JPG/275px-Tachinidae_-_Cylindromyia_interrupta_.JPG
Cylindromyrmex longiceps;;https://ru.wikipedia.org/wiki/Cylindromyrmex_longiceps;;
Cylindromyrmex whymperi;;https://ru.wikipedia.org/wiki/Cylindromyrmex_whymperi;;//upload.wikimedia.org/wikipedia/commons/thumb/1/1c/Cylindromyrmex_whymperi_casent0173212_profile_1.jpg/275px-Cylindromyrmex_whymperi_casent0173212_profile_1.jpg
Cylindromyrmex brasiliensis;;https://ru.wikipedia.org/wiki/Cylindromyrmex_brasiliensis;;//upload.wikimedia.org/wikipedia/commons/thumb/e/e9/Cylindromyrmex_brasiliensis_casent0173502_head_1.jpg/275px-Cylindromyrmex_brasiliensis_casent0173502_head_1.jpg
Cylindromyrmex meinerti;;https://ru.wikipedia.org/wiki/Cylindromyrmex_meinerti;;//upload.wikimedia.org/wikipedia/commons/thumb/8/8d/Cylindromyrmex_meinerti_casent0010788_profile_1.jpg/275px-Cylindromyrmex_meinerti_casent0010788_profile_1.jpg
Cylindromyrmex godmani;;https://ru.wikipedia.org/wiki/Cylindromyrmex_godmani;;
Cylindromyrmex boliviae;;https://ru.wikipedia.org/wiki/Cylindromyrmex_boliviae;;//upload.wikimedia.org/wikipedia/commons/thumb/3/34/Cylindromyrmex_boliviae_casent0178663_head_1.jpg/275px-Cylindromyrmex_boliviae_casent0178663_head_1.jpg
Cylindromyrmex darlingtoni;;https://ru.wikipedia.org/wiki/Cylindromyrmex_darlingtoni;;
Cylindromyrmex striatus;;https://ru.wikipedia.org/wiki/Cylindromyrmex_striatus;;//upload.wikimedia.org/wikipedia/commons/thumb/e/ec/Cylindromyrmex_striatus_casent0106074_profile_1.jpg/275px-Cylindromyrmex_striatus_casent0106074_profile_1.jpg
Cylindromyrmex brevitarsus;;https://ru.wikipedia.org/wiki/Cylindromyrmex_brevitarsus;;
Cyllodes ater;;https://ru.wikipedia.org/wiki/Cyllodes_ater;;//upload.wikimedia.org/wikipedia/commons/thumb/5/5b/Cyllodes_ater_01.JPG/275px-Cyllodes_ater_01.JPG
Cynegetis;;https://ru.wikipedia.org/wiki/Cynegetis;;//upload.wikimedia.org/wikipedia/commons/thumb/0/01/Cynegetis.impunctata.jacobs25.jpg/275px-Cynegetis.impunctata.jacobs25.jpg
Cylletron;;https://ru.wikipedia.org/wiki/Cylletron;;
Cyphocleonus;;https://ru.wikipedia.org/wiki/Cyphocleonus;;//upload.wikimedia.org/wikipedia/commons/thumb/b/b7/Cyphocleonus_achates.jpg/275px-Cyphocleonus_achates.jpg
Cyphon padi;;https://ru.wikipedia.org/wiki/Cyphon_padi;;//upload.wikimedia.org/wikipedia/commons/thumb/e/e5/Cyphon.padi.jpg/275px-Cyphon.padi.jpg
Cyphomyrmex;;https://ru.wikipedia.org/wiki/Cyphomyrmex;;//upload.wikimedia.org/wikipedia/commons/thumb/d/d1/Cyphomyrmex_cornutus_casent0052778_profile_1.jpg/275px-Cyphomyrmex_cornutus_casent0052778_profile_1.jpg
Cyphosoma;;https://ru.wikipedia.org/wiki/Cyphosoma;;
Cyphocleonus achates;;https://ru.wikipedia.org/wiki/Cyphocleonus_achates;;//upload.wikimedia.org/wikipedia/commons/thumb/b/b7/Cyphocleonus_achates.jpg/275px-Cyphocleonus_achates.jpg
Cyphicerini;;https://ru.wikipedia.org/wiki/Cyphicerini;;//upload.wikimedia.org/wikipedia/commons/thumb/4/46/Cyrtepistomus_castaneus_Kaldari.jpg/275px-Cyrtepistomus_castaneus_Kaldari.jpg
Cyphogenia;;https://ru.wikipedia.org/wiki/Cyphogenia;;
Cypriacis;;https://ru.wikipedia.org/wiki/Cypriacis;;//upload.wikimedia.org/wikipedia/commons/thumb/b/bd/Cypriacisaurulenta.jpg/275px-Cypriacisaurulenta.jpg
Cyphostethe;;https://ru.wikipedia.org/wiki/Cyphostethe;;
Cyriopalus wallacei;;https://ru.wikipedia.org/wiki/Cyriopalus_wallacei;;//upload.wikimedia.org/wikipedia/commons/thumb/9/98/Cyriopalus_wallacei_Edited.jpg/275px-Cyriopalus_wallacei_Edited.jpg
Cyrtacanthacris;;https://ru.wikipedia.org/wiki/Cyrtacanthacris;;//upload.wikimedia.org/wikipedia/commons/thumb/9/95/Cyrtacanthacris_aeruginosa_male.jpg/275px-Cyrtacanthacris_aeruginosa_male.jpg
Cyrtacanthacridinae;;https://ru.wikipedia.org/wiki/Cyrtacanthacridinae;;//upload.wikimedia.org/wikipedia/commons/thumb/3/37/Garden_locust_%28Acanthacris_ruficornis%29.jpg/275px-Garden_locust_%28Acanthacris_ruficornis%29.jpg
Cyrtotrachelus;;https://ru.wikipedia.org/wiki/Cyrtotrachelus;;//upload.wikimedia.org/wikipedia/commons/thumb/c/c3/Curculionidae_-_Cyrtotrachelus_dux.jpg/275px-Curculionidae_-_Cyrtotrachelus_dux.jpg
