Dacatria templaris;;https://ru.wikipedia.org/wiki/Dacatria_templaris;;//upload.wikimedia.org/wikipedia/commons/thumb/b/b6/Dacatria_templaris_casent0103119_profile_1.jpg/275px-Dacatria_templaris_casent0103119_profile_1.jpg
Dactylopius;;https://ru.wikipedia.org/wiki/Dactylopius;;//upload.wikimedia.org/wikipedia/commons/thumb/a/a8/Cochineal_drawing.jpg/275px-Cochineal_drawing.jpg
Dacetini;;https://ru.wikipedia.org/wiki/Dacetini;;//upload.wikimedia.org/wikipedia/commons/thumb/8/8a/Strumigenys_longispinosa_inbiocri001283440_label_1.jpg/275px-Strumigenys_longispinosa_inbiocri001283440_label_1.jpg
Daceton armigerum;;https://ru.wikipedia.org/wiki/Daceton_armigerum;;//upload.wikimedia.org/wikipedia/commons/thumb/8/81/Daceton_armigerum_casent0178489_dorsal_1.jpg/275px-Daceton_armigerum_casent0178489_dorsal_1.jpg
Dailognatha;;https://ru.wikipedia.org/wiki/Dailognatha;;
Dalceridae;;https://ru.wikipedia.org/wiki/Dalceridae;;//upload.wikimedia.org/wikipedia/commons/thumb/b/b6/Acraga_moorei_%287420640470%29.jpg/275px-Acraga_moorei_%287420640470%29.jpg
Dalopius;;https://ru.wikipedia.org/wiki/Dalopius;;//upload.wikimedia.org/wikipedia/commons/thumb/7/70/Dalopius_marginatus_bl.JPG/275px-Dalopius_marginatus_bl.JPG
Daohugoa longa;;https://ru.wikipedia.org/wiki/Daohugoa_longa;;
Daohugoa bella;;https://ru.wikipedia.org/wiki/Daohugoa_bella;;
Daohugoa rasnitsyni;;https://ru.wikipedia.org/wiki/Daohugoa_rasnitsyni;;
Daohugoa;;https://ru.wikipedia.org/wiki/Daohugoa;;
Darwinilus sedarisi;;https://ru.wikipedia.org/wiki/Darwinilus_sedarisi;;//upload.wikimedia.org/wikipedia/commons/thumb/0/0c/Habitus_of_the_holotype_of_Darwinilus_sedarisi_Chatzimanolis_-_ZooKeys-379-029-g001.jpg/171px-Habitus_of_the_holotype_of_Darwinilus_sedarisi_Chatzimanolis_-_ZooKeys-379-029-g001.jpg
Daptus;;https://ru.wikipedia.org/wiki/Daptus;;//upload.wikimedia.org/wikipedia/commons/thumb/4/47/Daptus_pictus_Jacobson.png/213px-Daptus_pictus_Jacobson.png
Dascilloidea;;https://ru.wikipedia.org/wiki/Dascilloidea;;//upload.wikimedia.org/wikipedia/commons/thumb/7/7a/Dascillus_cervinus.jpg/275px-Dascillus_cervinus.jpg
Dasyrhamphis;;https://ru.wikipedia.org/wiki/Dasyrhamphis;;
Dasypogoninae;;https://ru.wikipedia.org/wiki/Dasypogoninae;;//upload.wikimedia.org/wikipedia/commons/thumb/4/40/Schwarze_Habichtsfliege_Dioctria_atricapilla.jpg/266px-Schwarze_Habichtsfliege_Dioctria_atricapilla.jpg
Dasytes niger;;https://ru.wikipedia.org/wiki/Dasytes_niger;;//upload.wikimedia.org/wikipedia/commons/thumb/6/6f/2018_06_04_Dasytes_niger2.jpg/275px-2018_06_04_Dasytes_niger2.jpg
Decachaetophora aeneipes;;https://ru.wikipedia.org/wiki/Decachaetophora_aeneipes;;
Decimiana hebardi;;https://ru.wikipedia.org/wiki/Decimiana_hebardi;;//upload.wikimedia.org/wikipedia/commons/thumb/c/c3/Acanthops_falcataria.jpg/275px-Acanthops_falcataria.jpg
Decimiana rehni;;https://ru.wikipedia.org/wiki/Decimiana_rehni;;//upload.wikimedia.org/wikipedia/commons/thumb/c/c3/Acanthops_falcataria.jpg/275px-Acanthops_falcataria.jpg
Decimiana bolivari;;https://ru.wikipedia.org/wiki/Decimiana_bolivari;;//upload.wikimedia.org/wikipedia/commons/thumb/c/c3/Acanthops_falcataria.jpg/275px-Acanthops_falcataria.jpg
Decimiana;;https://ru.wikipedia.org/wiki/Decimiana;;//upload.wikimedia.org/wikipedia/commons/thumb/9/92/Decimiana_elliptica_holotype%2C_dorsal_habitus_-_ZooKeys-236-055-g001.jpeg/275px-Decimiana_elliptica_holotype%2C_dorsal_habitus_-_ZooKeys-236-055-g001.jpeg
Dayao;;https://ru.wikipedia.org/wiki/Dayao;;//upload.wikimedia.org/wikipedia/commons/thumb/9/90/Male_habitus_of_Dayao_emeiensis_-_ZooKeys-275-023-g001-A.jpeg/208px-Male_habitus_of_Dayao_emeiensis_-_ZooKeys-275-023-g001-A.jpeg
Deinacrida fallai;;https://ru.wikipedia.org/wiki/Deinacrida_fallai;;//upload.wikimedia.org/wikipedia/commons/thumb/3/30/Knights.weta.750pix.jpg/275px-Knights.weta.750pix.jpg
Deinacrida;;https://ru.wikipedia.org/wiki/Deinacrida;;//upload.wikimedia.org/wikipedia/commons/thumb/3/30/Knights.weta.750pix.jpg/275px-Knights.weta.750pix.jpg
Deinacrida heteracantha;;https://ru.wikipedia.org/wiki/Deinacrida_heteracantha;;//upload.wikimedia.org/wikipedia/commons/thumb/c/ce/Wetapunga.jpg/275px-Wetapunga.jpg
Decimiana tessellata;;https://ru.wikipedia.org/wiki/Decimiana_tessellata;;//upload.wikimedia.org/wikipedia/commons/thumb/c/c3/Acanthops_falcataria.jpg/275px-Acanthops_falcataria.jpg
Deilus;;https://ru.wikipedia.org/wiki/Deilus;;//upload.wikimedia.org/wikipedia/commons/thumb/2/25/Deilus_fugax_side.jpg/275px-Deilus_fugax_side.jpg
Deilus fugax;;https://ru.wikipedia.org/wiki/Deilus_fugax;;//upload.wikimedia.org/wikipedia/commons/thumb/2/25/Deilus_fugax_side.jpg/275px-Deilus_fugax_side.jpg
Deilini;;https://ru.wikipedia.org/wiki/Deilini;;//upload.wikimedia.org/wikipedia/commons/thumb/a/a8/Deilus_fugax_%28Olivier%2C_1790%29_%283214660643%29.jpg/275px-Deilus_fugax_%28Olivier%2C_1790%29_%283214660643%29.jpg
Deinodryinus ambrensis;;https://ru.wikipedia.org/wiki/Deinodryinus_ambrensis;;
Deinodryinus benoiti;;https://ru.wikipedia.org/wiki/Deinodryinus_benoiti;;
Delia;;https://ru.wikipedia.org/wiki/Delia;;//upload.wikimedia.org/wikipedia/commons/thumb/7/7a/Delia.cardui.-.lindsey.jpg/275px-Delia.cardui.-.lindsey.jpg
Deinodryinus;;https://ru.wikipedia.org/wiki/Deinodryinus;;//upload.wikimedia.org/wikipedia/commons/thumb/0/0c/ZooKeys-130-495-g002_Deinodryinus_areolatus.jpg/275px-ZooKeys-130-495-g002_Deinodryinus_areolatus.jpg
Delta emarginatum;;https://ru.wikipedia.org/wiki/Delta_emarginatum;;//upload.wikimedia.org/wikipedia/commons/thumb/8/87/Delta_emarginatum_Eumenidae_IMG_3171s.JPG/275px-Delta_emarginatum_Eumenidae_IMG_3171s.JPG
Delosia ornata;;https://ru.wikipedia.org/wiki/Delosia_ornata;;
Delocraniini;;https://ru.wikipedia.org/wiki/Delocraniini;;//upload.wikimedia.org/wikipedia/commons/thumb/1/1e/Delocrania_cossyphoides.jpg/275px-Delocrania_cossyphoides.jpg
Delta esuriens;;https://ru.wikipedia.org/wiki/Delta_esuriens;;//upload.wikimedia.org/wikipedia/commons/thumb/1/18/Delta_esuriens_at_Kadavoor.jpg/275px-Delta_esuriens_at_Kadavoor.jpg
Delta pyriforme;;https://ru.wikipedia.org/wiki/Delta_pyriforme;;//upload.wikimedia.org/wikipedia/commons/thumb/a/a5/Delta_pyriforme_at_Kudayathoor.jpg/275px-Delta_pyriforme_at_Kudayathoor.jpg
Delta (насекомые);;https://ru.wikipedia.org/wiki/Delta_(%D0%BD%D0%B0%D1%81%D0%B5%D0%BA%D0%BE%D0%BC%D1%8B%D0%B5);;//upload.wikimedia.org/wikipedia/commons/thumb/8/88/Delta_unguiculatum_-_01.jpg/275px-Delta_unguiculatum_-_01.jpg
Delta conoideum;;https://ru.wikipedia.org/wiki/Delta_conoideum;;//upload.wikimedia.org/wikipedia/commons/thumb/9/95/Vespidae_-_Delta_conoideum.JPG/275px-Vespidae_-_Delta_conoideum.JPG
Delphastus;;https://ru.wikipedia.org/wiki/Delphastus;;//upload.wikimedia.org/wikipedia/commons/thumb/e/e2/Delphastus_catalinae.jpg/275px-Delphastus_catalinae.jpg
Deltocephalini;;https://ru.wikipedia.org/wiki/Deltocephalini;;//upload.wikimedia.org/wikipedia/commons/thumb/e/e6/Wiesenflohzirpe_Deltocephalus_pulicaris_4361.jpg/272px-Wiesenflohzirpe_Deltocephalus_pulicaris_4361.jpg
Deltochilum valgum;;https://ru.wikipedia.org/wiki/Deltochilum_valgum;;//upload.wikimedia.org/wikipedia/commons/thumb/d/db/Deltochilum_valgum.jpg/275px-Deltochilum_valgum.jpg
Delta unguiculatum;;https://ru.wikipedia.org/wiki/Delta_unguiculatum;;//upload.wikimedia.org/wikipedia/commons/thumb/8/88/Delta_unguiculatum_-_01.jpg/275px-Delta_unguiculatum_-_01.jpg
Deltomerus;;https://ru.wikipedia.org/wiki/Deltomerus;;//upload.wikimedia.org/wikipedia/commons/thumb/a/aa/Deltomerus_starcki_Jacobson.png/172px-Deltomerus_starcki_Jacobson.png
Demetrias;;https://ru.wikipedia.org/wiki/Demetrias;;//upload.wikimedia.org/wikipedia/commons/thumb/7/78/Demetrias_monostigma_female_1.jpg/215px-Demetrias_monostigma_female_1.jpg
Dendarina;;https://ru.wikipedia.org/wiki/Dendarina;;
Demetera;;https://ru.wikipedia.org/wiki/Demetera;;
Dendarus;;https://ru.wikipedia.org/wiki/Dendarus;;//upload.wikimedia.org/wikipedia/commons/thumb/6/6d/Dendarus_coarcticollis_group1.jpg/275px-Dendarus_coarcticollis_group1.jpg
Dendroides ussuriensis;;https://ru.wikipedia.org/wiki/Dendroides_ussuriensis;;
Dendroleon;;https://ru.wikipedia.org/wiki/Dendroleon;;//upload.wikimedia.org/wikipedia/commons/thumb/6/6a/Dendroleon_amabilis_%283138069428%29.jpg/275px-Dendroleon_amabilis_%283138069428%29.jpg
Dendroleon similis;;https://ru.wikipedia.org/wiki/Dendroleon_similis;;
Dendrophilinae;;https://ru.wikipedia.org/wiki/Dendrophilinae;;
Dendrometrinae;;https://ru.wikipedia.org/wiki/Dendrometrinae;;//upload.wikimedia.org/wikipedia/commons/thumb/a/a6/Denticollis.linearis.1.jpg/275px-Denticollis.linearis.1.jpg
Denops;;https://ru.wikipedia.org/wiki/Denops;;//upload.wikimedia.org/wikipedia/commons/thumb/6/6c/Denops_albofasciatus_bl3.jpg/275px-Denops_albofasciatus_bl3.jpg
Derobrachus;;https://ru.wikipedia.org/wiki/Derobrachus;;//upload.wikimedia.org/wikipedia/commons/thumb/c/c6/Derobrachus_geminatus.png/275px-Derobrachus_geminatus.png
Deroplatys desiccata;;https://ru.wikipedia.org/wiki/Deroplatys_desiccata;;//upload.wikimedia.org/wikipedia/commons/thumb/e/eb/Deroplatys_desiccata.jpg/200px-Deroplatys_desiccata.jpg
Derolus mauritanicus;;https://ru.wikipedia.org/wiki/Derolus_mauritanicus;;
Dermestinae;;https://ru.wikipedia.org/wiki/Dermestinae;;//upload.wikimedia.org/wikipedia/commons/thumb/c/ca/Dermestes.maculatus.Reitter.jpg/120px-Dermestes.maculatus.Reitter.jpg
Dermestoides;;https://ru.wikipedia.org/wiki/Dermestoides;;//upload.wikimedia.org/wikipedia/commons/c/c8/Dermestoides.sanguinicollis.-.calwer.28.14.jpg
Deronectes ferrugineus;;https://ru.wikipedia.org/wiki/Deronectes_ferrugineus;;
Derolus volvulus;;https://ru.wikipedia.org/wiki/Derolus_volvulus;;
Desmiphorini;;https://ru.wikipedia.org/wiki/Desmiphorini;;//upload.wikimedia.org/wikipedia/commons/thumb/f/f1/Oplosia_cinerea.jpg/275px-Oplosia_cinerea.jpg
Deuteragenia albiclypeata;;https://ru.wikipedia.org/wiki/Deuteragenia_albiclypeata;;
Deuteragenia;;https://ru.wikipedia.org/wiki/Deuteragenia;;//upload.wikimedia.org/wikipedia/commons/thumb/e/ed/Deuteragenia_ossarium.png/275px-Deuteragenia_ossarium.png
Deuteragenia bifasciata;;https://ru.wikipedia.org/wiki/Deuteragenia_bifasciata;;
Deuteragenia romankovae;;https://ru.wikipedia.org/wiki/Deuteragenia_romankovae;;
Deuterophlebia;;https://ru.wikipedia.org/wiki/Deuterophlebia;;//upload.wikimedia.org/wikipedia/commons/thumb/a/a2/DeuterophlebiaMirabilis.jpg/275px-DeuterophlebiaMirabilis.jpg
Deuteragenia bokhaica;;https://ru.wikipedia.org/wiki/Deuteragenia_bokhaica;;
Deuteragenia vechti;;https://ru.wikipedia.org/wiki/Deuteragenia_vechti;;
Deuteragenia nipponica;;https://ru.wikipedia.org/wiki/Deuteragenia_nipponica;;
Deuteragenia lehri;;https://ru.wikipedia.org/wiki/Deuteragenia_lehri;;
Deuteragenia immarginata;;https://ru.wikipedia.org/wiki/Deuteragenia_immarginata;;
Deuteragenia ossarium;;https://ru.wikipedia.org/wiki/Deuteragenia_ossarium;;//upload.wikimedia.org/wikipedia/commons/thumb/e/ed/Deuteragenia_ossarium.png/275px-Deuteragenia_ossarium.png
Dexiinae;;https://ru.wikipedia.org/wiki/Dexiinae;;//upload.wikimedia.org/wikipedia/commons/thumb/a/af/Wagneria.costata.-.lindsey.jpg/275px-Wagneria.costata.-.lindsey.jpg
Diacamma;;https://ru.wikipedia.org/wiki/Diacamma;;//upload.wikimedia.org/wikipedia/commons/thumb/5/5f/Diacamma_vagans_casent0179003_profile_1.jpg/275px-Diacamma_vagans_casent0179003_profile_1.jpg
Dhagnathos autokrator;;https://ru.wikipedia.org/wiki/Dhagnathos_autokrator;;
Diachasmimorpha;;https://ru.wikipedia.org/wiki/Diachasmimorpha;;
Diacanthous;;https://ru.wikipedia.org/wiki/Diacanthous;;//upload.wikimedia.org/wikipedia/commons/thumb/c/ca/Diacanthous_undulatus.jpg/249px-Diacanthous_undulatus.jpg
Diacanthous undosus;;https://ru.wikipedia.org/wiki/Diacanthous_undosus;;
Diacheila;;https://ru.wikipedia.org/wiki/Diacheila;;//upload.wikimedia.org/wikipedia/commons/thumb/5/50/Diacheila_arctica_amoena_%28Faldermann%29_-_ZooKeys-245-001-g014.jpeg/247px-Diacheila_arctica_amoena_%28Faldermann%29_-_ZooKeys-245-001-g014.jpeg
Diachromus;;https://ru.wikipedia.org/wiki/Diachromus;;//upload.wikimedia.org/wikipedia/commons/thumb/a/af/Diachromus_germanus.jpg/275px-Diachromus_germanus.jpg
Dialeges pauper;;https://ru.wikipedia.org/wiki/Dialeges_pauper;;
Dianous adonis;;https://ru.wikipedia.org/wiki/Dianous_adonis;;
Dianous angulifer;;https://ru.wikipedia.org/wiki/Dianous_angulifer;;
Dianemobius;;https://ru.wikipedia.org/wiki/Dianemobius;;
Diamesinae;;https://ru.wikipedia.org/wiki/Diamesinae;;//upload.wikimedia.org/wikipedia/commons/thumb/b/b3/Potthastia.gaedii.-.lindsey.jpg/275px-Potthastia.gaedii.-.lindsey.jpg
Dianous cebuensis;;https://ru.wikipedia.org/wiki/Dianous_cebuensis;;
Dianous schoenmanni;;https://ru.wikipedia.org/wiki/Dianous_schoenmanni;;
Dianous elegantulus;;https://ru.wikipedia.org/wiki/Dianous_elegantulus;;
Diaperinae;;https://ru.wikipedia.org/wiki/Diaperinae;;//upload.wikimedia.org/wikipedia/commons/thumb/3/34/Corticeus_unicolor_-_back_%28aka%29.jpg/275px-Corticeus_unicolor_-_back_%28aka%29.jpg
Dianous coerulescens;;https://ru.wikipedia.org/wiki/Dianous_coerulescens;;//upload.wikimedia.org/wikipedia/commons/thumb/3/35/Dianous_coerulescens_%28Gyllenhal%2C_1810%29.png/275px-Dianous_coerulescens_%28Gyllenhal%2C_1810%29.png
Dianous coeruleotinctus;;https://ru.wikipedia.org/wiki/Dianous_coeruleotinctus;;
Dianous rougemontianus;;https://ru.wikipedia.org/wiki/Dianous_rougemontianus;;
Dianous fauveli;;https://ru.wikipedia.org/wiki/Dianous_fauveli;;
Diaphanidus;;https://ru.wikipedia.org/wiki/Diaphanidus;;
Dianous haraldi;;https://ru.wikipedia.org/wiki/Dianous_haraldi;;
Dianous coeruleovestitus;;https://ru.wikipedia.org/wiki/Dianous_coeruleovestitus;;
Diaphoromyrma sofiae;;https://ru.wikipedia.org/wiki/Diaphoromyrma_sofiae;;//upload.wikimedia.org/wikipedia/commons/thumb/8/87/CASENT0178237_Diaphoromyrma_sofiae.jpg/275px-CASENT0178237_Diaphoromyrma_sofiae.jpg
Diaprepes abbreviatus;;https://ru.wikipedia.org/wiki/Diaprepes_abbreviatus;;//upload.wikimedia.org/wikipedia/commons/thumb/4/47/Adult_citrus_root_weevil%2C_Diaprepes_abbreviatus.jpg/275px-Adult_citrus_root_weevil%2C_Diaprepes_abbreviatus.jpg
Diastictus;;https://ru.wikipedia.org/wiki/Diastictus;;//upload.wikimedia.org/wikipedia/commons/thumb/7/73/Diastictus_vulneratus_Jacobson.png/275px-Diastictus_vulneratus_Jacobson.png
Dicerca furcata;;https://ru.wikipedia.org/wiki/Dicerca_furcata;;//upload.wikimedia.org/wikipedia/commons/thumb/9/94/Dicerca_furcata-1.JPG/275px-Dicerca_furcata-1.JPG
Dicercini;;https://ru.wikipedia.org/wiki/Dicercini;;//upload.wikimedia.org/wikipedia/commons/thumb/d/d8/Ovalisia_%28Scintillatrix%29_rutilans_bl1.JPG/275px-Ovalisia_%28Scintillatrix%29_rutilans_bl1.JPG
Dicheirotrichus mannerheimii;;https://ru.wikipedia.org/wiki/Dicheirotrichus_mannerheimii;;
Dicheirotrichus;;https://ru.wikipedia.org/wiki/Dicheirotrichus;;//upload.wikimedia.org/wikipedia/commons/thumb/3/30/Dicheirotrichus_gustavii_Crotch%2C_1871_%282935447386%29.jpg/275px-Dicheirotrichus_gustavii_Crotch%2C_1871_%282935447386%29.jpg
Diceromyia;;https://ru.wikipedia.org/wiki/Diceromyia;;
Dichillus;;https://ru.wikipedia.org/wiki/Dichillus;;
Dicopomorpha echmepterygis;;https://ru.wikipedia.org/wiki/Dicopomorpha_echmepterygis;;//upload.wikimedia.org/wikipedia/commons/thumb/a/ae/Dicopomorpha_echmepterygis.jpg/275px-Dicopomorpha_echmepterygis.jpg
Dicronocephalus wallichii;;https://ru.wikipedia.org/wiki/Dicronocephalus_wallichii;;//upload.wikimedia.org/wikipedia/commons/thumb/a/ab/Dicronocephalus_wallichii_female.png/240px-Dicronocephalus_wallichii_female.png
Dicronocephalus adamsi;;https://ru.wikipedia.org/wiki/Dicronocephalus_adamsi;;
Dicronocephalus;;https://ru.wikipedia.org/wiki/Dicronocephalus;;//upload.wikimedia.org/wikipedia/commons/thumb/a/ab/Dicronocephalus_wallichii_female.png/275px-Dicronocephalus_wallichii_female.png
Dicteriadidae;;https://ru.wikipedia.org/wiki/Dicteriadidae;;
Dictyoptera (жёсткокрылые);;https://ru.wikipedia.org/wiki/Dictyoptera_(%D0%B6%D1%91%D1%81%D1%82%D0%BA%D0%BE%D0%BA%D1%80%D1%8B%D0%BB%D1%8B%D0%B5);;//upload.wikimedia.org/wikipedia/commons/thumb/d/dd/Dictyoptera_aurora_%28Herbst%2C_1784%29_%2824551586389%29.png/275px-Dictyoptera_aurora_%28Herbst%2C_1784%29_%2824551586389%29.png
Diglossotrox;;https://ru.wikipedia.org/wiki/Diglossotrox;;
Dilophochila;;https://ru.wikipedia.org/wiki/Dilophochila;;
Dima;;https://ru.wikipedia.org/wiki/Dima;;//upload.wikimedia.org/wikipedia/commons/thumb/b/b8/Dima_elateroides.png/275px-Dima_elateroides.png
Dinocampini;;https://ru.wikipedia.org/wiki/Dinocampini;;
Dinocampus coccinellae;;https://ru.wikipedia.org/wiki/Dinocampus_coccinellae;;//upload.wikimedia.org/wikipedia/commons/thumb/1/12/Dinocampus_coccinellae.jpg/275px-Dinocampus_coccinellae.jpg
Dinoponera snellingi;;https://ru.wikipedia.org/wiki/Dinoponera_snellingi;;
Dinoponera quadriceps;;https://ru.wikipedia.org/wiki/Dinoponera_quadriceps;;//upload.wikimedia.org/wikipedia/commons/thumb/3/3e/Dinoponera_quadriceps_MHNT.jpg/252px-Dinoponera_quadriceps_MHNT.jpg
Dinorhynchus;;https://ru.wikipedia.org/wiki/Dinorhynchus;;
Dinoponera hispida;;https://ru.wikipedia.org/wiki/Dinoponera_hispida;;
Dinoponera australis;;https://ru.wikipedia.org/wiki/Dinoponera_australis;;//upload.wikimedia.org/wikipedia/commons/thumb/1/18/Dinoponera_australis%2C_one_of_the_world%27s_largest_ants.jpg/275px-Dinoponera_australis%2C_one_of_the_world%27s_largest_ants.jpg
Dinoponera;;https://ru.wikipedia.org/wiki/Dinoponera;;//upload.wikimedia.org/wikipedia/commons/thumb/c/cf/Dinoponera_lucida_casent0104920_head_1.jpg/275px-Dinoponera_lucida_casent0104920_head_1.jpg
Dinoponera lucida;;https://ru.wikipedia.org/wiki/Dinoponera_lucida;;//upload.wikimedia.org/wikipedia/commons/thumb/c/cf/Dinoponera_lucida_casent0104920_head_1.jpg/275px-Dinoponera_lucida_casent0104920_head_1.jpg
Dinotrema cavernicola;;https://ru.wikipedia.org/wiki/Dinotrema_cavernicola;;
Dinotrema;;https://ru.wikipedia.org/wiki/Dinotrema;;//upload.wikimedia.org/wikipedia/commons/thumb/b/bd/Dinotrema_paramicum_%28female%29_-_ZooKeys-260-061-g004.jpeg/275px-Dinotrema_paramicum_%28female%29_-_ZooKeys-260-061-g004.jpeg
Diopsina;;https://ru.wikipedia.org/wiki/Diopsina;;
Diorthus simplex;;https://ru.wikipedia.org/wiki/Diorthus_simplex;;
Diopsoidea;;https://ru.wikipedia.org/wiki/Diopsoidea;;//upload.wikimedia.org/wikipedia/commons/thumb/2/2c/Diopsid2.jpg/275px-Diopsid2.jpg
Diphucrania;;https://ru.wikipedia.org/wiki/Diphucrania;;//upload.wikimedia.org/wikipedia/commons/thumb/2/21/Diphucrania.jpg/275px-Diphucrania.jpg
Diplochaetus;;https://ru.wikipedia.org/wiki/Diplochaetus;;
Diphyllostoma;;https://ru.wikipedia.org/wiki/Diphyllostoma;;
Diplomorium;;https://ru.wikipedia.org/wiki/Diplomorium;;//upload.wikimedia.org/wikipedia/commons/thumb/3/34/Diplomorium_longipenne_casent0102360_profile_1.jpg/275px-Diplomorium_longipenne_casent0102360_profile_1.jpg
Diplolepis;;https://ru.wikipedia.org/wiki/Diplolepis;;//upload.wikimedia.org/wikipedia/commons/thumb/9/93/Diplolepis-rosae.jpg/275px-Diplolepis-rosae.jpg
Diplous;;https://ru.wikipedia.org/wiki/Diplous;;
Dipseudopsidae;;https://ru.wikipedia.org/wiki/Dipseudopsidae;;//upload.wikimedia.org/wikipedia/commons/thumb/1/12/Phylocentropus_head.jpg/275px-Phylocentropus_head.jpg
Discoelius;;https://ru.wikipedia.org/wiki/Discoelius;;
Dirrhopinae;;https://ru.wikipedia.org/wiki/Dirrhopinae;;
Discoelius emeishanensus;;https://ru.wikipedia.org/wiki/Discoelius_emeishanensus;;
Discoelius nigriclypeus;;https://ru.wikipedia.org/wiki/Discoelius_nigriclypeus;;
Discoxenus cambodiensis;;https://ru.wikipedia.org/wiki/Discoxenus_cambodiensis;;
Discoscapa apicula;;https://ru.wikipedia.org/wiki/Discoscapa_apicula;;
Discoxenus;;https://ru.wikipedia.org/wiki/Discoxenus;;
Discothyrea antarctica;;https://ru.wikipedia.org/wiki/Discothyrea_antarctica;;//upload.wikimedia.org/wikipedia/commons/thumb/e/e7/Discothyrea_antarctica_casent0172126_head_1.jpg/275px-Discothyrea_antarctica_casent0172126_head_1.jpg
Discoxenus katayamai;;https://ru.wikipedia.org/wiki/Discoxenus_katayamai;;
Discoxenus hirsutus;;https://ru.wikipedia.org/wiki/Discoxenus_hirsutus;;
Discoxenus malaysiensis;;https://ru.wikipedia.org/wiki/Discoxenus_malaysiensis;;
Discoxenus phourini;;https://ru.wikipedia.org/wiki/Discoxenus_phourini;;
Discoxenus kakizoei;;https://ru.wikipedia.org/wiki/Discoxenus_kakizoei;;
Discoxenus minutus;;https://ru.wikipedia.org/wiki/Discoxenus_minutus;;
Discoxenus latiabdominalis;;https://ru.wikipedia.org/wiki/Discoxenus_latiabdominalis;;
Discoxenus kohkongensis;;https://ru.wikipedia.org/wiki/Discoxenus_kohkongensis;;
Discoxenus lucidus;;https://ru.wikipedia.org/wiki/Discoxenus_lucidus;;
Distocupes varians;;https://ru.wikipedia.org/wiki/Distocupes_varians;;
Distenia gracilis;;https://ru.wikipedia.org/wiki/Distenia_gracilis;;//upload.wikimedia.org/wikipedia/commons/thumb/6/6b/Distenia.JPG/193px-Distenia.JPG
Distoleon;;https://ru.wikipedia.org/wiki/Distoleon;;//upload.wikimedia.org/wikipedia/commons/thumb/a/ac/Distoleon_tetragrammicus01.jpg/275px-Distoleon_tetragrammicus01.jpg
Ditomus;;https://ru.wikipedia.org/wiki/Ditomus;;//upload.wikimedia.org/wikipedia/commons/thumb/6/69/Ditomus_capito_%28Serville%2C_1821%29_%283024252373%29.jpg/275px-Ditomus_capito_%28Serville%2C_1821%29_%283024252373%29.jpg
Disophrys;;https://ru.wikipedia.org/wiki/Disophrys;;//upload.wikimedia.org/wikipedia/commons/thumb/7/74/Disophrys.jpg/275px-Disophrys.jpg
Diversitermes;;https://ru.wikipedia.org/wiki/Diversitermes;;
Dolerosomus;;https://ru.wikipedia.org/wiki/Dolerosomus;;
Dogninades;;https://ru.wikipedia.org/wiki/Dogninades;;
Dolichoderus albamaculus;;https://ru.wikipedia.org/wiki/Dolichoderus_albamaculus;;
Doddifoenus wallacei;;https://ru.wikipedia.org/wiki/Doddifoenus_wallacei;;
Doidae;;https://ru.wikipedia.org/wiki/Doidae;;
Doleromyrma darwiniana;;https://ru.wikipedia.org/wiki/Doleromyrma_darwiniana;;//upload.wikimedia.org/wikipedia/commons/thumb/e/ee/Doleromyrma_darwiniana_casent0009949_profile_1.jpg/275px-Doleromyrma_darwiniana_casent0009949_profile_1.jpg
Dolichoderus canopus;;https://ru.wikipedia.org/wiki/Dolichoderus_canopus;;
Dolichoderus australis;;https://ru.wikipedia.org/wiki/Dolichoderus_australis;;
Dolichoderus angusticornis;;https://ru.wikipedia.org/wiki/Dolichoderus_angusticornis;;
Dolichoderus etus;;https://ru.wikipedia.org/wiki/Dolichoderus_etus;;
Dolichoderus gordoni;;https://ru.wikipedia.org/wiki/Dolichoderus_gordoni;;
Dolichoderus clarki;;https://ru.wikipedia.org/wiki/Dolichoderus_clarki;;
Dolichoderus inferus;;https://ru.wikipedia.org/wiki/Dolichoderus_inferus;;
Dolichoderus kathae;;https://ru.wikipedia.org/wiki/Dolichoderus_kathae;;
Dolichogenidea;;https://ru.wikipedia.org/wiki/Dolichogenidea;;
Dolichomyrma longiceps;;https://ru.wikipedia.org/wiki/Dolichomyrma_longiceps;;
Dolichopus;;https://ru.wikipedia.org/wiki/Dolichopus;;//upload.wikimedia.org/wikipedia/commons/thumb/7/79/Dolichopus_ungulatus_%28male%29_%2814364112700%29.jpg/275px-Dolichopus_ungulatus_%28male%29_%2814364112700%29.jpg
Dolichopus kosterini;;https://ru.wikipedia.org/wiki/Dolichopus_kosterini;;
Dolopsidea;;https://ru.wikipedia.org/wiki/Dolopsidea;;//upload.wikimedia.org/wikipedia/commons/thumb/4/40/Dolopsidea.indagator.-.lindsey.jpg/275px-Dolopsidea.indagator.-.lindsey.jpg
Dolopomyrmex pilatus;;https://ru.wikipedia.org/wiki/Dolopomyrmex_pilatus;;//upload.wikimedia.org/wikipedia/commons/thumb/d/df/Dolopomyrmex_pilatus_casent0102679_profile_1.jpg/275px-Dolopomyrmex_pilatus_casent0102679_profile_1.jpg
Domene;;https://ru.wikipedia.org/wiki/Domene;;//upload.wikimedia.org/wikipedia/commons/thumb/f/f0/Domene_scabricollis_%28Erichson%2C_1840%29_%2826331491629%29.png/275px-Domene_scabricollis_%28Erichson%2C_1840%29_%2826331491629%29.png
Donacia cinerea;;https://ru.wikipedia.org/wiki/Donacia_cinerea;;//upload.wikimedia.org/wikipedia/commons/thumb/e/e0/Donacia_cinerea_Herbst%2C_1784.jpg/275px-Donacia_cinerea_Herbst%2C_1784.jpg
Donacaula forficella;;https://ru.wikipedia.org/wiki/Donacaula_forficella;;//upload.wikimedia.org/wikipedia/commons/thumb/6/64/Donacaula_forficella_FvL.jpg/275px-Donacaula_forficella_FvL.jpg
Donacia brevicornis;;https://ru.wikipedia.org/wiki/Donacia_brevicornis;;
Donacia brevitarsis;;https://ru.wikipedia.org/wiki/Donacia_brevitarsis;;
Donacia antiqua;;https://ru.wikipedia.org/wiki/Donacia_antiqua;;
Donacia dentata;;https://ru.wikipedia.org/wiki/Donacia_dentata;;//upload.wikimedia.org/wikipedia/commons/thumb/1/15/Donacia_dentata_Hoppe%2C_1795.jpg/275px-Donacia_dentata_Hoppe%2C_1795.jpg
Donacia semicuprea;;https://ru.wikipedia.org/wiki/Donacia_semicuprea;;//upload.wikimedia.org/wikipedia/commons/thumb/c/c4/Coleoptera-Chrysomelidae-Donacia-semicuprea-201206170071.JPG/275px-Coleoptera-Chrysomelidae-Donacia-semicuprea-201206170071.JPG
Donacia thalassina;;https://ru.wikipedia.org/wiki/Donacia_thalassina;;//upload.wikimedia.org/wikipedia/commons/thumb/9/9a/Donacia_thalassina_Germar%2C_1811_%2820103918494%29.png/275px-Donacia_thalassina_Germar%2C_1811_%2820103918494%29.png
Donacia impressa;;https://ru.wikipedia.org/wiki/Donacia_impressa;;
Donacia clavipes;;https://ru.wikipedia.org/wiki/Donacia_clavipes;;//upload.wikimedia.org/wikipedia/commons/thumb/4/40/Donacia_clavipes_natur.jpg/275px-Donacia_clavipes_natur.jpg
Donacia tomentosa;;https://ru.wikipedia.org/wiki/Donacia_tomentosa;;
Dorcadion cinerarium;;https://ru.wikipedia.org/wiki/Dorcadion_cinerarium;;//upload.wikimedia.org/wikipedia/commons/thumb/1/12/Dorcadion_cinerarium_%28Fabricius%2C_1787%29_%286155090895%29.jpg/275px-Dorcadion_cinerarium_%28Fabricius%2C_1787%29_%286155090895%29.jpg
Dorcadiini;;https://ru.wikipedia.org/wiki/Dorcadiini;;//upload.wikimedia.org/wikipedia/commons/thumb/c/c3/Dorcadion_aries.jpg/275px-Dorcadion_aries.jpg
Doratopsylla;;https://ru.wikipedia.org/wiki/Doratopsylla;;
Dorcadion (подрод);;https://ru.wikipedia.org/wiki/Dorcadion_(%D0%BF%D0%BE%D0%B4%D1%80%D0%BE%D0%B4);;
Dorcadia;;https://ru.wikipedia.org/wiki/Dorcadia;;
Dorcadion arenarium;;https://ru.wikipedia.org/wiki/Dorcadion_arenarium;;//upload.wikimedia.org/wikipedia/commons/thumb/4/40/Dorcadion_arenarium.JPG/275px-Dorcadion_arenarium.JPG
Dorcadion ciscaucasicum;;https://ru.wikipedia.org/wiki/Dorcadion_ciscaucasicum;;
Dorcadion ciscaucasicum mokrzeckii;;https://ru.wikipedia.org/wiki/Dorcadion_ciscaucasicum_mokrzeckii;;
Dorcadion (Acutodorcadion);;https://ru.wikipedia.org/wiki/Dorcadion_(Acutodorcadion);;
Dorcadion pedestre;;https://ru.wikipedia.org/wiki/Dorcadion_pedestre;;//upload.wikimedia.org/wikipedia/commons/thumb/9/99/Dorcadion_pedestre_2.jpg/275px-Dorcadion_pedestre_2.jpg
Dorcadion politum;;https://ru.wikipedia.org/wiki/Dorcadion_politum;;
Dorcaschematini;;https://ru.wikipedia.org/wiki/Dorcaschematini;;//upload.wikimedia.org/wikipedia/commons/thumb/2/2f/Olenecamptus_optatus_optatoides_D._%26_D._male_%285536766779%29.jpg/275px-Olenecamptus_optatus_optatoides_D._%26_D._male_%285536766779%29.jpg
Dorcadion sareptanum;;https://ru.wikipedia.org/wiki/Dorcadion_sareptanum;;
Dorcadion pusillum;;https://ru.wikipedia.org/wiki/Dorcadion_pusillum;;
Dorcadion tauricum;;https://ru.wikipedia.org/wiki/Dorcadion_tauricum;;
Dorcadion scopolii;;https://ru.wikipedia.org/wiki/Dorcadion_scopolii;;//upload.wikimedia.org/wikipedia/commons/thumb/c/c9/Pedestredorcadion_scopolii_up.JPG/275px-Pedestredorcadion_scopolii_up.JPG
Dorcadion fulvum;;https://ru.wikipedia.org/wiki/Dorcadion_fulvum;;//upload.wikimedia.org/wikipedia/commons/thumb/a/aa/Carinatodorcadium_fulvum_up.JPG/275px-Carinatodorcadium_fulvum_up.JPG
Dorcadion elegans;;https://ru.wikipedia.org/wiki/Dorcadion_elegans;;
Dorcadion fuliginator;;https://ru.wikipedia.org/wiki/Dorcadion_fuliginator;;//upload.wikimedia.org/wikipedia/commons/thumb/4/40/Iberodorcadion_fuliginator.jpg/275px-Iberodorcadion_fuliginator.jpg
Dorcus titanus;;https://ru.wikipedia.org/wiki/Dorcus_titanus;;//upload.wikimedia.org/wikipedia/commons/thumb/c/c7/Dorcus_titanus_titanus_Boisduval%2C_1835_male_%283990618600%29.jpg/217px-Dorcus_titanus_titanus_Boisduval%2C_1835_male_%283990618600%29.jpg
Dorcatominae;;https://ru.wikipedia.org/wiki/Dorcatominae;;//upload.wikimedia.org/wikipedia/commons/3/35/Dorcatoma.dresdensis.-.calwer.29.09.jpg
Dorcasominae;;https://ru.wikipedia.org/wiki/Dorcasominae;;//upload.wikimedia.org/wikipedia/commons/thumb/e/e8/Sagridola_maculosa_%2822255799310%29.jpg/275px-Sagridola_maculosa_%2822255799310%29.jpg
Dorcus sewertzowi;;https://ru.wikipedia.org/wiki/Dorcus_sewertzowi;;
Dorcus peyronis;;https://ru.wikipedia.org/wiki/Dorcus_peyronis;;
Dorylus helvolus;;https://ru.wikipedia.org/wiki/Dorylus_helvolus;;//upload.wikimedia.org/wikipedia/commons/thumb/f/fc/Dorylus_helvolus_casent0106079_profile_1.jpg/275px-Dorylus_helvolus_casent0106079_profile_1.jpg
Doryctinae;;https://ru.wikipedia.org/wiki/Doryctinae;;//upload.wikimedia.org/wikipedia/commons/thumb/0/01/Doryctinae_%282%29.jpg/275px-Doryctinae_%282%29.jpg
Dorylus;;https://ru.wikipedia.org/wiki/Dorylus;;//upload.wikimedia.org/wikipedia/commons/thumb/0/07/Dorylus_gribodoi_casent0172626_head_1.jpg/275px-Dorylus_gribodoi_casent0172626_head_1.jpg
Dorylinae;;https://ru.wikipedia.org/wiki/Dorylinae;;//upload.wikimedia.org/wikipedia/commons/thumb/4/43/Safari_ants_tunnel.jpg/265px-Safari_ants_tunnel.jpg
Doros;;https://ru.wikipedia.org/wiki/Doros;;//upload.wikimedia.org/wikipedia/commons/thumb/8/84/Fauna_Germanica%2C_Diptera_%286046265968%29.jpg/275px-Fauna_Germanica%2C_Diptera_%286046265968%29.jpg
Dorylus wilverthi;;https://ru.wikipedia.org/wiki/Dorylus_wilverthi;;//upload.wikimedia.org/wikipedia/commons/thumb/3/3c/Dorylus_wilverthi_casent0172657_head_1.jpg/275px-Dorylus_wilverthi_casent0172657_head_1.jpg
Dorymyrmex;;https://ru.wikipedia.org/wiki/Dorymyrmex;;//upload.wikimedia.org/wikipedia/commons/thumb/7/71/Dorymyrmex_bituber_casent0173842_head_1.jpg/275px-Dorymyrmex_bituber_casent0173842_head_1.jpg
Dorylus nigricans;;https://ru.wikipedia.org/wiki/Dorylus_nigricans;;//upload.wikimedia.org/wikipedia/commons/thumb/b/bd/Dorylus_nigricans_casent0172642_head_1.jpg/275px-Dorylus_nigricans_casent0172642_head_1.jpg
Doryodes;;https://ru.wikipedia.org/wiki/Doryodes;;//upload.wikimedia.org/wikipedia/commons/thumb/7/74/Doryodes_grandipennis.jpg/275px-Doryodes_grandipennis.jpg
Dorysthenes buqueti;;https://ru.wikipedia.org/wiki/Dorysthenes_buqueti;;//upload.wikimedia.org/wikipedia/commons/thumb/6/69/Cerambycidae_-_Dorysthenes_buqueti.jpg/275px-Cerambycidae_-_Dorysthenes_buqueti.jpg
Drabescini;;https://ru.wikipedia.org/wiki/Drabescini;;
Drepanopalpia lunifera;;https://ru.wikipedia.org/wiki/Drepanopalpia_lunifera;;
Drepanosticta kosterini;;https://ru.wikipedia.org/wiki/Drepanosticta_kosterini;;
Drilus;;https://ru.wikipedia.org/wiki/Drilus;;//upload.wikimedia.org/wikipedia/commons/thumb/8/8d/Drilus_flavescens.jpg/275px-Drilus_flavescens.jpg
Dromius;;https://ru.wikipedia.org/wiki/Dromius;;//upload.wikimedia.org/wikipedia/commons/thumb/8/8b/Dromius.agilis.-.lindsey.jpg/275px-Dromius.agilis.-.lindsey.jpg
Dryinus;;https://ru.wikipedia.org/wiki/Dryinus;;//upload.wikimedia.org/wikipedia/commons/thumb/5/59/Dryinus_koebelei_female.jpg/275px-Dryinus_koebelei_female.jpg
Drucuma apicata;;https://ru.wikipedia.org/wiki/Drucuma_apicata;;
Drymochares starcki;;https://ru.wikipedia.org/wiki/Drymochares_starcki;;//upload.wikimedia.org/wikipedia/commons/thumb/6/69/Drymochares_starcki.png/275px-Drymochares_starcki.png
Drymochares;;https://ru.wikipedia.org/wiki/Drymochares;;//upload.wikimedia.org/wikipedia/commons/thumb/6/69/Drymochares_starcki.png/275px-Drymochares_starcki.png
Drypta;;https://ru.wikipedia.org/wiki/Drypta;;//upload.wikimedia.org/wikipedia/commons/thumb/8/8c/Drypta_dentata_%28Rossi%2C1790%29_%282870342850%29.jpg/275px-Drypta_dentata_%28Rossi%2C1790%29_%282870342850%29.jpg
Dryophilus;;https://ru.wikipedia.org/wiki/Dryophilus;;//upload.wikimedia.org/wikipedia/commons/thumb/4/49/AnobiidaeSpec.png/275px-AnobiidaeSpec.png
Dryops;;https://ru.wikipedia.org/wiki/Dryops;;//upload.wikimedia.org/wikipedia/commons/thumb/6/62/Dryops_ernesti_side.jpg/275px-Dryops_ernesti_side.jpg
Dryudella;;https://ru.wikipedia.org/wiki/Dryudella;;//upload.wikimedia.org/wikipedia/commons/thumb/e/e9/Dryudella_stigma_%28Crabronidae_sp.%29_male%2C_Texel%2C_the_Netherlands.jpg/275px-Dryudella_stigma_%28Crabronidae_sp.%29_male%2C_Texel%2C_the_Netherlands.jpg
Dryophilinae;;https://ru.wikipedia.org/wiki/Dryophilinae;;//upload.wikimedia.org/wikipedia/commons/thumb/4/49/AnobiidaeSpec.png/275px-AnobiidaeSpec.png
Dunama jessiebancroftae;;https://ru.wikipedia.org/wiki/Dunama_jessiebancroftae;;//upload.wikimedia.org/wikipedia/commons/thumb/1/1b/Dunama_jessiebancroftae_male.JPG/275px-Dunama_jessiebancroftae_male.JPG
Dunama indereci;;https://ru.wikipedia.org/wiki/Dunama_indereci;;//upload.wikimedia.org/wikipedia/commons/thumb/6/6b/Dunama_indereci_male.JPG/275px-Dunama_indereci_male.JPG
Dunama janewaldronae;;https://ru.wikipedia.org/wiki/Dunama_janewaldronae;;//upload.wikimedia.org/wikipedia/commons/thumb/4/42/Dunama_janewaldronae_male.JPG/275px-Dunama_janewaldronae_male.JPG
Dunama janecoxae;;https://ru.wikipedia.org/wiki/Dunama_janecoxae;;//upload.wikimedia.org/wikipedia/commons/thumb/7/73/Dunama_janecoxae_male.JPG/275px-Dunama_janecoxae_male.JPG
Dunama;;https://ru.wikipedia.org/wiki/Dunama;;//upload.wikimedia.org/wikipedia/commons/thumb/f/f4/Dunama_biosise_male.JPG/275px-Dunama_biosise_male.JPG
Dunama biosise;;https://ru.wikipedia.org/wiki/Dunama_biosise;;//upload.wikimedia.org/wikipedia/commons/thumb/f/f4/Dunama_biosise_male.JPG/275px-Dunama_biosise_male.JPG
Dunama claricentrata;;https://ru.wikipedia.org/wiki/Dunama_claricentrata;;
Dunama angulinea;;https://ru.wikipedia.org/wiki/Dunama_angulinea;;//upload.wikimedia.org/wikipedia/commons/thumb/4/49/Dunama_angulinea.JPG/275px-Dunama_angulinea.JPG
Dunama ravistriata;;https://ru.wikipedia.org/wiki/Dunama_ravistriata;;
Dunama tuna;;https://ru.wikipedia.org/wiki/Dunama_tuna;;
Dunama jessiebarronae;;https://ru.wikipedia.org/wiki/Dunama_jessiebarronae;;//upload.wikimedia.org/wikipedia/commons/thumb/3/36/Dunama_jessiebarronae_male.JPG/275px-Dunama_jessiebarronae_male.JPG
Dunama mattonii;;https://ru.wikipedia.org/wiki/Dunama_mattonii;;
Dunama jessiehillae;;https://ru.wikipedia.org/wiki/Dunama_jessiehillae;;//upload.wikimedia.org/wikipedia/commons/thumb/9/97/Dunama_jessiehillae_male.JPG/275px-Dunama_jessiehillae_male.JPG
Duvaliopsis;;https://ru.wikipedia.org/wiki/Duvaliopsis;;
Duvalius;;https://ru.wikipedia.org/wiki/Duvalius;;//upload.wikimedia.org/wikipedia/commons/thumb/c/c9/Carabidae_-_Duvalius_doriae_doriae.JPG/275px-Carabidae_-_Duvalius_doriae_doriae.JPG
Dybowskyia;;https://ru.wikipedia.org/wiki/Dybowskyia;;
Dusponera;;https://ru.wikipedia.org/wiki/Dusponera;;
Duvalius bekchievi;;https://ru.wikipedia.org/wiki/Duvalius_bekchievi;;
Dynastini;;https://ru.wikipedia.org/wiki/Dynastini;;//upload.wikimedia.org/wikipedia/commons/thumb/0/0e/Dynastes_hercules_ecuatorianus_MHNT.jpg/275px-Dynastes_hercules_ecuatorianus_MHNT.jpg
Dynastes hyllus;;https://ru.wikipedia.org/wiki/Dynastes_hyllus;;//upload.wikimedia.org/wikipedia/commons/thumb/2/24/Dynastes.hyllus.jpg/245px-Dynastes.hyllus.jpg
Dynastes neptunus;;https://ru.wikipedia.org/wiki/Dynastes_neptunus;;//upload.wikimedia.org/wikipedia/commons/thumb/3/3b/Dynastes_neptunus_001.jpg/275px-Dynastes_neptunus_001.jpg
Dynastes;;https://ru.wikipedia.org/wiki/Dynastes;;//upload.wikimedia.org/wikipedia/commons/thumb/b/b1/Dynastes_2027.JPG/275px-Dynastes_2027.JPG
Dynastes tityus;;https://ru.wikipedia.org/wiki/Dynastes_tityus;;//upload.wikimedia.org/wikipedia/commons/thumb/1/1d/Dynastes_tityus_SC.jpg/275px-Dynastes_tityus_SC.jpg
Dynastes satanas;;https://ru.wikipedia.org/wiki/Dynastes_satanas;;//upload.wikimedia.org/wikipedia/commons/thumb/4/4a/Dynastes_satanas_m%C3%A2le_GLAM_mus%C3%A9um_Lille_2016.JPG/275px-Dynastes_satanas_m%C3%A2le_GLAM_mus%C3%A9um_Lille_2016.JPG
Dynastes maya;;https://ru.wikipedia.org/wiki/Dynastes_maya;;
Dysaphis koryakini;;https://ru.wikipedia.org/wiki/Dysaphis_koryakini;;
Dyseriocrania;;https://ru.wikipedia.org/wiki/Dyseriocrania;;//upload.wikimedia.org/wikipedia/commons/thumb/1/13/Dyseriocrania_subpurpurella.jpg/266px-Dyseriocrania_subpurpurella.jpg
Dysoneuridae;;https://ru.wikipedia.org/wiki/Dysoneuridae;;
Dytiscinae;;https://ru.wikipedia.org/wiki/Dytiscinae;;//upload.wikimedia.org/wikipedia/commons/thumb/7/77/Dytiscus_latissimus.jpg/275px-Dytiscus_latissimus.jpg
Dyspyralis;;https://ru.wikipedia.org/wiki/Dyspyralis;;
