Habroloma;;https://ru.wikipedia.org/wiki/Habroloma;;
Hadramphus tuberculatus;;https://ru.wikipedia.org/wiki/Hadramphus_tuberculatus;;//upload.wikimedia.org/wikipedia/commons/thumb/6/67/Hadramphus_tuberculatus.jpg/275px-Hadramphus_tuberculatus.jpg
Hadennia;;https://ru.wikipedia.org/wiki/Hadennia;;//upload.wikimedia.org/wikipedia/commons/thumb/7/7d/Hadennia.jpg/275px-Hadennia.jpg
Hadramphus;;https://ru.wikipedia.org/wiki/Hadramphus;;//upload.wikimedia.org/wikipedia/commons/thumb/6/67/Hadramphus_tuberculatus.jpg/275px-Hadramphus_tuberculatus.jpg
Haematopinus oliveri;;https://ru.wikipedia.org/wiki/Haematopinus_oliveri;;
Haidomyrmecinae;;https://ru.wikipedia.org/wiki/Haidomyrmecinae;;//upload.wikimedia.org/wikipedia/commons/thumb/1/1b/Ceratomyrmex_ellenbergeri_NIGP164022_profile.jpg/275px-Ceratomyrmex_ellenbergeri_NIGP164022_profile.jpg
Haidomyrmex;;https://ru.wikipedia.org/wiki/Haidomyrmex;;//upload.wikimedia.org/wikipedia/commons/thumb/b/bc/Haidomyrmex_zigrasi_JZ01_01.jpg/275px-Haidomyrmex_zigrasi_JZ01_01.jpg
Haidomyrmodes mammuthus;;https://ru.wikipedia.org/wiki/Haidomyrmodes_mammuthus;;//upload.wikimedia.org/wikipedia/commons/thumb/1/15/MNHNA30162_Haidomyrmodes_mammuthus_02.jpg/275px-MNHNA30162_Haidomyrmodes_mammuthus_02.jpg
Halacritus;;https://ru.wikipedia.org/wiki/Halacritus;;//upload.wikimedia.org/wikipedia/commons/thumb/0/02/Halacritus_punctum_%28Aub%C3%A9%2C_1842%29_%285056690147%29.jpg/275px-Halacritus_punctum_%28Aub%C3%A9%2C_1842%29_%285056690147%29.jpg
Haliplus immaculatus;;https://ru.wikipedia.org/wiki/Haliplus_immaculatus;;
Halictinae;;https://ru.wikipedia.org/wiki/Halictinae;;//upload.wikimedia.org/wikipedia/commons/thumb/0/02/Bee_May_2008-5.jpg/275px-Bee_May_2008-5.jpg
Halictophagidae;;https://ru.wikipedia.org/wiki/Halictophagidae;;//upload.wikimedia.org/wikipedia/commons/thumb/7/72/Strepsiptera-halictophagida.gif/275px-Strepsiptera-halictophagida.gif
Haliplus furcatus;;https://ru.wikipedia.org/wiki/Haliplus_furcatus;;
Haliplus flavicollis;;https://ru.wikipedia.org/wiki/Haliplus_flavicollis;;//upload.wikimedia.org/wikipedia/commons/thumb/d/df/Haliplus_flavicollis_%28Haliplidae%29%2C_De_Groene_Heuvels%2C_the_Netherlands_-_2.jpg/275px-Haliplus_flavicollis_%28Haliplidae%29%2C_De_Groene_Heuvels%2C_the_Netherlands_-_2.jpg
Haliplus confinis;;https://ru.wikipedia.org/wiki/Haliplus_confinis;;//upload.wikimedia.org/wikipedia/commons/thumb/4/48/Haliplus_confinis.jpg/275px-Haliplus_confinis.jpg
Haliplus;;https://ru.wikipedia.org/wiki/Haliplus;;//upload.wikimedia.org/wikipedia/commons/thumb/e/ea/Haliplus_ruficollis_%28DeGeer%2C_1774%29.jpg/275px-Haliplus_ruficollis_%28DeGeer%2C_1774%29.jpg
Haliplus fulvus;;https://ru.wikipedia.org/wiki/Haliplus_fulvus;;//upload.wikimedia.org/wikipedia/commons/thumb/e/e6/Haliplus_fulvus.jpg/272px-Haliplus_fulvus.jpg
Haliplus fluviatilis;;https://ru.wikipedia.org/wiki/Haliplus_fluviatilis;;//upload.wikimedia.org/wikipedia/commons/thumb/5/53/Haliplus_fluviatilis.jpg/248px-Haliplus_fluviatilis.jpg
Haliplus ruficollis;;https://ru.wikipedia.org/wiki/Haliplus_ruficollis;;//upload.wikimedia.org/wikipedia/commons/thumb/e/ea/Haliplus_ruficollis_%28DeGeer%2C_1774%29.jpg/275px-Haliplus_ruficollis_%28DeGeer%2C_1774%29.jpg
Haliplus variegatus;;https://ru.wikipedia.org/wiki/Haliplus_variegatus;;//upload.wikimedia.org/wikipedia/commons/thumb/0/07/Haliplus_variegatus_2.png/275px-Haliplus_variegatus_2.png
Haliplus obliquus;;https://ru.wikipedia.org/wiki/Haliplus_obliquus;;//upload.wikimedia.org/wikipedia/commons/thumb/4/48/Haliplus_obliquus.jpg/268px-Haliplus_obliquus.jpg
Haliplus lineolatus;;https://ru.wikipedia.org/wiki/Haliplus_lineolatus;;
Halticus apterus;;https://ru.wikipedia.org/wiki/Halticus_apterus;;//upload.wikimedia.org/wikipedia/commons/thumb/3/3e/Halticus_apterus_01.JPG/275px-Halticus_apterus_01.JPG
Halticus pusillus;;https://ru.wikipedia.org/wiki/Halticus_pusillus;;
Halticus comitans;;https://ru.wikipedia.org/wiki/Halticus_comitans;;
Halticus bicoloratus;;https://ru.wikipedia.org/wiki/Halticus_bicoloratus;;
Hapalaraea;;https://ru.wikipedia.org/wiki/Hapalaraea;;
Halyzia;;https://ru.wikipedia.org/wiki/Halyzia;;//upload.wikimedia.org/wikipedia/commons/thumb/9/91/Halyzia.sedecimguttata.7159.jpg/275px-Halyzia.sedecimguttata.7159.jpg
Hanedapompilus;;https://ru.wikipedia.org/wiki/Hanedapompilus;;
Hammerschmidtia;;https://ru.wikipedia.org/wiki/Hammerschmidtia;;
Harpagoxenus;;https://ru.wikipedia.org/wiki/Harpagoxenus;;//upload.wikimedia.org/wikipedia/commons/thumb/8/8b/Harpagoxenus_canadensis_casent0006075_profile_1.jpg/275px-Harpagoxenus_canadensis_casent0006075_profile_1.jpg
Harmonia axyridis;;https://ru.wikipedia.org/wiki/Harmonia_axyridis;;//upload.wikimedia.org/wikipedia/commons/thumb/7/7d/Harmonia_axyridis01.jpg/275px-Harmonia_axyridis01.jpg
Harmonia (животное);;https://ru.wikipedia.org/wiki/Harmonia_(%D0%B6%D0%B8%D0%B2%D0%BE%D1%82%D0%BD%D0%BE%D0%B5);;//upload.wikimedia.org/wikipedia/commons/thumb/c/c3/Harmonia_conformis_cropped.jpg/275px-Harmonia_conformis_cropped.jpg
Harpagoxenus sublaevis;;https://ru.wikipedia.org/wiki/Harpagoxenus_sublaevis;;//upload.wikimedia.org/wikipedia/commons/thumb/c/c7/Harpagoxenus_sublaevis_casent0178588_profile_1.jpg/275px-Harpagoxenus_sublaevis_casent0178588_profile_1.jpg
Harpalus cephalotes;;https://ru.wikipedia.org/wiki/Harpalus_cephalotes;;
Harpalobrachys leiroides;;https://ru.wikipedia.org/wiki/Harpalobrachys_leiroides;;
Hedria mixta;;https://ru.wikipedia.org/wiki/Hedria_mixta;;
Hedobia;;https://ru.wikipedia.org/wiki/Hedobia;;//upload.wikimedia.org/wikipedia/commons/thumb/e/e1/Hedobia.pubescens.-.calwer.28.18.jpg/275px-Hedobia.pubescens.-.calwer.28.18.jpg
Helconinae;;https://ru.wikipedia.org/wiki/Helconinae;;//upload.wikimedia.org/wikipedia/commons/thumb/4/4a/Wroughtonia_P1460932a.jpg/275px-Wroughtonia_P1460932a.jpg
Heizmannia;;https://ru.wikipedia.org/wiki/Heizmannia;;
Hedychrum;;https://ru.wikipedia.org/wiki/Hedychrum;;//upload.wikimedia.org/wikipedia/commons/thumb/7/77/Goudwesp.jpg/275px-Goudwesp.jpg
Helaeomyia petrolei;;https://ru.wikipedia.org/wiki/Helaeomyia_petrolei;;//upload.wikimedia.org/wikipedia/commons/thumb/2/26/Helaeomyia.petrolei.imago.-.sbmnh.jpg/275px-Helaeomyia.petrolei.imago.-.sbmnh.jpg
Hedylidae;;https://ru.wikipedia.org/wiki/Hedylidae;;//upload.wikimedia.org/wikipedia/commons/thumb/6/69/Macrosoma_conifera.jpg/275px-Macrosoma_conifera.jpg
Helichus;;https://ru.wikipedia.org/wiki/Helichus;;
Heliconius;;https://ru.wikipedia.org/wiki/Heliconius;;//upload.wikimedia.org/wikipedia/commons/thumb/0/0a/Heliconius_mimicry.png/275px-Heliconius_mimicry.png
Helichus ussuriensis;;https://ru.wikipedia.org/wiki/Helichus_ussuriensis;;
Heliconius hecale;;https://ru.wikipedia.org/wiki/Heliconius_hecale;;//upload.wikimedia.org/wikipedia/commons/thumb/2/2c/Heliconius_hecale%2C_Jard%C3%ADn_Bot%C3%A1nico_de_M%C3%BAnich%2C_Alemania%2C_2013-01-27%2C_DD_04.JPG/275px-Heliconius_hecale%2C_Jard%C3%ADn_Bot%C3%A1nico_de_M%C3%BAnich%2C_Alemania%2C_2013-01-27%2C_DD_04.JPG
Heliozela;;https://ru.wikipedia.org/wiki/Heliozela;;//upload.wikimedia.org/wikipedia/commons/thumb/5/55/Heliozela_sp..jpg/275px-Heliozela_sp..jpg
Hellinsia;;https://ru.wikipedia.org/wiki/Hellinsia;;//upload.wikimedia.org/wikipedia/commons/thumb/a/ac/Hellinsia_emmelinoida.JPG/275px-Hellinsia_emmelinoida.JPG
Heliostola;;https://ru.wikipedia.org/wiki/Heliostola;;
Helluomorphoides;;https://ru.wikipedia.org/wiki/Helluomorphoides;;//upload.wikimedia.org/wikipedia/commons/thumb/a/a9/Helluomorphoides_praeustus_bicolor_%28Harris%29_-_ZooKeys-245-001-g042.jpeg/231px-Helluomorphoides_praeustus_bicolor_%28Harris%29_-_ZooKeys-245-001-g042.jpeg
Hellinsia vasnetsovi;;https://ru.wikipedia.org/wiki/Hellinsia_vasnetsovi;;
Hellinsia savrasovi;;https://ru.wikipedia.org/wiki/Hellinsia_savrasovi;;
Hellinsia polenovi;;https://ru.wikipedia.org/wiki/Hellinsia_polenovi;;
Hellinsia repini;;https://ru.wikipedia.org/wiki/Hellinsia_repini;;
Hellinsia shishkini;;https://ru.wikipedia.org/wiki/Hellinsia_shishkini;;
Hellinsia levitani;;https://ru.wikipedia.org/wiki/Hellinsia_levitani;;
Hellinsia kuinji;;https://ru.wikipedia.org/wiki/Hellinsia_kuinji;;
Hemaris croatica;;https://ru.wikipedia.org/wiki/Hemaris_croatica;;//upload.wikimedia.org/wikipedia/commons/thumb/7/71/Hemaris_croatica.jpg/275px-Hemaris_croatica.jpg
Hemaris diffinis;;https://ru.wikipedia.org/wiki/Hemaris_diffinis;;//upload.wikimedia.org/wikipedia/commons/thumb/8/81/SnowberryClearwing.jpg/275px-SnowberryClearwing.jpg
Helorimorphini;;https://ru.wikipedia.org/wiki/Helorimorphini;;//upload.wikimedia.org/wikipedia/commons/thumb/d/d9/Aridelus_rufotestaceus.jpg/275px-Aridelus_rufotestaceus.jpg
Hemaris thysbe;;https://ru.wikipedia.org/wiki/Hemaris_thysbe;;//upload.wikimedia.org/wikipedia/commons/thumb/c/c6/Hemaris_thysbe_sjh.JPG/275px-Hemaris_thysbe_sjh.JPG
Hemiaulax;;https://ru.wikipedia.org/wiki/Hemiaulax;;
Hemaris rubra;;https://ru.wikipedia.org/wiki/Hemaris_rubra;;//upload.wikimedia.org/wikipedia/commons/thumb/c/ca/Hemaris_rubra_BMNHE274259_male_up.jpg/275px-Hemaris_rubra_BMNHE274259_male_up.jpg
Hemiceratoides hieroglyphica;;https://ru.wikipedia.org/wiki/Hemiceratoides_hieroglyphica;;
Hemicoelus;;https://ru.wikipedia.org/wiki/Hemicoelus;;//upload.wikimedia.org/wikipedia/commons/thumb/3/3f/Hemicoelus_fulvicornis_%28Sturm%2C_1837%29_Syn.-_Anobium_fulvicorne_%28Sturm%2C_1837%29_%2811422801913%29.png/275px-Hemicoelus_fulvicornis_%28Sturm%2C_1837%29_Syn.-_Anobium_fulvicorne_%28Sturm%2C_1837%29_%2811422801913%29.png
Hemicordulia tau;;https://ru.wikipedia.org/wiki/Hemicordulia_tau;;//upload.wikimedia.org/wikipedia/commons/thumb/7/7c/Tau_Emerald_inflight_edit.jpg/275px-Tau_Emerald_inflight_edit.jpg
Hemiempusa capensis;;https://ru.wikipedia.org/wiki/Hemiempusa_capensis;;
Hemileucinae;;https://ru.wikipedia.org/wiki/Hemileucinae;;//upload.wikimedia.org/wikipedia/commons/thumb/3/30/Hemileuca_maia_0014195.jpg/275px-Hemileuca_maia_0014195.jpg
Hemideina thoracica;;https://ru.wikipedia.org/wiki/Hemideina_thoracica;;//upload.wikimedia.org/wikipedia/commons/thumb/5/50/H_thoracica_Matuku_5_Nov_2016_C_James_OHanlon.jpg/275px-H_thoracica_Matuku_5_Nov_2016_C_James_OHanlon.jpg
Hemideina;;https://ru.wikipedia.org/wiki/Hemideina;;//upload.wikimedia.org/wikipedia/commons/thumb/8/84/Male_tree_weta-orig.jpg/275px-Male_tree_weta-orig.jpg
Hemisphaerotini;;https://ru.wikipedia.org/wiki/Hemisphaerotini;;//upload.wikimedia.org/wikipedia/commons/thumb/e/e2/Palmetto_Tortoise_Beetle_-_Hemisphaerota_cyanea%2C_Lake_June-in-Winter_Scrub_State_Park%2C_Lake_Placid%2C_Florida.jpg/266px-Palmetto_Tortoise_Beetle_-_Hemisphaerota_cyanea%2C_Lake_June-in-Winter_Scrub_State_Park%2C_Lake_Placid%2C_Florida.jpg
Hemyda;;https://ru.wikipedia.org/wiki/Hemyda;;//upload.wikimedia.org/wikipedia/commons/thumb/7/7a/Hemyda_aurata_P1060364a.jpg/275px-Hemyda_aurata_P1060364a.jpg
Henosepilachna;;https://ru.wikipedia.org/wiki/Henosepilachna;;//upload.wikimedia.org/wikipedia/commons/thumb/d/dd/Henosepilachna_vigintioctopunctata_1959.jpg/275px-Henosepilachna_vigintioctopunctata_1959.jpg
Hephialtes ruber;;https://ru.wikipedia.org/wiki/Hephialtes_ruber;;
Hepsidera;;https://ru.wikipedia.org/wiki/Hepsidera;;
Heptaulacus testudinarius;;https://ru.wikipedia.org/wiki/Heptaulacus_testudinarius;;//upload.wikimedia.org/wikipedia/commons/thumb/9/92/Heptaulacus_testudinarius.jpg/275px-Heptaulacus_testudinarius.jpg
Heptaulacus;;https://ru.wikipedia.org/wiki/Heptaulacus;;
Heringia (мухи);;https://ru.wikipedia.org/wiki/Heringia_(%D0%BC%D1%83%D1%85%D0%B8);;//upload.wikimedia.org/wikipedia/commons/thumb/d/db/Heringia.brevidens.-.lindsey.jpg/275px-Heringia.brevidens.-.lindsey.jpg
Heringocrania;;https://ru.wikipedia.org/wiki/Heringocrania;;//upload.wikimedia.org/wikipedia/commons/thumb/b/bd/Eriocrania_unimaculella.jpg/275px-Eriocrania_unimaculella.jpg
Hermetiinae;;https://ru.wikipedia.org/wiki/Hermetiinae;;//upload.wikimedia.org/wikipedia/commons/thumb/8/8b/Hermetia_illucens_MHNT_Fronton.jpg/275px-Hermetia_illucens_MHNT_Fronton.jpg
Herminia (насекомые);;https://ru.wikipedia.org/wiki/Herminia_(%D0%BD%D0%B0%D1%81%D0%B5%D0%BA%D0%BE%D0%BC%D1%8B%D0%B5);;//upload.wikimedia.org/wikipedia/commons/thumb/c/c4/Herminia_grisealis01.jpg/275px-Herminia_grisealis01.jpg
Hesperandra glabra;;https://ru.wikipedia.org/wiki/Hesperandra_glabra;;//upload.wikimedia.org/wikipedia/commons/thumb/3/30/Hesperandra_glabra.jpg/275px-Hesperandra_glabra.jpg
Hespera;;https://ru.wikipedia.org/wiki/Hespera;;
Hespenedra chilensis;;https://ru.wikipedia.org/wiki/Hespenedra_chilensis;;
Hesperandra expectata;;https://ru.wikipedia.org/wiki/Hesperandra_expectata;;
Hesperandra polita;;https://ru.wikipedia.org/wiki/Hesperandra_polita;;//upload.wikimedia.org/wikipedia/commons/thumb/1/17/Hesperandra_polita.jpg/275px-Hesperandra_polita.jpg
Hesperophanes sericeus;;https://ru.wikipedia.org/wiki/Hesperophanes_sericeus;;//upload.wikimedia.org/wikipedia/commons/thumb/3/33/Hesperophanes_sericeus02.jpg/275px-Hesperophanes_sericeus02.jpg
Hesperus;;https://ru.wikipedia.org/wiki/Hesperus;;
Hesperophanes;;https://ru.wikipedia.org/wiki/Hesperophanes;;//upload.wikimedia.org/wikipedia/commons/thumb/0/06/Hesperophanes_sericeus01.jpg/275px-Hesperophanes_sericeus01.jpg
Hesperophanini;;https://ru.wikipedia.org/wiki/Hesperophanini;;//upload.wikimedia.org/wikipedia/commons/thumb/0/06/Hesperophanes_sericeus01.jpg/275px-Hesperophanes_sericeus01.jpg
Hestina assimilis;;https://ru.wikipedia.org/wiki/Hestina_assimilis;;//upload.wikimedia.org/wikipedia/commons/thumb/5/59/Hestina_assimilis_-_National_Museum_of_Nature_and_Science%2C_Tokyo_-_DSC07140.JPG/275px-Hestina_assimilis_-_National_Museum_of_Nature_and_Science%2C_Tokyo_-_DSC07140.JPG
Hetaeriinae;;https://ru.wikipedia.org/wiki/Hetaeriinae;;//upload.wikimedia.org/wikipedia/commons/b/b7/Ulkeus_sp..jpg
Hestina;;https://ru.wikipedia.org/wiki/Hestina;;//upload.wikimedia.org/wikipedia/commons/thumb/2/20/Hestia_assimilis_2_CRW_5254-16.jpg/275px-Hestia_assimilis_2_CRW_5254-16.jpg
Hestina japonica;;https://ru.wikipedia.org/wiki/Hestina_japonica;;//upload.wikimedia.org/wikipedia/commons/thumb/a/ad/Hestina_persimilis_japonica2.jpg/275px-Hestina_persimilis_japonica2.jpg
Heterocerus flexuosus;;https://ru.wikipedia.org/wiki/Heterocerus_flexuosus;;//upload.wikimedia.org/wikipedia/commons/thumb/0/05/Heterocerus_flexuosus.jpg/275px-Heterocerus_flexuosus.jpg
Heterocerus;;https://ru.wikipedia.org/wiki/Heterocerus;;//upload.wikimedia.org/wikipedia/commons/thumb/c/c3/Heterocerus_marginatus.jpg/275px-Heterocerus_marginatus.jpg
Heterocerus parallelus;;https://ru.wikipedia.org/wiki/Heterocerus_parallelus;;//upload.wikimedia.org/wikipedia/commons/thumb/3/39/Heterocerus_parallelus.png/275px-Heterocerus_parallelus.png
Heterogomphus;;https://ru.wikipedia.org/wiki/Heterogomphus;;//upload.wikimedia.org/wikipedia/commons/thumb/6/6a/Heterogomphus_schoenherri_Burmeister%2C_1847_male_%283859635046%29.jpg/275px-Heterogomphus_schoenherri_Burmeister%2C_1847_male_%283859635046%29.jpg
Heterogramma;;https://ru.wikipedia.org/wiki/Heterogramma;;
Heterogynaidae;;https://ru.wikipedia.org/wiki/Heterogynaidae;;//upload.wikimedia.org/wikipedia/commons/thumb/4/4d/Heterogyna04.jpg/275px-Heterogyna04.jpg
Heteronitis tridens;;https://ru.wikipedia.org/wiki/Heteronitis_tridens;;//upload.wikimedia.org/wikipedia/commons/thumb/5/5f/Heteronitis_tridens_Castelnau%2C_1840_male_%283997722259%29.jpg/275px-Heteronitis_tridens_Castelnau%2C_1840_male_%283997722259%29.jpg
Heteronemiidae;;https://ru.wikipedia.org/wiki/Heteronemiidae;;//upload.wikimedia.org/wikipedia/commons/thumb/e/ee/Insect_Specimen_from_LAKE_Collection_%2834027970922%29.jpg/275px-Insect_Specimen_from_LAKE_Collection_%2834027970922%29.jpg
Heteronitis castelnaui;;https://ru.wikipedia.org/wiki/Heteronitis_castelnaui;;
Heteroponerinae;;https://ru.wikipedia.org/wiki/Heteroponerinae;;//upload.wikimedia.org/wikipedia/commons/thumb/4/45/Heteroponera_panamensis_casent0106021_profile_1.jpg/275px-Heteroponera_panamensis_casent0106021_profile_1.jpg
Heteropogon;;https://ru.wikipedia.org/wiki/Heteropogon;;
Heteropaussus;;https://ru.wikipedia.org/wiki/Heteropaussus;;//upload.wikimedia.org/wikipedia/commons/thumb/7/74/Heteropaussus_hastatus.png/275px-Heteropaussus_hastatus.png
Heterospilus aesculapius;;https://ru.wikipedia.org/wiki/Heterospilus_aesculapius;;
Heterospilus alajuelus;;https://ru.wikipedia.org/wiki/Heterospilus_alajuelus;;
Heterospilus achterbergi;;https://ru.wikipedia.org/wiki/Heterospilus_achterbergi;;
Heterospilus;;https://ru.wikipedia.org/wiki/Heterospilus;;//upload.wikimedia.org/wikipedia/commons/thumb/6/62/Wingless_braconid_%28Braconidae%2C_Heterospilus_sp.%29_%2835789148151%29.jpg/275px-Wingless_braconid_%28Braconidae%2C_Heterospilus_sp.%29_%2835789148151%29.jpg
Heterospilus achi;;https://ru.wikipedia.org/wiki/Heterospilus_achi;;
Heterospilus agujas;;https://ru.wikipedia.org/wiki/Heterospilus_agujas;;
Heterospilus alejandroi;;https://ru.wikipedia.org/wiki/Heterospilus_alejandroi;;
Heterospilus agujasensis;;https://ru.wikipedia.org/wiki/Heterospilus_agujasensis;;
Heterospilus albocoxalis;;https://ru.wikipedia.org/wiki/Heterospilus_albocoxalis;;
Heteropterygidae;;https://ru.wikipedia.org/wiki/Heteropterygidae;;//upload.wikimedia.org/wikipedia/commons/thumb/6/6d/Orestes_guangxiensis_-_adult_female_1.jpg/275px-Orestes_guangxiensis_-_adult_female_1.jpg
Heterospilus apollo;;https://ru.wikipedia.org/wiki/Heterospilus_apollo;;
Heterospilus angelicae;;https://ru.wikipedia.org/wiki/Heterospilus_angelicae;;
Heterospilus areolatus;;https://ru.wikipedia.org/wiki/Heterospilus_areolatus;;
Heterospilus aphrodite;;https://ru.wikipedia.org/wiki/Heterospilus_aphrodite;;
Heterospilus attraholucus;;https://ru.wikipedia.org/wiki/Heterospilus_attraholucus;;
Heterospilus angustus;;https://ru.wikipedia.org/wiki/Heterospilus_angustus;;
Heterospilus arawak;;https://ru.wikipedia.org/wiki/Heterospilus_arawak;;
Heterospilus aubreyae;;https://ru.wikipedia.org/wiki/Heterospilus_aubreyae;;
Heterospilus austini;;https://ru.wikipedia.org/wiki/Heterospilus_austini;;
Heterospilus amuzgo;;https://ru.wikipedia.org/wiki/Heterospilus_amuzgo;;
Heterospilus brullei;;https://ru.wikipedia.org/wiki/Heterospilus_brullei;;
Heterospilus brethesi;;https://ru.wikipedia.org/wiki/Heterospilus_brethesi;;
Heterospilus cameroni;;https://ru.wikipedia.org/wiki/Heterospilus_cameroni;;
Heterospilus cachiensis;;https://ru.wikipedia.org/wiki/Heterospilus_cachiensis;;
Heterospilus bribri;;https://ru.wikipedia.org/wiki/Heterospilus_bribri;;
Heterospilus bruesi;;https://ru.wikipedia.org/wiki/Heterospilus_bruesi;;
Heterospilus boharti;;https://ru.wikipedia.org/wiki/Heterospilus_boharti;;
Heterospilus azofeifai;;https://ru.wikipedia.org/wiki/Heterospilus_azofeifai;;
Heterospilus cartagoensis;;https://ru.wikipedia.org/wiki/Heterospilus_cartagoensis;;
Heterospilus cacaoensis;;https://ru.wikipedia.org/wiki/Heterospilus_cacaoensis;;
Heterospilus costaricensis;;https://ru.wikipedia.org/wiki/Heterospilus_costaricensis;;
Heterospilus corcovado;;https://ru.wikipedia.org/wiki/Heterospilus_corcovado;;
Heterospilus eberhardi;;https://ru.wikipedia.org/wiki/Heterospilus_eberhardi;;
Heterospilus corrugatus;;https://ru.wikipedia.org/wiki/Heterospilus_corrugatus;;
Heterospilus cressoni;;https://ru.wikipedia.org/wiki/Heterospilus_cressoni;;
Heterospilus escazuensis;;https://ru.wikipedia.org/wiki/Heterospilus_escazuensis;;
Heterospilus enderleini;;https://ru.wikipedia.org/wiki/Heterospilus_enderleini;;
Heterospilus chaoi;;https://ru.wikipedia.org/wiki/Heterospilus_chaoi;;
Heterospilus cushmani;;https://ru.wikipedia.org/wiki/Heterospilus_cushmani;;
Heterospilus emilius;;https://ru.wikipedia.org/wiki/Heterospilus_emilius;;
Heterospilus fonsecai;;https://ru.wikipedia.org/wiki/Heterospilus_fonsecai;;
Heterospilus gahani;;https://ru.wikipedia.org/wiki/Heterospilus_gahani;;
Heterospilus fournieri;;https://ru.wikipedia.org/wiki/Heterospilus_fournieri;;
Heterospilus foersteri;;https://ru.wikipedia.org/wiki/Heterospilus_foersteri;;
Heterospilus fahringeri;;https://ru.wikipedia.org/wiki/Heterospilus_fahringeri;;
Himacerus mirmicoides;;https://ru.wikipedia.org/wiki/Himacerus_mirmicoides;;//upload.wikimedia.org/wikipedia/commons/thumb/b/b0/Himacerus_mirmicoides_female_01.jpg/240px-Himacerus_mirmicoides_female_01.jpg
Himacerus;;https://ru.wikipedia.org/wiki/Himacerus;;//upload.wikimedia.org/wikipedia/commons/thumb/e/e1/Nabidae_-_Himacerus_%28Aptus%29_mirmicoides.JPG/275px-Nabidae_-_Himacerus_%28Aptus%29_mirmicoides.JPG
Hilarimorphidae;;https://ru.wikipedia.org/wiki/Hilarimorphidae;;//upload.wikimedia.org/wikipedia/commons/thumb/8/8e/Hilarimorpha_wing_veins.svg/275px-Hilarimorpha_wing_veins.svg.png
Hipoepa;;https://ru.wikipedia.org/wiki/Hipoepa;;//upload.wikimedia.org/wikipedia/commons/thumb/b/b9/Polypogon_fractalis.jpg/275px-Polypogon_fractalis.jpg
Hippoboscoidea;;https://ru.wikipedia.org/wiki/Hippoboscoidea;;//upload.wikimedia.org/wikipedia/commons/thumb/e/e2/LipoptenaCervi.jpg/275px-LipoptenaCervi.jpg
Hippocentrodes;;https://ru.wikipedia.org/wiki/Hippocentrodes;;
Hippocentrum;;https://ru.wikipedia.org/wiki/Hippocentrum;;//upload.wikimedia.org/wikipedia/commons/thumb/e/ee/Hippocentrum_murphyi.png/275px-Hippocentrum_murphyi.png
Hippodamia;;https://ru.wikipedia.org/wiki/Hippodamia;;//upload.wikimedia.org/wikipedia/commons/thumb/d/db/Hippodamia_variegata01.jpg/275px-Hippodamia_variegata01.jpg
Hippodamia septemmaculata;;https://ru.wikipedia.org/wiki/Hippodamia_septemmaculata;;//upload.wikimedia.org/wikipedia/commons/thumb/0/05/Hippodamia_septemmaculata_%28DeGeer%2C_1775%29.jpg/275px-Hippodamia_septemmaculata_%28DeGeer%2C_1775%29.jpg
Hippodamia convergens;;https://ru.wikipedia.org/wiki/Hippodamia_convergens;;//upload.wikimedia.org/wikipedia/commons/thumb/8/83/Convergent_Ladybeetle_%2829666700695%29.jpg/275px-Convergent_Ladybeetle_%2829666700695%29.jpg
Histerinae;;https://ru.wikipedia.org/wiki/Histerinae;;//upload.wikimedia.org/wikipedia/commons/thumb/2/2c/Hister_quadrimaculatus_MHNT_Fronton_Profil.jpg/275px-Hister_quadrimaculatus_MHNT_Fronton_Profil.jpg
Hispoleptini;;https://ru.wikipedia.org/wiki/Hispoleptini;;
Histeromerinae;;https://ru.wikipedia.org/wiki/Histeromerinae;;
Holcopogoninae;;https://ru.wikipedia.org/wiki/Holcopogoninae;;
Hodotermitidae;;https://ru.wikipedia.org/wiki/Hodotermitidae;;//upload.wikimedia.org/wikipedia/commons/thumb/8/8b/Hodotermes_mossambicus.jpg/275px-Hodotermes_mossambicus.jpg
Holocompsa pusilla;;https://ru.wikipedia.org/wiki/Holocompsa_pusilla;;
Hololeptoblatta minor;;https://ru.wikipedia.org/wiki/Hololeptoblatta_minor;;
Holorusia;;https://ru.wikipedia.org/wiki/Holorusia;;//upload.wikimedia.org/wikipedia/commons/thumb/a/af/Tipulidae-Kadavoor-2016-06-23-001.jpg/275px-Tipulidae-Kadavoor-2016-06-23-001.jpg
Holoparamecus;;https://ru.wikipedia.org/wiki/Holoparamecus;;//upload.wikimedia.org/wikipedia/commons/thumb/f/fa/Holoparamecus_singularis_Jacobson.png/258px-Holoparamecus_singularis_Jacobson.png
Holorusia mikado;;https://ru.wikipedia.org/wiki/Holorusia_mikado;;
Homalictus;;https://ru.wikipedia.org/wiki/Homalictus;;//upload.wikimedia.org/wikipedia/commons/thumb/c/cb/Homalictus_blackburni_8461.jpg/275px-Homalictus_blackburni_8461.jpg
Homalictus achrostus;;https://ru.wikipedia.org/wiki/Homalictus_achrostus;;
Homalictus blackburni;;https://ru.wikipedia.org/wiki/Homalictus_blackburni;;//upload.wikimedia.org/wikipedia/commons/thumb/0/0c/Homalictus_blackburni_8535.jpg/275px-Homalictus_blackburni_8535.jpg
Homalictus atritergus;;https://ru.wikipedia.org/wiki/Homalictus_atritergus;;
Homalictus fijiensis;;https://ru.wikipedia.org/wiki/Homalictus_fijiensis;;
Homalictus concavus;;https://ru.wikipedia.org/wiki/Homalictus_concavus;;
Homalictus groomi;;https://ru.wikipedia.org/wiki/Homalictus_groomi;;
Homalictus tuiwawae;;https://ru.wikipedia.org/wiki/Homalictus_tuiwawae;;
Homalictus versifrons;;https://ru.wikipedia.org/wiki/Homalictus_versifrons;;
Homalictus hadrander;;https://ru.wikipedia.org/wiki/Homalictus_hadrander;;
Homalictus ostridorsum;;https://ru.wikipedia.org/wiki/Homalictus_ostridorsum;;
Homalictus nadarivatu;;https://ru.wikipedia.org/wiki/Homalictus_nadarivatu;;
Homalictus taveuni;;https://ru.wikipedia.org/wiki/Homalictus_taveuni;;
Homalictus terminalis;;https://ru.wikipedia.org/wiki/Homalictus_terminalis;;
Homalogonia;;https://ru.wikipedia.org/wiki/Homalogonia;;
Homalictus kaicolo;;https://ru.wikipedia.org/wiki/Homalictus_kaicolo;;
Homolobinae;;https://ru.wikipedia.org/wiki/Homolobinae;;
Hoplapoderini;;https://ru.wikipedia.org/wiki/Hoplapoderini;;
Hoplia argentea;;https://ru.wikipedia.org/wiki/Hoplia_argentea;;//upload.wikimedia.org/wikipedia/commons/thumb/9/99/Scarabaeidae_-_Hoplia_argentea-008.JPG/275px-Scarabaeidae_-_Hoplia_argentea-008.JPG
Hoplitis erythrogastra;;https://ru.wikipedia.org/wiki/Hoplitis_erythrogastra;;
Hoplia coerulea;;https://ru.wikipedia.org/wiki/Hoplia_coerulea;;//upload.wikimedia.org/wikipedia/commons/thumb/9/95/Hoplia_coerulea_by_Frank_Vassen_%28cropped%29.jpg/275px-Hoplia_coerulea_by_Frank_Vassen_%28cropped%29.jpg
Hoplitis parasitica;;https://ru.wikipedia.org/wiki/Hoplitis_parasitica;;
Hoploscopa;;https://ru.wikipedia.org/wiki/Hoploscopa;;
Hoplocerambyx spinicornis;;https://ru.wikipedia.org/wiki/Hoplocerambyx_spinicornis;;//upload.wikimedia.org/wikipedia/commons/thumb/e/e9/Hoplocerambyx_spinicornis_%28Newman%2C_1842%29_male_%283934675836%29_%282%29.jpg/275px-Hoplocerambyx_spinicornis_%28Newman%2C_1842%29_male_%283934675836%29_%282%29.jpg
Hoshihananomia transsylvanica;;https://ru.wikipedia.org/wiki/Hoshihananomia_transsylvanica;;
Hormaphidinae;;https://ru.wikipedia.org/wiki/Hormaphidinae;;
Hospitalitermes;;https://ru.wikipedia.org/wiki/Hospitalitermes;;
Hospitalitermes krishnai;;https://ru.wikipedia.org/wiki/Hospitalitermes_krishnai;;
Hospitalitermes hospitalis;;https://ru.wikipedia.org/wiki/Hospitalitermes_hospitalis;;
Huberia;;https://ru.wikipedia.org/wiki/Huberia;;//upload.wikimedia.org/wikipedia/commons/thumb/2/21/Huberia_striata_casent0006149_profile_1.jpg/275px-Huberia_striata_casent0006149_profile_1.jpg
Huequenia livida;;https://ru.wikipedia.org/wiki/Huequenia_livida;;
Hybomitra illota;;https://ru.wikipedia.org/wiki/Hybomitra_illota;;
Hybosorus roei;;https://ru.wikipedia.org/wiki/Hybosorus_roei;;//upload.wikimedia.org/wikipedia/commons/thumb/8/8d/Hybosorus_arator_%28Illiger%2C_1803%29_%282966310437%29.jpg/275px-Hybosorus_arator_%28Illiger%2C_1803%29_%282966310437%29.jpg
Hybometopia starcki;;https://ru.wikipedia.org/wiki/Hybometopia_starcki;;//upload.wikimedia.org/wikipedia/commons/thumb/c/c7/Hybometopia_starcki.png/266px-Hybometopia_starcki.png
Hybomitra rhombica;;https://ru.wikipedia.org/wiki/Hybomitra_rhombica;;
Hybosorus;;https://ru.wikipedia.org/wiki/Hybosorus;;//upload.wikimedia.org/wikipedia/commons/thumb/8/8d/Hybosorus_arator_%28Illiger%2C_1803%29_%282966310437%29.jpg/275px-Hybosorus_arator_%28Illiger%2C_1803%29_%282966310437%29.jpg
Hybosispini;;https://ru.wikipedia.org/wiki/Hybosispini;;
Hybomitra;;https://ru.wikipedia.org/wiki/Hybomitra;;//upload.wikimedia.org/wikipedia/commons/thumb/c/ca/Hybomitra.micans.female.laying.eggs.jpg/275px-Hybomitra.micans.female.laying.eggs.jpg
Hydrillodes;;https://ru.wikipedia.org/wiki/Hydrillodes;;//upload.wikimedia.org/wikipedia/commons/d/dc/Hydrillodes_uliginosalis.jpg
Hydraeninae;;https://ru.wikipedia.org/wiki/Hydraeninae;;//upload.wikimedia.org/wikipedia/commons/thumb/a/ac/Hydraena_ambiflagellata.jpg/242px-Hydraena_ambiflagellata.jpg
Hydrillodes grisea;;https://ru.wikipedia.org/wiki/Hydrillodes_grisea;;
Hydromedion sparsutum;;https://ru.wikipedia.org/wiki/Hydromedion_sparsutum;;
Hydrolutos breweri;;https://ru.wikipedia.org/wiki/Hydrolutos_breweri;;
Hydrophilinae;;https://ru.wikipedia.org/wiki/Hydrophilinae;;//upload.wikimedia.org/wikipedia/commons/thumb/0/08/Hydrophilidae_-_Hydrophilus_picicornis.JPG/275px-Hydrophilidae_-_Hydrophilus_picicornis.JPG
Hylotrupes;;https://ru.wikipedia.org/wiki/Hylotrupes;;//upload.wikimedia.org/wikipedia/commons/thumb/0/02/Hylotrupes_bajulus01.jpg/275px-Hylotrupes_bajulus01.jpg
Hymenopodidae;;https://ru.wikipedia.org/wiki/Hymenopodidae;;//upload.wikimedia.org/wikipedia/commons/thumb/8/8b/Hestiasula_brunneriana_1_Luc_Viatour.jpg/275px-Hestiasula_brunneriana_1_Luc_Viatour.jpg
Hymenopus;;https://ru.wikipedia.org/wiki/Hymenopus;;//upload.wikimedia.org/wikipedia/commons/thumb/c/c1/Hymenopus_coronatus1.jpg/275px-Hymenopus_coronatus1.jpg
Hymenoepimecis argyraphaga;;https://ru.wikipedia.org/wiki/Hymenoepimecis_argyraphaga;;
Hymenoepimecis;;https://ru.wikipedia.org/wiki/Hymenoepimecis;;
Hypatopa cotis;;https://ru.wikipedia.org/wiki/Hypatopa_cotis;;
Hypatopa;;https://ru.wikipedia.org/wiki/Hypatopa;;//upload.wikimedia.org/wikipedia/commons/thumb/5/55/Hypatopa_segnella.jpg/275px-Hypatopa_segnella.jpg
Hypatopa acus;;https://ru.wikipedia.org/wiki/Hypatopa_acus;;
Hypatopa caedis;;https://ru.wikipedia.org/wiki/Hypatopa_caedis;;
Hypatopa arxcis;;https://ru.wikipedia.org/wiki/Hypatopa_arxcis;;
Hypatopa cladis;;https://ru.wikipedia.org/wiki/Hypatopa_cladis;;
Hypatopa agnae;;https://ru.wikipedia.org/wiki/Hypatopa_agnae;;
Hypatopa caepae;;https://ru.wikipedia.org/wiki/Hypatopa_caepae;;
Hypatopa actes;;https://ru.wikipedia.org/wiki/Hypatopa_actes;;
Hypatopa limae;;https://ru.wikipedia.org/wiki/Hypatopa_limae;;
Hypatopa cyane;;https://ru.wikipedia.org/wiki/Hypatopa_cyane;;
Hypatopa juno;;https://ru.wikipedia.org/wiki/Hypatopa_juno;;
Hypatopa crux;;https://ru.wikipedia.org/wiki/Hypatopa_crux;;
Hypatopa cotytto;;https://ru.wikipedia.org/wiki/Hypatopa_cotytto;;
Hypatopa dolo;;https://ru.wikipedia.org/wiki/Hypatopa_dolo;;
Hypatopa hera;;https://ru.wikipedia.org/wiki/Hypatopa_hera;;
Hypatopa edax;;https://ru.wikipedia.org/wiki/Hypatopa_edax;;
Hypatopa hecate;;https://ru.wikipedia.org/wiki/Hypatopa_hecate;;
Hypatopa joniella;;https://ru.wikipedia.org/wiki/Hypatopa_joniella;;
Hypatopa styga;;https://ru.wikipedia.org/wiki/Hypatopa_styga;;
Hypatopa semela;;https://ru.wikipedia.org/wiki/Hypatopa_semela;;
Hypatopa scobis;;https://ru.wikipedia.org/wiki/Hypatopa_scobis;;
Hypatopa pica;;https://ru.wikipedia.org/wiki/Hypatopa_pica;;
Hypatopa nex;;https://ru.wikipedia.org/wiki/Hypatopa_nex;;
Hypatopa lucina;;https://ru.wikipedia.org/wiki/Hypatopa_lucina;;
Hypatopa rego;;https://ru.wikipedia.org/wiki/Hypatopa_rego;;
Hypatopa manus;;https://ru.wikipedia.org/wiki/Hypatopa_manus;;
Hypatopa phoebe;;https://ru.wikipedia.org/wiki/Hypatopa_phoebe;;
Hypatopa plebis;;https://ru.wikipedia.org/wiki/Hypatopa_plebis;;
Hypericia;;https://ru.wikipedia.org/wiki/Hypericia;;
Hyperaspis;;https://ru.wikipedia.org/wiki/Hyperaspis;;//upload.wikimedia.org/wikipedia/commons/0/0e/Hyperaspis.reppensis.-.calwer.46.22.jpg
Hyperaspidius;;https://ru.wikipedia.org/wiki/Hyperaspidius;;
Hyperaspis erythrocephalus;;https://ru.wikipedia.org/wiki/Hyperaspis_erythrocephalus;;
Hyperaspis reppensis;;https://ru.wikipedia.org/wiki/Hyperaspis_reppensis;;//upload.wikimedia.org/wikipedia/commons/0/0e/Hyperaspis.reppensis.-.calwer.46.22.jpg
Hyperaspis campestris;;https://ru.wikipedia.org/wiki/Hyperaspis_campestris;;//upload.wikimedia.org/wikipedia/commons/thumb/5/54/Hyperaspis_campestris_%287179232854%29.jpg/275px-Hyperaspis_campestris_%287179232854%29.jpg
Hypenula;;https://ru.wikipedia.org/wiki/Hypenula;;//upload.wikimedia.org/wikipedia/commons/thumb/6/6d/Hypenula_cacuminalis_-_Long-Horned_Owlet_Moth_%2815438609394%29.jpg/275px-Hypenula_cacuminalis_-_Long-Horned_Owlet_Moth_%2815438609394%29.jpg
Hypena;;https://ru.wikipedia.org/wiki/Hypena;;//upload.wikimedia.org/wikipedia/commons/thumb/2/2a/Hypena.proboscidalis.7469.jpg/275px-Hypena.proboscidalis.7469.jpg
Hypnoidinae;;https://ru.wikipedia.org/wiki/Hypnoidinae;;
Hypnoidus;;https://ru.wikipedia.org/wiki/Hypnoidus;;//upload.wikimedia.org/wikipedia/commons/thumb/6/66/Hypnoidus_rivularius.jpg/272px-Hypnoidus_rivularius.jpg
Hypocacculus;;https://ru.wikipedia.org/wiki/Hypocacculus;;
Hypocaccus;;https://ru.wikipedia.org/wiki/Hypocaccus;;//upload.wikimedia.org/wikipedia/commons/5/51/Hypocaccus.metallicus.-.calwer.17.08.jpg
Hyphasis;;https://ru.wikipedia.org/wiki/Hyphasis;;
Hypocephalus armatus;;https://ru.wikipedia.org/wiki/Hypocephalus_armatus;;//upload.wikimedia.org/wikipedia/commons/thumb/c/cf/Vesperidae_-_Hypocephalus_armatus.jpg/275px-Vesperidae_-_Hypocephalus_armatus.jpg
Hypolimnas;;https://ru.wikipedia.org/wiki/Hypolimnas;;//upload.wikimedia.org/wikipedia/commons/thumb/5/54/Hypolimnas_monteironis_%28Druce%2C_1874%29_%28Centrafrique%29.jpg/275px-Hypolimnas_monteironis_%28Druce%2C_1874%29_%28Centrafrique%29.jpg
Hypolimnas antilope;;https://ru.wikipedia.org/wiki/Hypolimnas_antilope;;//upload.wikimedia.org/wikipedia/commons/thumb/6/6c/Hypolimnas_antilope.JPG/275px-Hypolimnas_antilope.JPG
Hypocisseis;;https://ru.wikipedia.org/wiki/Hypocisseis;;
Hypoganomorphus;;https://ru.wikipedia.org/wiki/Hypoganomorphus;;
Hypoechana fuliginosa;;https://ru.wikipedia.org/wiki/Hypoechana_fuliginosa;;
Hypolithus;;https://ru.wikipedia.org/wiki/Hypolithus;;//upload.wikimedia.org/wikipedia/commons/thumb/7/7f/Hypolithus_littoralis.jpg/275px-Hypolithus_littoralis.jpg
Hypolimnas bolina;;https://ru.wikipedia.org/wiki/Hypolimnas_bolina;;//upload.wikimedia.org/wikipedia/commons/thumb/9/93/Hypolimnas_bolina_in_Japan.jpg/275px-Hypolimnas_bolina_in_Japan.jpg
Hypolimnas misippus;;https://ru.wikipedia.org/wiki/Hypolimnas_misippus;;//upload.wikimedia.org/wikipedia/commons/thumb/3/33/Hypolimnas_misippus_Madayippara.jpg/275px-Hypolimnas_misippus_Madayippara.jpg
Hyponeuma taltula;;https://ru.wikipedia.org/wiki/Hyponeuma_taltula;;
Hyposmocoma lixiviella;;https://ru.wikipedia.org/wiki/Hyposmocoma_lixiviella;;//upload.wikimedia.org/wikipedia/commons/thumb/7/76/Hyposmocoma_species4.JPG/275px-Hyposmocoma_species4.JPG
Hypselosyrphus;;https://ru.wikipedia.org/wiki/Hypselosyrphus;;
Hypsicorypha gracilis;;https://ru.wikipedia.org/wiki/Hypsicorypha_gracilis;;//upload.wikimedia.org/wikipedia/commons/thumb/8/85/Hypsicorypha_gracilis.JPG/275px-Hypsicorypha_gracilis.JPG
Hypsostypos;;https://ru.wikipedia.org/wiki/Hypsostypos;;//upload.wikimedia.org/wikipedia/commons/thumb/6/63/Hypsostypos.jpg/275px-Hypsostypos.jpg
Hyptia deansi;;https://ru.wikipedia.org/wiki/Hyptia_deansi;;
Hyptia hennigi;;https://ru.wikipedia.org/wiki/Hyptia_hennigi;;
Hystrichopsylla;;https://ru.wikipedia.org/wiki/Hystrichopsylla;;
