Maaminga;;https://ru.wikipedia.org/wiki/Maaminga;;//upload.wikimedia.org/wikipedia/commons/thumb/a/af/Maaminga_marrisi_AMNZ17769_s.jpg/275px-Maaminga_marrisi_AMNZ17769_s.jpg
Macchiatiella;;https://ru.wikipedia.org/wiki/Macchiatiella;;
Machaeropalpus fasciatus;;https://ru.wikipedia.org/wiki/Machaeropalpus_fasciatus;;
Machaerotypus sibiricus;;https://ru.wikipedia.org/wiki/Machaerotypus_sibiricus;;
Machilaphis;;https://ru.wikipedia.org/wiki/Machilaphis;;
Macrambyx suturalis;;https://ru.wikipedia.org/wiki/Macrambyx_suturalis;;//upload.wikimedia.org/wikipedia/commons/thumb/3/3b/Macrambyx_suturalis.png/275px-Macrambyx_suturalis.png
Macristis;;https://ru.wikipedia.org/wiki/Macristis;;
Macrodontia;;https://ru.wikipedia.org/wiki/Macrodontia;;//upload.wikimedia.org/wikipedia/commons/thumb/f/f8/Macrodontia_cervicornis_%28Linn%C3%A9%2C_1758%29_%283035213594%29.jpg/227px-Macrodontia_cervicornis_%28Linn%C3%A9%2C_1758%29_%283035213594%29.jpg
Macrocilix maia;;https://ru.wikipedia.org/wiki/Macrocilix_maia;;//upload.wikimedia.org/wikipedia/commons/thumb/6/6d/Macrocilix_maia.jpg/275px-Macrocilix_maia.jpg
Macrocentrinae;;https://ru.wikipedia.org/wiki/Macrocentrinae;;//upload.wikimedia.org/wikipedia/commons/thumb/e/e4/Braconid_Wasp_-_Macrocentrinae_subfamily%2C_Smithsonian_Environmental_Research_Center%2C_Edgewater%2C_Maryland.jpg/275px-Braconid_Wasp_-_Macrocentrinae_subfamily%2C_Smithsonian_Environmental_Research_Center%2C_Edgewater%2C_Maryland.jpg
Macrochilo;;https://ru.wikipedia.org/wiki/Macrochilo;;//upload.wikimedia.org/wikipedia/commons/thumb/a/ad/Macrochilo_cribrumalis_FvL.jpg/275px-Macrochilo_cribrumalis_FvL.jpg
Macromyzella;;https://ru.wikipedia.org/wiki/Macromyzella;;
Macromidia genialis;;https://ru.wikipedia.org/wiki/Macromidia_genialis;;
Macromiidae;;https://ru.wikipedia.org/wiki/Macromiidae;;//upload.wikimedia.org/wikipedia/commons/thumb/0/08/Macromia_taeniolata.jpg/275px-Macromia_taeniolata.jpg
Macromonycha;;https://ru.wikipedia.org/wiki/Macromonycha;;
Macromyzus;;https://ru.wikipedia.org/wiki/Macromyzus;;
Macrodontia batesi;;https://ru.wikipedia.org/wiki/Macrodontia_batesi;;//upload.wikimedia.org/wikipedia/commons/thumb/6/6e/Macrodontia_batesi.jpg/275px-Macrodontia_batesi.jpg
Macronychus;;https://ru.wikipedia.org/wiki/Macronychus;;//upload.wikimedia.org/wikipedia/commons/thumb/d/d8/Macronychus_quadrituberculatus.jpg/275px-Macronychus_quadrituberculatus.jpg
Macronemurus;;https://ru.wikipedia.org/wiki/Macronemurus;;//upload.wikimedia.org/wikipedia/commons/thumb/1/1b/Macronemurus_appendiculatus_%289566801134%29.jpg/220px-Macronemurus_appendiculatus_%289566801134%29.jpg
Macroplea mutica;;https://ru.wikipedia.org/wiki/Macroplea_mutica;;//upload.wikimedia.org/wikipedia/commons/thumb/b/b2/Macroplea_mutica_%28Fabricius%2C_1792%29.jpg/275px-Macroplea_mutica_%28Fabricius%2C_1792%29.jpg
Macropodaphis;;https://ru.wikipedia.org/wiki/Macropodaphis;;
Macrosiphum;;https://ru.wikipedia.org/wiki/Macrosiphum;;//upload.wikimedia.org/wikipedia/commons/thumb/f/fe/Macrosiphum_rosae_5422189.jpg/275px-Macrosiphum_rosae_5422189.jpg
Macrotermitinae;;https://ru.wikipedia.org/wiki/Macrotermitinae;;//upload.wikimedia.org/wikipedia/commons/thumb/4/48/Fungus-growing_Termites_%28Macrotermes_carbonarius%29_%288683915274%29.jpg/275px-Fungus-growing_Termites_%28Macrotermes_carbonarius%29_%288683915274%29.jpg
Macrosiphoniella;;https://ru.wikipedia.org/wiki/Macrosiphoniella;;//upload.wikimedia.org/wikipedia/commons/thumb/e/ed/Macrosiphoniella.persequens.-.lindsey.jpg/275px-Macrosiphoniella.persequens.-.lindsey.jpg
Macrosiphini;;https://ru.wikipedia.org/wiki/Macrosiphini;;//upload.wikimedia.org/wikipedia/commons/thumb/2/20/Acyrthosiphon_pisum_%28pea_aphid%29-PLoS.jpg/275px-Acyrthosiphon_pisum_%28pea_aphid%29-PLoS.jpg
Madaphlocteis;;https://ru.wikipedia.org/wiki/Madaphlocteis;;
Macta;;https://ru.wikipedia.org/wiki/Macta;;
Macrotoma;;https://ru.wikipedia.org/wiki/Macrotoma;;//upload.wikimedia.org/wikipedia/commons/thumb/7/7c/Macrotoma_palmata_%28Fabricius%2C_1792%29_male_%283548423453%29.jpg/275px-Macrotoma_palmata_%28Fabricius%2C_1792%29_male_%283548423453%29.jpg
Madassetia;;https://ru.wikipedia.org/wiki/Madassetia;;
Madassetia bicolor;;https://ru.wikipedia.org/wiki/Madassetia_bicolor;;
Macrotrichaphis;;https://ru.wikipedia.org/wiki/Macrotrichaphis;;
Madecassia;;https://ru.wikipedia.org/wiki/Madecassia;;//upload.wikimedia.org/wikipedia/commons/thumb/f/f3/Madecassia_rothschildi.jpg/275px-Madecassia_rothschildi.jpg
Madygella humioi;;https://ru.wikipedia.org/wiki/Madygella_humioi;;
Maenadochrysa;;https://ru.wikipedia.org/wiki/Maenadochrysa;;
Magadanobracon rasnitsyni;;https://ru.wikipedia.org/wiki/Magadanobracon_rasnitsyni;;
Maguviopseidae;;https://ru.wikipedia.org/wiki/Maguviopseidae;;
Mahakamia kampmeinerti;;https://ru.wikipedia.org/wiki/Mahakamia_kampmeinerti;;
Malagascoderes;;https://ru.wikipedia.org/wiki/Malagascoderes;;
Mallodonopsis corrosus;;https://ru.wikipedia.org/wiki/Mallodonopsis_corrosus;;
Mallodonopsis mexicanus;;https://ru.wikipedia.org/wiki/Mallodonopsis_mexicanus;;//upload.wikimedia.org/wikipedia/commons/thumb/8/89/Mallodonopsis_mexicanus.png/275px-Mallodonopsis_mexicanus.png
Malthodes marginatus;;https://ru.wikipedia.org/wiki/Malthodes_marginatus;;//upload.wikimedia.org/wikipedia/commons/thumb/c/c4/Malthodes_marginatus_01.JPG/275px-Malthodes_marginatus_01.JPG
Malthinus frontalis;;https://ru.wikipedia.org/wiki/Malthinus_frontalis;;
Mallota;;https://ru.wikipedia.org/wiki/Mallota;;//upload.wikimedia.org/wikipedia/commons/thumb/d/df/Syrphid_fly_Mallota_1.jpg/275px-Syrphid_fly_Mallota_1.jpg
Malthodes maurus;;https://ru.wikipedia.org/wiki/Malthodes_maurus;;
Malthodes guttifer;;https://ru.wikipedia.org/wiki/Malthodes_guttifer;;
Mallosia scovitzi;;https://ru.wikipedia.org/wiki/Mallosia_scovitzi;;
Malvinius;;https://ru.wikipedia.org/wiki/Malvinius;;
Malthodes minimus;;https://ru.wikipedia.org/wiki/Malthodes_minimus;;//upload.wikimedia.org/wikipedia/commons/thumb/c/c4/Malthodes_minimus_side.jpg/275px-Malthodes_minimus_side.jpg
Mamerthes;;https://ru.wikipedia.org/wiki/Mamerthes;;
Manda nearctica;;https://ru.wikipedia.org/wiki/Manda_nearctica;;
Mannerheimia;;https://ru.wikipedia.org/wiki/Mannerheimia;;//upload.wikimedia.org/wikipedia/commons/thumb/6/64/Mannerheimia_arctica_%28Erichson%2C_1840%29_%2819514802843%29.png/275px-Mannerheimia_arctica_%28Erichson%2C_1840%29_%2819514802843%29.png
Mantinae;;https://ru.wikipedia.org/wiki/Mantinae;;//upload.wikimedia.org/wikipedia/commons/thumb/d/d3/Large_brown_mantid_white.jpg/275px-Large_brown_mantid_white.jpg
Mantoididae;;https://ru.wikipedia.org/wiki/Mantoididae;;//upload.wikimedia.org/wikipedia/commons/thumb/c/c0/Mantoida_nitida.jpg/200px-Mantoida_nitida.jpg
Mantillica nigricans;;https://ru.wikipedia.org/wiki/Mantillica_nigricans;;
Mantura;;https://ru.wikipedia.org/wiki/Mantura;;//upload.wikimedia.org/wikipedia/commons/thumb/1/19/Mantura_chrysanthemi_%28Koch%2C_1803%29.jpg/275px-Mantura_chrysanthemi_%28Koch%2C_1803%29.jpg
Margareta dominica;;https://ru.wikipedia.org/wiki/Margareta_dominica;;
Margarinotus bipustulatus;;https://ru.wikipedia.org/wiki/Margarinotus_bipustulatus;;//upload.wikimedia.org/wikipedia/commons/thumb/2/22/Stamps_of_Germany_%28DDR%29_1968%2C_MiNr_1415.jpg/275px-Stamps_of_Germany_%28DDR%29_1968%2C_MiNr_1415.jpg
Marietta mexicana;;https://ru.wikipedia.org/wiki/Marietta_mexicana;;
Margiza purpuraria;;https://ru.wikipedia.org/wiki/Margiza_purpuraria;;
Marietta graminicola;;https://ru.wikipedia.org/wiki/Marietta_graminicola;;
Margituberculatus;;https://ru.wikipedia.org/wiki/Margituberculatus;;
Marietta;;https://ru.wikipedia.org/wiki/Marietta;;
Margizoides;;https://ru.wikipedia.org/wiki/Margizoides;;
Margites fulvidus;;https://ru.wikipedia.org/wiki/Margites_fulvidus;;
Maronia celadon;;https://ru.wikipedia.org/wiki/Maronia_celadon;;
Marlattiella;;https://ru.wikipedia.org/wiki/Marlattiella;;
Marietta pulchella;;https://ru.wikipedia.org/wiki/Marietta_pulchella;;
Marikia descarpentriesi;;https://ru.wikipedia.org/wiki/Marikia_descarpentriesi;;
Marzigetta;;https://ru.wikipedia.org/wiki/Marzigetta;;
Martialis heureka;;https://ru.wikipedia.org/wiki/Martialis_heureka;;//upload.wikimedia.org/wikipedia/commons/thumb/e/e4/Martialis_heureka_CASENT0106181_1.jpg/275px-Martialis_heureka_CASENT0106181_1.jpg
Masoreus;;https://ru.wikipedia.org/wiki/Masoreus;;//upload.wikimedia.org/wikipedia/commons/9/92/Masoreus.wetterhallii.-.calwer.05.08.jpg
Mastax;;https://ru.wikipedia.org/wiki/Mastax;;//upload.wikimedia.org/wikipedia/commons/6/69/Mastax_histrio.jpeg
Masoninae;;https://ru.wikipedia.org/wiki/Masoninae;;
Mastigophorus;;https://ru.wikipedia.org/wiki/Mastigophorus;;
Mastigia epitusalis;;https://ru.wikipedia.org/wiki/Mastigia_epitusalis;;
Masuzoa;;https://ru.wikipedia.org/wiki/Masuzoa;;
Mastopoda;;https://ru.wikipedia.org/wiki/Mastopoda;;
Mastixis;;https://ru.wikipedia.org/wiki/Mastixis;;
Mastotermitidae;;https://ru.wikipedia.org/wiki/Mastotermitidae;;//upload.wikimedia.org/wikipedia/commons/thumb/a/a3/Mastotermes_darwiniensis.jpg/275px-Mastotermes_darwiniensis.jpg
Matsumuraja;;https://ru.wikipedia.org/wiki/Matsumuraja;;
Maxfischeria;;https://ru.wikipedia.org/wiki/Maxfischeria;;
Mayriella;;https://ru.wikipedia.org/wiki/Mayriella;;//upload.wikimedia.org/wikipedia/commons/thumb/9/96/Mayriella_abstinens_casent0172349_profile_1.jpg/275px-Mayriella_abstinens_casent0172349_profile_1.jpg
Mayriella sharpi;;https://ru.wikipedia.org/wiki/Mayriella_sharpi;;//upload.wikimedia.org/wikipedia/commons/thumb/a/a5/Mayriella_sharpi_casent0172443_head_1.jpg/275px-Mayriella_sharpi_casent0172443_head_1.jpg
Mecaspis;;https://ru.wikipedia.org/wiki/Mecaspis;;//upload.wikimedia.org/wikipedia/commons/thumb/4/49/Curculionidae_-_Mecaspis_alternans.jpg/275px-Curculionidae_-_Mecaspis_alternans.jpg
Mayriella ebbei;;https://ru.wikipedia.org/wiki/Mayriella_ebbei;;//upload.wikimedia.org/wikipedia/commons/thumb/7/73/Mayriella_ebbei_casent0106116_head_1.jpg/275px-Mayriella_ebbei_casent0106116_head_1.jpg
Mecistoptera griseifusa;;https://ru.wikipedia.org/wiki/Mecistoptera_griseifusa;;
Mecysolobini;;https://ru.wikipedia.org/wiki/Mecysolobini;;
Mecysolobus;;https://ru.wikipedia.org/wiki/Mecysolobus;;
Medon;;https://ru.wikipedia.org/wiki/Medon;;//upload.wikimedia.org/wikipedia/commons/thumb/0/0b/Medon.apicalis.-.lindsey.jpg/275px-Medon.apicalis.-.lindsey.jpg
Medeterinae;;https://ru.wikipedia.org/wiki/Medeterinae;;//upload.wikimedia.org/wikipedia/commons/thumb/d/d5/Medetera.jacula.-.lindsey.jpg/266px-Medetera.jacula.-.lindsey.jpg
Medeterella;;https://ru.wikipedia.org/wiki/Medeterella;;
Medetera;;https://ru.wikipedia.org/wiki/Medetera;;//upload.wikimedia.org/wikipedia/commons/thumb/f/f3/Medetera_spec_-_Burgwald_2011.ogv/275px--Medetera_spec_-_Burgwald_2011.ogv.jpg
Megacephala;;https://ru.wikipedia.org/wiki/Megacephala;;//upload.wikimedia.org/wikipedia/commons/thumb/7/78/Megacephala_spixii.jpg/244px-Megacephala_spixii.jpg
Megaceras;;https://ru.wikipedia.org/wiki/Megaceras;;//upload.wikimedia.org/wikipedia/commons/thumb/6/6b/Megaceras_morpheus_m.jpg/275px-Megaceras_morpheus_m.jpg
Medythia;;https://ru.wikipedia.org/wiki/Medythia;;//upload.wikimedia.org/wikipedia/commons/thumb/a/a1/Medythia_suturalis_%28Motschulsky%2C_1858%29_%2815700766446%29.png/275px-Medythia_suturalis_%28Motschulsky%2C_1858%29_%2815700766446%29.png
Megaceras briansaltini;;https://ru.wikipedia.org/wiki/Megaceras_briansaltini;;
Megalagrion calliphya;;https://ru.wikipedia.org/wiki/Megalagrion_calliphya;;//upload.wikimedia.org/wikipedia/commons/thumb/c/ce/Starr_051106-5211_Pinus_caribaea_var._hondurensis.jpg/275px-Starr_051106-5211_Pinus_caribaea_var._hondurensis.jpg
Megalagrion;;https://ru.wikipedia.org/wiki/Megalagrion;;//upload.wikimedia.org/wikipedia/commons/thumb/b/b8/Starr_051106-5210_Pinus_caribaea_var._hondurensis.jpg/275px-Starr_051106-5210_Pinus_caribaea_var._hondurensis.jpg
Megalagrion jugorum;;https://ru.wikipedia.org/wiki/Megalagrion_jugorum;;
Megalagrion blackburni;;https://ru.wikipedia.org/wiki/Megalagrion_blackburni;;//upload.wikimedia.org/wikipedia/commons/thumb/e/e7/Megalagrion_blackburni.jpg/275px-Megalagrion_blackburni.jpg
Megalagrion mauka;;https://ru.wikipedia.org/wiki/Megalagrion_mauka;;
Megalagrion koelense;;https://ru.wikipedia.org/wiki/Megalagrion_koelense;;
Megalagrion paludicola;;https://ru.wikipedia.org/wiki/Megalagrion_paludicola;;
Megalagrion oahuense;;https://ru.wikipedia.org/wiki/Megalagrion_oahuense;;
Megalagrion oceanicum;;https://ru.wikipedia.org/wiki/Megalagrion_oceanicum;;//upload.wikimedia.org/wikipedia/commons/thumb/1/1a/Male_Oceanic_Hawaiian_damselfly_by_Dan_Polhemus_%287981008290%29.jpg/275px-Male_Oceanic_Hawaiian_damselfly_by_Dan_Polhemus_%287981008290%29.jpg
Megalagrion xanthomelas;;https://ru.wikipedia.org/wiki/Megalagrion_xanthomelas;;//upload.wikimedia.org/wikipedia/commons/thumb/b/b0/Megalagrion_xanthomelas_%284734446328%29.jpg/275px-Megalagrion_xanthomelas_%284734446328%29.jpg
Megalagrion pacificum;;https://ru.wikipedia.org/wiki/Megalagrion_pacificum;;//upload.wikimedia.org/wikipedia/commons/thumb/9/97/Endangered_Pacific_Hawaiian_damselfly_%28Megalagrion_pacificum%29.jpg/275px-Endangered_Pacific_Hawaiian_damselfly_%28Megalagrion_pacificum%29.jpg
Megalodacne;;https://ru.wikipedia.org/wiki/Megalodacne;;//upload.wikimedia.org/wikipedia/commons/thumb/6/64/Megalodacne_heros_-_cropped.jpg/275px-Megalodacne_heros_-_cropped.jpg
Megaloctena;;https://ru.wikipedia.org/wiki/Megaloctena;;
Megalodacne fasciata;;https://ru.wikipedia.org/wiki/Megalodacne_fasciata;;//upload.wikimedia.org/wikipedia/commons/thumb/f/fe/Pleasing_Fungus_Beetles_%286931989227%29.jpg/275px-Pleasing_Fungus_Beetles_%286931989227%29.jpg
Megalinus;;https://ru.wikipedia.org/wiki/Megalinus;;
Megalomyrmex brandaoi;;https://ru.wikipedia.org/wiki/Megalomyrmex_brandaoi;;
Megalomyrmex acauna;;https://ru.wikipedia.org/wiki/Megalomyrmex_acauna;;
Megalomyrmex cuatiara;;https://ru.wikipedia.org/wiki/Megalomyrmex_cuatiara;;
Megalodacne heros;;https://ru.wikipedia.org/wiki/Megalodacne_heros;;//upload.wikimedia.org/wikipedia/commons/thumb/1/1a/Megalodacne_heros.jpg/275px-Megalodacne_heros.jpg
Megalomyrmex adamsae;;https://ru.wikipedia.org/wiki/Megalomyrmex_adamsae;;
Megalomyrmex;;https://ru.wikipedia.org/wiki/Megalomyrmex;;//upload.wikimedia.org/wikipedia/commons/thumb/2/25/Megalomyrmex_leoninus_casent0178669_head_1.jpg/275px-Megalomyrmex_leoninus_casent0178669_head_1.jpg
Megalomyrmex cyendyra;;https://ru.wikipedia.org/wiki/Megalomyrmex_cyendyra;;
Megalomyrmex fungiraptor;;https://ru.wikipedia.org/wiki/Megalomyrmex_fungiraptor;;
Megalomyrmex osadrifti;;https://ru.wikipedia.org/wiki/Megalomyrmex_osadrifti;;
Megalomyrmex longinoi;;https://ru.wikipedia.org/wiki/Megalomyrmex_longinoi;;
Megalomyrmex megadrifti;;https://ru.wikipedia.org/wiki/Megalomyrmex_megadrifti;;
Megalomyrmex gnomus;;https://ru.wikipedia.org/wiki/Megalomyrmex_gnomus;;
Megalomyrmex miri;;https://ru.wikipedia.org/wiki/Megalomyrmex_miri;;
Megalomyrmex milenae;;https://ru.wikipedia.org/wiki/Megalomyrmex_milenae;;
Megalomyrmex glaesarius;;https://ru.wikipedia.org/wiki/Megalomyrmex_glaesarius;;
Megalomyrmex mondaboroides;;https://ru.wikipedia.org/wiki/Megalomyrmex_mondaboroides;;
Megalomyrmex mondabora;;https://ru.wikipedia.org/wiki/Megalomyrmex_mondabora;;
Megalomyrmex nocarina;;https://ru.wikipedia.org/wiki/Megalomyrmex_nocarina;;
Megalomyrmex pacova;;https://ru.wikipedia.org/wiki/Megalomyrmex_pacova;;
Megalopaussus amplipennis;;https://ru.wikipedia.org/wiki/Megalopaussus_amplipennis;;
Megalomyrmex reina;;https://ru.wikipedia.org/wiki/Megalomyrmex_reina;;
Megalomyrmex poatan;;https://ru.wikipedia.org/wiki/Megalomyrmex_poatan;;
Megalomyrmex timbira;;https://ru.wikipedia.org/wiki/Megalomyrmex_timbira;;
Megalomyrmex weyrauchi;;https://ru.wikipedia.org/wiki/Megalomyrmex_weyrauchi;;
Megalomyrmex symmetochus;;https://ru.wikipedia.org/wiki/Megalomyrmex_symmetochus;;//upload.wikimedia.org/wikipedia/commons/thumb/b/b8/Megalomyrmex.symmetochus.-.wheeler.svg/275px-Megalomyrmex.symmetochus.-.wheeler.svg.png
Megalomyrmex piriana;;https://ru.wikipedia.org/wiki/Megalomyrmex_piriana;;
Megalomyrmex tasyba;;https://ru.wikipedia.org/wiki/Megalomyrmex_tasyba;;
Megalyridae;;https://ru.wikipedia.org/wiki/Megalyridae;;//upload.wikimedia.org/wikipedia/commons/thumb/6/6d/Cryptalyra_helenae.jpg/275px-Cryptalyra_helenae.jpg
Meganeuropsis;;https://ru.wikipedia.org/wiki/Meganeuropsis;;
Megamerinidae;;https://ru.wikipedia.org/wiki/Megamerinidae;;//upload.wikimedia.org/wikipedia/commons/thumb/9/94/Megamerina.dolium.-.lindsey.jpg/275px-Megamerina.dolium.-.lindsey.jpg
Megaloprepus caerulatus;;https://ru.wikipedia.org/wiki/Megaloprepus_caerulatus;;//upload.wikimedia.org/wikipedia/commons/thumb/a/ac/Megaloprepus_caerulatus.jpg/225px-Megaloprepus_caerulatus.jpg
Meganthribus pupa;;https://ru.wikipedia.org/wiki/Meganthribus_pupa;;//upload.wikimedia.org/wikipedia/commons/thumb/0/01/Anthribidae_-_Meganthribus_pupa.JPG/180px-Anthribidae_-_Meganthribus_pupa.JPG
Megaphragma;;https://ru.wikipedia.org/wiki/Megaphragma;;
Megarhyssa;;https://ru.wikipedia.org/wiki/Megarhyssa;;//upload.wikimedia.org/wikipedia/commons/thumb/7/7d/Megarhyssa_greenei_female.jpg/275px-Megarhyssa_greenei_female.jpg
Megarhyssa greenei;;https://ru.wikipedia.org/wiki/Megarhyssa_greenei;;//upload.wikimedia.org/wikipedia/commons/thumb/7/7d/Megarhyssa_greenei_female.jpg/275px-Megarhyssa_greenei_female.jpg
Megapodagrionidae;;https://ru.wikipedia.org/wiki/Megapodagrionidae;;//upload.wikimedia.org/wikipedia/commons/thumb/8/8d/Common_Flatwing.jpg/275px-Common_Flatwing.jpg
Megarthrus;;https://ru.wikipedia.org/wiki/Megarthrus;;//upload.wikimedia.org/wikipedia/commons/f/f9/Megarthrus.hemipterus.-.calwer.13.05.jpg
Megaponera analis;;https://ru.wikipedia.org/wiki/Megaponera_analis;;//upload.wikimedia.org/wikipedia/commons/thumb/9/9b/Pachycondyla_analis_sam-hym-c008323b_head_1.jpg/275px-Pachycondyla_analis_sam-hym-c008323b_head_1.jpg
Megaselia;;https://ru.wikipedia.org/wiki/Megaselia;;//upload.wikimedia.org/wikipedia/commons/thumb/3/3b/Megaselia_sp_mauritius.jpg/275px-Megaselia_sp_mauritius.jpg
Megasoma;;https://ru.wikipedia.org/wiki/Megasoma;;//upload.wikimedia.org/wikipedia/commons/thumb/7/72/Megasoma_acteon_male.JPG/275px-Megasoma_acteon_male.JPG
Megaselia scalaris;;https://ru.wikipedia.org/wiki/Megaselia_scalaris;;//upload.wikimedia.org/wikipedia/commons/thumb/3/3e/Megaselia_scalaris_2.jpg/275px-Megaselia_scalaris_2.jpg
Megasoma actaeon;;https://ru.wikipedia.org/wiki/Megasoma_actaeon;;//upload.wikimedia.org/wikipedia/commons/thumb/a/a9/Megasoma_acteon_MHNT_male.jpg/275px-Megasoma_acteon_MHNT_male.jpg
Megasoma gyas;;https://ru.wikipedia.org/wiki/Megasoma_gyas;;//upload.wikimedia.org/wikipedia/commons/thumb/f/f5/Megasoma_gyas_m2.jpg/216px-Megasoma_gyas_m2.jpg
Megasoma mars;;https://ru.wikipedia.org/wiki/Megasoma_mars;;//upload.wikimedia.org/wikipedia/commons/thumb/d/dc/Megasoma_mars_m2.jpg/275px-Megasoma_mars_m2.jpg
Megaxenus;;https://ru.wikipedia.org/wiki/Megaxenus;;
Megasoma thersites;;https://ru.wikipedia.org/wiki/Megasoma_thersites;;//upload.wikimedia.org/wikipedia/commons/thumb/6/69/Megasoma_thersites_m2.jpg/275px-Megasoma_thersites_m2.jpg
Megasoma anubis;;https://ru.wikipedia.org/wiki/Megasoma_anubis;;//upload.wikimedia.org/wikipedia/commons/thumb/d/df/Megasoma.hector.jpg/234px-Megasoma.hector.jpg
Megistopus;;https://ru.wikipedia.org/wiki/Megistopus;;//upload.wikimedia.org/wikipedia/commons/thumb/6/63/Antlion_%28Megistopus_flavicornis%29_%2814705189844%29.jpg/275px-Antlion_%28Megistopus_flavicornis%29_%2814705189844%29.jpg
Megopis costipennis;;https://ru.wikipedia.org/wiki/Megopis_costipennis;;
Meguroleucon;;https://ru.wikipedia.org/wiki/Meguroleucon;;
Megourella;;https://ru.wikipedia.org/wiki/Megourella;;
Megoura;;https://ru.wikipedia.org/wiki/Megoura;;//upload.wikimedia.org/wikipedia/commons/thumb/4/4d/Megoura_viciae_%28Vetch_Aphids%29.jpg/275px-Megoura_viciae_%28Vetch_Aphids%29.jpg
Megourina;;https://ru.wikipedia.org/wiki/Megourina;;
Meladema;;https://ru.wikipedia.org/wiki/Meladema;;//upload.wikimedia.org/wikipedia/commons/thumb/2/29/Meladema.coriacea.female.-.calwer.08.03.jpg/260px-Meladema.coriacea.female.-.calwer.08.03.jpg
Meharia yakovlevi;;https://ru.wikipedia.org/wiki/Meharia_yakovlevi;;//upload.wikimedia.org/wikipedia/commons/thumb/a/a3/Meharia_yakovlevi_male.JPG/275px-Meharia_yakovlevi_male.JPG
Meladema lanio;;https://ru.wikipedia.org/wiki/Meladema_lanio;;
Melanaphis;;https://ru.wikipedia.org/wiki/Melanaphis;;//upload.wikimedia.org/wikipedia/commons/thumb/f/fc/Melanaphis_sacchari_from_CSIRO.jpg/275px-Melanaphis_sacchari_from_CSIRO.jpg
Melanesthes;;https://ru.wikipedia.org/wiki/Melanesthes;;
Melanocallis;;https://ru.wikipedia.org/wiki/Melanocallis;;
Melanimon;;https://ru.wikipedia.org/wiki/Melanimon;;//upload.wikimedia.org/wikipedia/commons/e/ea/Melanimon.tibialis.-.calwer.47.10.jpg
Melanimini;;https://ru.wikipedia.org/wiki/Melanimini;;//upload.wikimedia.org/wikipedia/commons/e/ea/Melanimon.tibialis.-.calwer.47.10.jpg
Melanimon tibiale;;https://ru.wikipedia.org/wiki/Melanimon_tibiale;;//upload.wikimedia.org/wikipedia/commons/thumb/6/69/Melanimon_tibialis.jpg/275px-Melanimon_tibialis.jpg
Melangyna;;https://ru.wikipedia.org/wiki/Melangyna;;//upload.wikimedia.org/wikipedia/commons/thumb/4/43/Maggia_fg47.jpg/275px-Maggia_fg47.jpg
Melecta luctuosa;;https://ru.wikipedia.org/wiki/Melecta_luctuosa;;//upload.wikimedia.org/wikipedia/commons/thumb/1/14/Sleeping_Melecta_01_%28MK%29.jpg/275px-Sleeping_Melecta_01_%28MK%29.jpg
Melaphis;;https://ru.wikipedia.org/wiki/Melaphis;;//upload.wikimedia.org/wikipedia/commons/thumb/0/06/Sumac_leaf_gall.jpg/275px-Sumac_leaf_gall.jpg
Melasomoptera;;https://ru.wikipedia.org/wiki/Melasomoptera;;
Melipona subnitida;;https://ru.wikipedia.org/wiki/Melipona_subnitida;;//upload.wikimedia.org/wikipedia/commons/3/33/ABELHA-JANDA%C3%8DRA.jpg
Meliboeus;;https://ru.wikipedia.org/wiki/Meliboeus;;//upload.wikimedia.org/wikipedia/commons/thumb/0/0b/Meliboeus_violaceus_%28Kiesenwetter%2C_1857%29_%285984631987%29.jpg/275px-Meliboeus_violaceus_%28Kiesenwetter%2C_1857%29_%285984631987%29.jpg
Melissotarsus;;https://ru.wikipedia.org/wiki/Melissotarsus;;//upload.wikimedia.org/wikipedia/commons/thumb/2/24/Melissotarsus_insularis_casent0426119_profile_1.jpg/275px-Melissotarsus_insularis_casent0426119_profile_1.jpg
Meliscaeva;;https://ru.wikipedia.org/wiki/Meliscaeva;;//upload.wikimedia.org/wikipedia/commons/thumb/0/00/Meliscaeva_auricollis_male.jpg/275px-Meliscaeva_auricollis_male.jpg
Meloe brevicollis;;https://ru.wikipedia.org/wiki/Meloe_brevicollis;;//upload.wikimedia.org/wikipedia/commons/thumb/d/d4/Meloe_brevicollis_rotate.jpg/275px-Meloe_brevicollis_rotate.jpg
Melittosphex burmensis;;https://ru.wikipedia.org/wiki/Melittosphex_burmensis;;//upload.wikimedia.org/wikipedia/commons/thumb/1/18/Melittosphex_burmensis.jpg/275px-Melittosphex_burmensis.jpg
Melixanthus;;https://ru.wikipedia.org/wiki/Melixanthus;;
Melophorus;;https://ru.wikipedia.org/wiki/Melophorus;;//upload.wikimedia.org/wikipedia/commons/thumb/8/86/Melophorus_majeri_casent0173922_head_1.jpg/275px-Melophorus_majeri_casent0173922_head_1.jpg
Melophorus attenuipes;;https://ru.wikipedia.org/wiki/Melophorus_attenuipes;;
Melophorus clypeatus;;https://ru.wikipedia.org/wiki/Melophorus_clypeatus;;
Melophorus castaneus;;https://ru.wikipedia.org/wiki/Melophorus_castaneus;;
Melolonthini;;https://ru.wikipedia.org/wiki/Melolonthini;;//upload.wikimedia.org/wikipedia/commons/thumb/c/c7/Melolontha_melolontha01.jpg/275px-Melolontha_melolontha01.jpg
Meloini (жёсткокрылые);;https://ru.wikipedia.org/wiki/Meloini_(%D0%B6%D1%91%D1%81%D1%82%D0%BA%D0%BE%D0%BA%D1%80%D1%8B%D0%BB%D1%8B%D0%B5);;//upload.wikimedia.org/wikipedia/commons/thumb/b/b7/%C3%96lk%C3%A4fer_Melo%C3%AB_violaceus_1.jpg/275px-%C3%96lk%C3%A4fer_Melo%C3%AB_violaceus_1.jpg
Melophorus canus;;https://ru.wikipedia.org/wiki/Melophorus_canus;;
Menesia;;https://ru.wikipedia.org/wiki/Menesia;;//upload.wikimedia.org/wikipedia/commons/thumb/a/a0/Menesia_bipunctata.jpg/275px-Menesia_bipunctata.jpg
Menesia sulphurata;;https://ru.wikipedia.org/wiki/Menesia_sulphurata;;
Menesia bipunctata;;https://ru.wikipedia.org/wiki/Menesia_bipunctata;;//upload.wikimedia.org/wikipedia/commons/thumb/a/a0/Menesia_bipunctata.jpg/275px-Menesia_bipunctata.jpg
Menida;;https://ru.wikipedia.org/wiki/Menida;;//upload.wikimedia.org/wikipedia/commons/thumb/a/a0/Menida_violacea_%28Tsumajirokamemushi%29_-_Flickr_-_odako1_%28cropped%29.jpg/275px-Menida_violacea_%28Tsumajirokamemushi%29_-_Flickr_-_odako1_%28cropped%29.jpg
Mengenillidae;;https://ru.wikipedia.org/wiki/Mengenillidae;;
Menthastriella;;https://ru.wikipedia.org/wiki/Menthastriella;;//upload.wikimedia.org/wikipedia/commons/thumb/a/a7/Chrysolina_herbacea-pjt2.jpg/275px-Chrysolina_herbacea-pjt2.jpg
Meringosiphon;;https://ru.wikipedia.org/wiki/Meringosiphon;;
Meretricula olivacea;;https://ru.wikipedia.org/wiki/Meretricula_olivacea;;
Meristhus;;https://ru.wikipedia.org/wiki/Meristhus;;
Merophysia;;https://ru.wikipedia.org/wiki/Merophysia;;
Meschiidae;;https://ru.wikipedia.org/wiki/Meschiidae;;
Mesembrius;;https://ru.wikipedia.org/wiki/Mesembrius;;//upload.wikimedia.org/wikipedia/commons/thumb/a/a1/Mesembrius_by_kadavoor.jpg/275px-Mesembrius_by_kadavoor.jpg
Mesoblattinidae;;https://ru.wikipedia.org/wiki/Mesoblattinidae;;//upload.wikimedia.org/wikipedia/commons/thumb/4/4b/Lithoblatta_lithophila.jpg/275px-Lithoblatta_lithophila.jpg
Mesascalaphus yangi;;https://ru.wikipedia.org/wiki/Mesascalaphus_yangi;;
Mesochorinae;;https://ru.wikipedia.org/wiki/Mesochorinae;;//upload.wikimedia.org/wikipedia/commons/thumb/b/bf/Britishentomologyvolume3Plate464.jpg/230px-Britishentomologyvolume3Plate464.jpg
Mesocallis;;https://ru.wikipedia.org/wiki/Mesocallis;;
Mesocinetidae;;https://ru.wikipedia.org/wiki/Mesocinetidae;;
Mesocoelopus;;https://ru.wikipedia.org/wiki/Mesocoelopus;;//upload.wikimedia.org/wikipedia/commons/thumb/1/1f/Mesocoelopus_niger_natur3.JPG/275px-Mesocoelopus_niger_natur3.JPG
Mesoconius;;https://ru.wikipedia.org/wiki/Mesoconius;;
Mesoconius albiseta;;https://ru.wikipedia.org/wiki/Mesoconius_albiseta;;
Mesomphaliini;;https://ru.wikipedia.org/wiki/Mesomphaliini;;//upload.wikimedia.org/wikipedia/commons/thumb/b/bb/Chrysomelidae_-_Mesomphalia_turrita.jpg/275px-Chrysomelidae_-_Mesomphalia_turrita.jpg
Mesoprionus asiaticus;;https://ru.wikipedia.org/wiki/Mesoprionus_asiaticus;;
Mesoprionus angustatus;;https://ru.wikipedia.org/wiki/Mesoprionus_angustatus;;
Mesophthirus engeli;;https://ru.wikipedia.org/wiki/Mesophthirus_engeli;;
Mesoraphidiidae;;https://ru.wikipedia.org/wiki/Mesoraphidiidae;;//upload.wikimedia.org/wikipedia/commons/thumb/0/08/ZooKeys-204-001-g007_Amarantoraphidia_01.jpg/275px-ZooKeys-204-001-g007_Amarantoraphidia_01.jpg
Mesosini;;https://ru.wikipedia.org/wiki/Mesosini;;//upload.wikimedia.org/wikipedia/commons/thumb/9/93/Mesosa_longipennis.jpg/275px-Mesosa_longipennis.jpg
Mesosa longipennis;;https://ru.wikipedia.org/wiki/Mesosa_longipennis;;//upload.wikimedia.org/wikipedia/commons/thumb/9/93/Mesosa_longipennis.jpg/275px-Mesosa_longipennis.jpg
Mesopsocidae;;https://ru.wikipedia.org/wiki/Mesopsocidae;;
Mesopsychidae;;https://ru.wikipedia.org/wiki/Mesopsychidae;;
Mesosa curculionoides;;https://ru.wikipedia.org/wiki/Mesosa_curculionoides;;//upload.wikimedia.org/wikipedia/commons/thumb/e/ea/Szemfoltos_cinc%C3%A9r_P4080037_crop.jpg/275px-Szemfoltos_cinc%C3%A9r_P4080037_crop.jpg
Mesosa nebulosa;;https://ru.wikipedia.org/wiki/Mesosa_nebulosa;;//upload.wikimedia.org/wikipedia/commons/thumb/a/ae/Mesosa_nebulosa_-_Meulenbelt20080506_409.jpg/275px-Mesosa_nebulosa_-_Meulenbelt20080506_409.jpg
Mesosmylininae;;https://ru.wikipedia.org/wiki/Mesosmylininae;;
Mesothes;;https://ru.wikipedia.org/wiki/Mesothes;;
Mesoxaea clypeata;;https://ru.wikipedia.org/wiki/Mesoxaea_clypeata;;
Mesotrichosiphum;;https://ru.wikipedia.org/wiki/Mesotrichosiphum;;
Mesoxaea nigerrima;;https://ru.wikipedia.org/wiki/Mesoxaea_nigerrima;;
Mesothoracaphis;;https://ru.wikipedia.org/wiki/Mesothoracaphis;;
Mesoxaea arizonica;;https://ru.wikipedia.org/wiki/Mesoxaea_arizonica;;
Mesoxaea rufescens;;https://ru.wikipedia.org/wiki/Mesoxaea_rufescens;;
Mesoxaea texana;;https://ru.wikipedia.org/wiki/Mesoxaea_texana;;
Mesoxaea vagans;;https://ru.wikipedia.org/wiki/Mesoxaea_vagans;;
Mesoxaea tachytiformis;;https://ru.wikipedia.org/wiki/Mesoxaea_tachytiformis;;
Mesypochrysa;;https://ru.wikipedia.org/wiki/Mesypochrysa;;
Metalimnobia tenua;;https://ru.wikipedia.org/wiki/Metalimnobia_tenua;;
Metallyticus violacea;;https://ru.wikipedia.org/wiki/Metallyticus_violacea;;
Metallyticus fallax;;https://ru.wikipedia.org/wiki/Metallyticus_fallax;;
Metallyticus pallipes;;https://ru.wikipedia.org/wiki/Metallyticus_pallipes;;
Metallyticus splendidus;;https://ru.wikipedia.org/wiki/Metallyticus_splendidus;;//upload.wikimedia.org/wikipedia/commons/thumb/b/b3/Metalliticussplendidus.JPG/200px-Metalliticussplendidus.JPG
Metallyticus;;https://ru.wikipedia.org/wiki/Metallyticus;;//upload.wikimedia.org/wikipedia/commons/thumb/b/b3/Metalliticussplendidus.JPG/200px-Metalliticussplendidus.JPG
Metanomus;;https://ru.wikipedia.org/wiki/Metanomus;;
Metanipponaphis;;https://ru.wikipedia.org/wiki/Metanipponaphis;;
Metoncidus;;https://ru.wikipedia.org/wiki/Metoncidus;;//upload.wikimedia.org/wikipedia/commons/thumb/5/50/Metoncidus_epiphytus.jpg/250px-Metoncidus_epiphytus.jpg
Metathoracaphis;;https://ru.wikipedia.org/wiki/Metathoracaphis;;
Meteorideinae;;https://ru.wikipedia.org/wiki/Meteorideinae;;
Metopeuraphis;;https://ru.wikipedia.org/wiki/Metopeuraphis;;
Metholcus;;https://ru.wikipedia.org/wiki/Metholcus;;
Meteorini;;https://ru.wikipedia.org/wiki/Meteorini;;//upload.wikimedia.org/wikipedia/commons/thumb/9/94/Meteorus_rubens.jpg/275px-Meteorus_rubens.jpg
Metopeurum;;https://ru.wikipedia.org/wiki/Metopeurum;;
Metopolophium;;https://ru.wikipedia.org/wiki/Metopolophium;;//upload.wikimedia.org/wikipedia/commons/thumb/d/da/Metopolophium_dirhodum_%28Rose_grain_aphid%29.jpg/275px-Metopolophium_dirhodum_%28Rose_grain_aphid%29.jpg
Metopininae;;https://ru.wikipedia.org/wiki/Metopininae;;//upload.wikimedia.org/wikipedia/commons/thumb/8/8d/Adult_female_Apocephalus_borealis.png/275px-Adult_female_Apocephalus_borealis.png
Metopochetus;;https://ru.wikipedia.org/wiki/Metopochetus;;//upload.wikimedia.org/wikipedia/commons/thumb/2/2b/Stilt_Fly_%286922381238%29_2.jpg/275px-Stilt_Fly_%286922381238%29_2.jpg
Metopolophium dirhodum;;https://ru.wikipedia.org/wiki/Metopolophium_dirhodum;;//upload.wikimedia.org/wikipedia/commons/thumb/d/da/Metopolophium_dirhodum_%28Rose_grain_aphid%29.jpg/275px-Metopolophium_dirhodum_%28Rose_grain_aphid%29.jpg
Metophthalmus;;https://ru.wikipedia.org/wiki/Metophthalmus;;
Metopsia;;https://ru.wikipedia.org/wiki/Metopsia;;//upload.wikimedia.org/wikipedia/commons/thumb/2/2c/Metopsia_similis_%2826259989332%29.jpg/275px-Metopsia_similis_%2826259989332%29.jpg
Metopta;;https://ru.wikipedia.org/wiki/Metopta;;
Mezium;;https://ru.wikipedia.org/wiki/Mezium;;//upload.wikimedia.org/wikipedia/commons/1/12/Mezium.affine.-.calwer.28.23.jpg
Mexicallis;;https://ru.wikipedia.org/wiki/Mexicallis;;
Metrius contractus;;https://ru.wikipedia.org/wiki/Metrius_contractus;;//upload.wikimedia.org/wikipedia/commons/thumb/e/eb/Paratrechina_parvula_casent0103333_dorsal_1.jpg/275px-Paratrechina_parvula_casent0103333_dorsal_1.jpg
Metrionella;;https://ru.wikipedia.org/wiki/Metrionella;;
Metylophorus;;https://ru.wikipedia.org/wiki/Metylophorus;;//upload.wikimedia.org/wikipedia/commons/thumb/f/f5/Metylophorus_nebulosus_01.JPG/275px-Metylophorus_nebulosus_01.JPG
Metylophorus nebulosus;;https://ru.wikipedia.org/wiki/Metylophorus_nebulosus;;//upload.wikimedia.org/wikipedia/commons/thumb/f/f5/Metylophorus_nebulosus_01.JPG/275px-Metylophorus_nebulosus_01.JPG
Metrius;;https://ru.wikipedia.org/wiki/Metrius;;//upload.wikimedia.org/wikipedia/commons/thumb/e/eb/Paratrechina_parvula_casent0103333_dorsal_1.jpg/275px-Paratrechina_parvula_casent0103333_dorsal_1.jpg
Micraphis;;https://ru.wikipedia.org/wiki/Micraphis;;
Micomitra;;https://ru.wikipedia.org/wiki/Micomitra;;
Micralymma;;https://ru.wikipedia.org/wiki/Micralymma;;//upload.wikimedia.org/wikipedia/commons/thumb/3/3a/Micralymma_marinum_Jacobson.png/192px-Micralymma_marinum_Jacobson.png
Micomitra stupida;;https://ru.wikipedia.org/wiki/Micomitra_stupida;;
Microacmaeodera;;https://ru.wikipedia.org/wiki/Microacmaeodera;;
Microbregma;;https://ru.wikipedia.org/wiki/Microbregma;;
Microctenochira aspersa;;https://ru.wikipedia.org/wiki/Microctenochira_aspersa;;
Microctenochira aciculata;;https://ru.wikipedia.org/wiki/Microctenochira_aciculata;;
Microctenochira bonvouloiri;;https://ru.wikipedia.org/wiki/Microctenochira_bonvouloiri;;
Microctenochira;;https://ru.wikipedia.org/wiki/Microctenochira;;
Microctenochira flavonotata;;https://ru.wikipedia.org/wiki/Microctenochira_flavonotata;;
Microctenochira lugubris;;https://ru.wikipedia.org/wiki/Microctenochira_lugubris;;
Microctenochira vivida;;https://ru.wikipedia.org/wiki/Microctenochira_vivida;;
Microctenochira cumulata;;https://ru.wikipedia.org/wiki/Microctenochira_cumulata;;
Microctenochira fraterna;;https://ru.wikipedia.org/wiki/Microctenochira_fraterna;;
Microctenochira optata;;https://ru.wikipedia.org/wiki/Microctenochira_optata;;
Microctenochira difficilis;;https://ru.wikipedia.org/wiki/Microctenochira_difficilis;;
Microctenochira cruxflava;;https://ru.wikipedia.org/wiki/Microctenochira_cruxflava;;
Microctenochira ferranti;;https://ru.wikipedia.org/wiki/Microctenochira_ferranti;;
Microgastrinae;;https://ru.wikipedia.org/wiki/Microgastrinae;;//upload.wikimedia.org/wikipedia/commons/thumb/6/6a/Microplitis.spectabilis.-.lindsey.jpg/266px-Microplitis.spectabilis.-.lindsey.jpg
Microdera;;https://ru.wikipedia.org/wiki/Microdera;;
Microdaceton tibialis;;https://ru.wikipedia.org/wiki/Microdaceton_tibialis;;//upload.wikimedia.org/wikipedia/commons/thumb/5/58/Microdaceton_tibialis_casent0005916_head_1.jpg/275px-Microdaceton_tibialis_casent0005916_head_1.jpg
Microdon analis;;https://ru.wikipedia.org/wiki/Microdon_analis;;//upload.wikimedia.org/wikipedia/commons/thumb/3/35/Microdon.analis.-.lindsey.jpg/275px-Microdon.analis.-.lindsey.jpg
Microdaceton exornatum;;https://ru.wikipedia.org/wiki/Microdaceton_exornatum;;//upload.wikimedia.org/wikipedia/commons/thumb/b/b9/Microdaceton_exornatum_casent0101453_head_1.jpg/275px-Microdaceton_exornatum_casent0101453_head_1.jpg
Microdon myrmicae;;https://ru.wikipedia.org/wiki/Microdon_myrmicae;;//upload.wikimedia.org/wikipedia/commons/thumb/0/0f/Microdon_mutabilis_by_Curtis_%281836%29.jpg/275px-Microdon_mutabilis_by_Curtis_%281836%29.jpg
Microdon cothurnatus;;https://ru.wikipedia.org/wiki/Microdon_cothurnatus;;
Microdontinae;;https://ru.wikipedia.org/wiki/Microdontinae;;//upload.wikimedia.org/wikipedia/commons/thumb/3/35/Microdon.analis.-.lindsey.jpg/275px-Microdon.analis.-.lindsey.jpg
Microlestes;;https://ru.wikipedia.org/wiki/Microlestes;;//upload.wikimedia.org/wikipedia/commons/thumb/b/bb/Microlestes.maurus.-.lindsey.jpg/275px-Microlestes.maurus.-.lindsey.jpg
Micromyzella;;https://ru.wikipedia.org/wiki/Micromyzella;;
Microlophium;;https://ru.wikipedia.org/wiki/Microlophium;;
Micromyzodium;;https://ru.wikipedia.org/wiki/Micromyzodium;;
Microlarinus;;https://ru.wikipedia.org/wiki/Microlarinus;;//upload.wikimedia.org/wikipedia/commons/thumb/1/1f/Microlarinus_lareynii.jpg/275px-Microlarinus_lareynii.jpg
Micronecta scholtzi;;https://ru.wikipedia.org/wiki/Micronecta_scholtzi;;//upload.wikimedia.org/wikipedia/commons/thumb/2/27/Micronecta_scholtzi_-_top_view.jpg/275px-Micronecta_scholtzi_-_top_view.jpg
Micronecta ludibunda;;https://ru.wikipedia.org/wiki/Micronecta_ludibunda;;
Micromyzus;;https://ru.wikipedia.org/wiki/Micromyzus;;
Micronecta lumutensis;;https://ru.wikipedia.org/wiki/Micronecta_lumutensis;;
Micronecta;;https://ru.wikipedia.org/wiki/Micronecta;;//upload.wikimedia.org/wikipedia/commons/thumb/2/27/Micronecta_scholtzi_-_top_view.jpg/275px-Micronecta_scholtzi_-_top_view.jpg
Micronecta quadristrigata;;https://ru.wikipedia.org/wiki/Micronecta_quadristrigata;;
Micronecta kymatista;;https://ru.wikipedia.org/wiki/Micronecta_kymatista;;
Micronecta lakimi;;https://ru.wikipedia.org/wiki/Micronecta_lakimi;;
Micronecta decorata;;https://ru.wikipedia.org/wiki/Micronecta_decorata;;
Micronecta liewi;;https://ru.wikipedia.org/wiki/Micronecta_liewi;;
Micropeplus;;https://ru.wikipedia.org/wiki/Micropeplus;;//upload.wikimedia.org/wikipedia/commons/3/33/Micropeplus.porcatus.-.calwer.13.06.jpg
Microphysidae;;https://ru.wikipedia.org/wiki/Microphysidae;;//upload.wikimedia.org/wikipedia/commons/thumb/1/11/Loricula.sp.male.1.jpg/275px-Loricula.sp.male.1.jpg
Micronemadus;;https://ru.wikipedia.org/wiki/Micronemadus;;
Microparsus;;https://ru.wikipedia.org/wiki/Microparsus;;
Micronecta skutalis;;https://ru.wikipedia.org/wiki/Micronecta_skutalis;;
Micropterix;;https://ru.wikipedia.org/wiki/Micropterix;;//upload.wikimedia.org/wikipedia/commons/thumb/5/54/Micropterix.aureatella.jpg/266px-Micropterix.aureatella.jpg
Microsaprinus;;https://ru.wikipedia.org/wiki/Microsaprinus;;
Micropsectra calcifontis;;https://ru.wikipedia.org/wiki/Micropsectra_calcifontis;;
Micropterix sikhotealinensis;;https://ru.wikipedia.org/wiki/Micropterix_sikhotealinensis;;
Microsiphum;;https://ru.wikipedia.org/wiki/Microsiphum;;
Microsiphoniella;;https://ru.wikipedia.org/wiki/Microsiphoniella;;
Microterys iranicus;;https://ru.wikipedia.org/wiki/Microterys_iranicus;;
Microweiseinae;;https://ru.wikipedia.org/wiki/Microweiseinae;;//upload.wikimedia.org/wikipedia/commons/thumb/1/14/Serangium_maculigerum.jpg/275px-Serangium_maculigerum.jpg
Microunguis;;https://ru.wikipedia.org/wiki/Microunguis;;
Microveliinae;;https://ru.wikipedia.org/wiki/Microveliinae;;//upload.wikimedia.org/wikipedia/commons/thumb/f/f3/Microvelia_macgregori_female_apterous.jpg/255px-Microvelia_macgregori_female_apterous.jpg
Microweisea;;https://ru.wikipedia.org/wiki/Microweisea;;
Migadopinae;;https://ru.wikipedia.org/wiki/Migadopinae;;//upload.wikimedia.org/wikipedia/commons/thumb/7/7f/Loxomerus_huttoni_female.jpg/275px-Loxomerus_huttoni_female.jpg
Mimathyma ambica;;https://ru.wikipedia.org/wiki/Mimathyma_ambica;;//upload.wikimedia.org/wikipedia/commons/thumb/3/35/Purple_Emperor-Siju-DSC_6937.jpg/275px-Purple_Emperor-Siju-DSC_6937.jpg
Mimarachnidae;;https://ru.wikipedia.org/wiki/Mimarachnidae;;
Mindarinae;;https://ru.wikipedia.org/wiki/Mindarinae;;
Mindarus;;https://ru.wikipedia.org/wiki/Mindarus;;
Mimeuria;;https://ru.wikipedia.org/wiki/Mimeuria;;
Minthea;;https://ru.wikipedia.org/wiki/Minthea;;//upload.wikimedia.org/wikipedia/commons/thumb/d/dc/Minthea_rugicollis.jpg/244px-Minthea_rugicollis.jpg
Miomantis paykullii;;https://ru.wikipedia.org/wiki/Miomantis_paykullii;;//upload.wikimedia.org/wikipedia/commons/thumb/6/66/Miomantis_paykullii_Luc_Viatour.jpg/200px-Miomantis_paykullii_Luc_Viatour.jpg
Mirufens illusionis;;https://ru.wikipedia.org/wiki/Mirufens_illusionis;;
Miscodera;;https://ru.wikipedia.org/wiki/Miscodera;;//upload.wikimedia.org/wikipedia/commons/thumb/0/06/Miscodera_arctica_Paykull%2C_1798_%283563527582%29.jpg/275px-Miscodera_arctica_Paykull%2C_1798_%283563527582%29.jpg
Miwacrepidius;;https://ru.wikipedia.org/wiki/Miwacrepidius;;
Misturaphis;;https://ru.wikipedia.org/wiki/Misturaphis;;
Mixogaster lanei;;https://ru.wikipedia.org/wiki/Mixogaster_lanei;;
Mixogaster;;https://ru.wikipedia.org/wiki/Mixogaster;;
Molytinae;;https://ru.wikipedia.org/wiki/Molytinae;;//upload.wikimedia.org/wikipedia/commons/thumb/3/34/Grosser_Traegruessler_Liparus_glabiostris.jpg/275px-Grosser_Traegruessler_Liparus_glabiostris.jpg
Mollitrichosiphum;;https://ru.wikipedia.org/wiki/Mollitrichosiphum;;
Molorchus umbellatarum;;https://ru.wikipedia.org/wiki/Molorchus_umbellatarum;;//upload.wikimedia.org/wikipedia/commons/thumb/4/44/Molorchus_umbellatarum_%28Schreber%2C_1759%29_%284476043979%29.jpg/275px-Molorchus_umbellatarum_%28Schreber%2C_1759%29_%284476043979%29.jpg
Monaphis;;https://ru.wikipedia.org/wiki/Monaphis;;
Monelliopsis;;https://ru.wikipedia.org/wiki/Monelliopsis;;
Monellia;;https://ru.wikipedia.org/wiki/Monellia;;
Monochamini;;https://ru.wikipedia.org/wiki/Monochamini;;//upload.wikimedia.org/wikipedia/commons/thumb/7/73/Schneiderbock_-_Monochamus_sartor_-_female_03_%28HS%29.jpg/275px-Schneiderbock_-_Monochamus_sartor_-_female_03_%28HS%29.jpg
Monochamus scutellatus;;https://ru.wikipedia.org/wiki/Monochamus_scutellatus;;//upload.wikimedia.org/wikipedia/commons/thumb/3/35/Longhorn_Beetle_Whitespotted_Sawyer_USA.jpg/275px-Longhorn_Beetle_Whitespotted_Sawyer_USA.jpg
Monoceromyia;;https://ru.wikipedia.org/wiki/Monoceromyia;;
Monochamus mutator;;https://ru.wikipedia.org/wiki/Monochamus_mutator;;//upload.wikimedia.org/wikipedia/commons/thumb/3/3a/Longhorn_Beetle_%28Monochamus_mutator%29.jpg/275px-Longhorn_Beetle_%28Monochamus_mutator%29.jpg
Monomachus;;https://ru.wikipedia.org/wiki/Monomachus;;
Monomachidae;;https://ru.wikipedia.org/wiki/Monomachidae;;
Monomorium kugleri;;https://ru.wikipedia.org/wiki/Monomorium_kugleri;;
Monopelopia;;https://ru.wikipedia.org/wiki/Monopelopia;;
Monzenia;;https://ru.wikipedia.org/wiki/Monzenia;;
Mordvilkoja;;https://ru.wikipedia.org/wiki/Mordvilkoja;;
Mordellistena paraweisei;;https://ru.wikipedia.org/wiki/Mordellistena_paraweisei;;
Mordvilkoiella;;https://ru.wikipedia.org/wiki/Mordvilkoiella;;
Morion;;https://ru.wikipedia.org/wiki/Morion;;
Morimus funereus;;https://ru.wikipedia.org/wiki/Morimus_funereus;;//upload.wikimedia.org/wikipedia/commons/thumb/2/25/Morimus_funereus_%28Mulsant%2C_1863%29_%283215510976%29.jpg/275px-Morimus_funereus_%28Mulsant%2C_1863%29_%283215510976%29.jpg
Moritziella;;https://ru.wikipedia.org/wiki/Moritziella;;
Mormotomyia hirsuta;;https://ru.wikipedia.org/wiki/Mormotomyia_hirsuta;;//upload.wikimedia.org/wikipedia/commons/thumb/5/52/Mormotomyia_hirsuta.png/275px-Mormotomyia_hirsuta.png
Morphostenophanes;;https://ru.wikipedia.org/wiki/Morphostenophanes;;
Morronia;;https://ru.wikipedia.org/wiki/Morronia;;
Mouhotia;;https://ru.wikipedia.org/wiki/Mouhotia;;//upload.wikimedia.org/wikipedia/commons/thumb/8/8d/Mouhotia_sp.jpg/275px-Mouhotia_sp.jpg
Mosopia;;https://ru.wikipedia.org/wiki/Mosopia;;
Motuweta;;https://ru.wikipedia.org/wiki/Motuweta;;//upload.wikimedia.org/wikipedia/commons/thumb/8/89/Motuweta_isolata.JPG/275px-Motuweta_isolata.JPG
Mucha;;https://ru.wikipedia.org/wiki/Mucha;;
Mothon;;https://ru.wikipedia.org/wiki/Mothon;;
Mucha tzokotucha;;https://ru.wikipedia.org/wiki/Mucha_tzokotucha;;
Mucromorphus;;https://ru.wikipedia.org/wiki/Mucromorphus;;
Mukariini;;https://ru.wikipedia.org/wiki/Mukariini;;
Muelleritermes;;https://ru.wikipedia.org/wiki/Muelleritermes;;
Muscaphis;;https://ru.wikipedia.org/wiki/Muscaphis;;
Musca;;https://ru.wikipedia.org/wiki/Musca;;//upload.wikimedia.org/wikipedia/commons/thumb/a/a9/Musca.domestica.female.jpg/275px-Musca.domestica.female.jpg
Muscoidea;;https://ru.wikipedia.org/wiki/Muscoidea;;//upload.wikimedia.org/wikipedia/commons/thumb/e/e5/Common_housefly_01.jpg/275px-Common_housefly_01.jpg
Myathropa;;https://ru.wikipedia.org/wiki/Myathropa;;//upload.wikimedia.org/wikipedia/commons/thumb/4/49/Myathropa_florea_01.JPG/275px-Myathropa_florea_01.JPG
Myanmymar aresconoides;;https://ru.wikipedia.org/wiki/Myanmymar_aresconoides;;//upload.wikimedia.org/wikipedia/commons/thumb/5/5a/Myanmymar_aresconoides.jpg/275px-Myanmymar_aresconoides.jpg
Myatis;;https://ru.wikipedia.org/wiki/Myatis;;
Mycetarotes;;https://ru.wikipedia.org/wiki/Mycetarotes;;//upload.wikimedia.org/wikipedia/commons/thumb/f/f9/Mycetarotes_parallelus_casent0173983_profile_1.jpg/275px-Mycetarotes_parallelus_casent0173983_profile_1.jpg
Mycetomoellerius;;https://ru.wikipedia.org/wiki/Mycetomoellerius;;//upload.wikimedia.org/wikipedia/commons/thumb/6/6c/Trachymyrmex_turrifex_casent0104760_profile_1.jpg/275px-Trachymyrmex_turrifex_casent0104760_profile_1.jpg
Mycetagroicus;;https://ru.wikipedia.org/wiki/Mycetagroicus;;//upload.wikimedia.org/wikipedia/commons/thumb/2/28/Mycetagroicus_cerradensis_casent0103121_profile_1.jpg/275px-Mycetagroicus_cerradensis_casent0103121_profile_1.jpg
Mycetagroicus inflatus;;https://ru.wikipedia.org/wiki/Mycetagroicus_inflatus;;
Mycetosoritis;;https://ru.wikipedia.org/wiki/Mycetosoritis;;//upload.wikimedia.org/wikipedia/commons/thumb/1/18/Mycetosoritis_hartmanni_casent0003201_profile_1.jpg/275px-Mycetosoritis_hartmanni_casent0003201_profile_1.jpg
Mycetophylax;;https://ru.wikipedia.org/wiki/Mycetophylax;;//upload.wikimedia.org/wikipedia/commons/thumb/d/de/CASENT0919617_Mycetophylax_conformis.jpg/275px-CASENT0919617_Mycetophylax_conformis.jpg
Mycocepurus;;https://ru.wikipedia.org/wiki/Mycocepurus;;//upload.wikimedia.org/wikipedia/commons/thumb/6/68/Mycocepurus_goeldii_casent0173988_profile_1.jpg/275px-Mycocepurus_goeldii_casent0173988_profile_1.jpg
Mycetomoellerius turrifex;;https://ru.wikipedia.org/wiki/Mycetomoellerius_turrifex;;//upload.wikimedia.org/wikipedia/commons/thumb/6/6c/Trachymyrmex_turrifex_casent0104760_profile_1.jpg/275px-Trachymyrmex_turrifex_casent0104760_profile_1.jpg
Mycetomoellerius jamaicensis;;https://ru.wikipedia.org/wiki/Mycetomoellerius_jamaicensis;;//upload.wikimedia.org/wikipedia/commons/thumb/a/aa/Trachymyrmex_jamaicensis_casent0102743_profile_1.jpg/275px-Trachymyrmex_jamaicensis_casent0102743_profile_1.jpg
Mydidae;;https://ru.wikipedia.org/wiki/Mydidae;;//upload.wikimedia.org/wikipedia/commons/thumb/d/dc/Merry_Beach_Insect.jpg/275px-Merry_Beach_Insect.jpg
Mycocepurus castrator;;https://ru.wikipedia.org/wiki/Mycocepurus_castrator;;
Mylabrini;;https://ru.wikipedia.org/wiki/Mylabrini;;//upload.wikimedia.org/wikipedia/commons/thumb/7/7e/Orange_Blister_Beetle_%28Mylabris_pustulata%29_on_Dolichandrone_falcata_flower_W_IMG_7431.jpg/275px-Orange_Blister_Beetle_%28Mylabris_pustulata%29_on_Dolichandrone_falcata_flower_W_IMG_7431.jpg
Myioscaptia;;https://ru.wikipedia.org/wiki/Myioscaptia;;
Myioscaptia muscula;;https://ru.wikipedia.org/wiki/Myioscaptia_muscula;;
Mylabris variabilis;;https://ru.wikipedia.org/wiki/Mylabris_variabilis;;//upload.wikimedia.org/wikipedia/commons/thumb/7/73/Mylabris_variabilis01.jpg/275px-Mylabris_variabilis01.jpg
Mycocepurus smithii;;https://ru.wikipedia.org/wiki/Mycocepurus_smithii;;//upload.wikimedia.org/wikipedia/commons/thumb/7/7a/Mycocepurus_smithii_CASENT0173989_1.jpg/275px-Mycocepurus_smithii_CASENT0173989_1.jpg
Mynes;;https://ru.wikipedia.org/wiki/Mynes;;//upload.wikimedia.org/wikipedia/commons/thumb/7/7d/Blackjezebel.jpg/275px-Blackjezebel.jpg
Mymaridae;;https://ru.wikipedia.org/wiki/Mymaridae;;//upload.wikimedia.org/wikipedia/commons/thumb/1/15/Mymar_female.jpg/275px-Mymar_female.jpg
Myopias bidens;;https://ru.wikipedia.org/wiki/Myopias_bidens;;
Myopias minima;;https://ru.wikipedia.org/wiki/Myopias_minima;;
Myopias mandibularis;;https://ru.wikipedia.org/wiki/Myopias_mandibularis;;
Myopias delta;;https://ru.wikipedia.org/wiki/Myopias_delta;;
Myopias densesticta;;https://ru.wikipedia.org/wiki/Myopias_densesticta;;
Myopias sakaeratensis;;https://ru.wikipedia.org/wiki/Myopias_sakaeratensis;;
Myopias concava;;https://ru.wikipedia.org/wiki/Myopias_concava;;
Myopias crawleyi;;https://ru.wikipedia.org/wiki/Myopias_crawleyi;;
Myopias punctigera;;https://ru.wikipedia.org/wiki/Myopias_punctigera;;
Myopias darioi;;https://ru.wikipedia.org/wiki/Myopias_darioi;;
Myopsocidae;;https://ru.wikipedia.org/wiki/Myopsocidae;;//upload.wikimedia.org/wikipedia/commons/thumb/8/88/Nimbopsocus_australis.jpg/275px-Nimbopsocus_australis.jpg
Myopias sonthichaiae;;https://ru.wikipedia.org/wiki/Myopias_sonthichaiae;;
Myrmecaelurus;;https://ru.wikipedia.org/wiki/Myrmecaelurus;;
Myrmecia brevinoda;;https://ru.wikipedia.org/wiki/Myrmecia_brevinoda;;//upload.wikimedia.org/wikipedia/commons/thumb/b/b4/Bulldogant_fg1.JPG/275px-Bulldogant_fg1.JPG
Myrmecia pyriformis;;https://ru.wikipedia.org/wiki/Myrmecia_pyriformis;;//upload.wikimedia.org/wikipedia/commons/thumb/6/60/Myrmecia_pyriformis_-_journal.pone.0058801.g001.png/275px-Myrmecia_pyriformis_-_journal.pone.0058801.g001.png
Myrmecia inquilina;;https://ru.wikipedia.org/wiki/Myrmecia_inquilina;;
Myrmecia midas;;https://ru.wikipedia.org/wiki/Myrmecia_midas;;
Myrmecia forceps;;https://ru.wikipedia.org/wiki/Myrmecia_forceps;;//upload.wikimedia.org/wikipedia/commons/thumb/1/14/Myrmecia_forceps_15082014_casent0914018_p_1_high.jpg/275px-Myrmecia_forceps_15082014_casent0914018_p_1_high.jpg
Myrmecia pulchra;;https://ru.wikipedia.org/wiki/Myrmecia_pulchra;;//upload.wikimedia.org/wikipedia/commons/thumb/8/8c/Myrmecia_pulchra_casent0914020_p_1_high.jpg/275px-Myrmecia_pulchra_casent0914020_p_1_high.jpg
Myrmecia nigriscapa;;https://ru.wikipedia.org/wiki/Myrmecia_nigriscapa;;//upload.wikimedia.org/wikipedia/commons/thumb/f/ff/Communication_in_bulldog_ants_%28Myrmecia_nigriscapa%29_Sydney%2C_Australia.jpeg/275px-Communication_in_bulldog_ants_%28Myrmecia_nigriscapa%29_Sydney%2C_Australia.jpeg
Myrmecia rufinodis;;https://ru.wikipedia.org/wiki/Myrmecia_rufinodis;;//upload.wikimedia.org/wikipedia/commons/thumb/7/79/Myrmecia_rufinodis_032013_casent0903787_p_1_high.jpg/275px-Myrmecia_rufinodis_032013_casent0903787_p_1_high.jpg
Myrmecodipogon;;https://ru.wikipedia.org/wiki/Myrmecodipogon;;
Myrmecocystus;;https://ru.wikipedia.org/wiki/Myrmecocystus;;//upload.wikimedia.org/wikipedia/commons/thumb/c/c2/HoneyAnt.jpg/275px-HoneyAnt.jpg
Myrmeciinae;;https://ru.wikipedia.org/wiki/Myrmeciinae;;//upload.wikimedia.org/wikipedia/commons/thumb/2/2c/Bullant_head_detail.jpg/275px-Bullant_head_detail.jpg
Myrmecina;;https://ru.wikipedia.org/wiki/Myrmecina;;//upload.wikimedia.org/wikipedia/commons/thumb/6/63/Myrmecina_graminicola_casent0008643_profile_1.jpg/275px-Myrmecina_graminicola_casent0008643_profile_1.jpg
Myrmecolacidae;;https://ru.wikipedia.org/wiki/Myrmecolacidae;;//upload.wikimedia.org/wikipedia/commons/thumb/a/aa/Caenocholax_fenyesi.jpg/275px-Caenocholax_fenyesi.jpg
Myrmecorhynchus;;https://ru.wikipedia.org/wiki/Myrmecorhynchus;;//upload.wikimedia.org/wikipedia/commons/thumb/1/15/Myrmecorhynchus_emeryi_casent0172032_head_1.jpg/275px-Myrmecorhynchus_emeryi_casent0172032_head_1.jpg
Myrmedonota lewisi;;https://ru.wikipedia.org/wiki/Myrmedonota_lewisi;;
Myrmedonota xipe;;https://ru.wikipedia.org/wiki/Myrmedonota_xipe;;
Myrmedonota;;https://ru.wikipedia.org/wiki/Myrmedonota;;
Myrmedonota cordobensis;;https://ru.wikipedia.org/wiki/Myrmedonota_cordobensis;;
Myrmedonota jaliscensis;;https://ru.wikipedia.org/wiki/Myrmedonota_jaliscensis;;
Myrmedonota shimmerale;;https://ru.wikipedia.org/wiki/Myrmedonota_shimmerale;;
Myrmelachista;;https://ru.wikipedia.org/wiki/Myrmelachista;;//upload.wikimedia.org/wikipedia/commons/thumb/8/8f/Myrmelachista_catharinae_casent0173486_profile_1.jpg/275px-Myrmelachista_catharinae_casent0173486_profile_1.jpg
Myrmica alperti;;https://ru.wikipedia.org/wiki/Myrmica_alperti;;
Myrmetes;;https://ru.wikipedia.org/wiki/Myrmetes;;//upload.wikimedia.org/wikipedia/commons/thumb/4/48/Myrmetes_paykulli_%28Kanaar%2C_1979%29_%284276378356%29.jpg/275px-Myrmetes_paykulli_%28Kanaar%2C_1979%29_%284276378356%29.jpg
Myrmica ademonia;;https://ru.wikipedia.org/wiki/Myrmica_ademonia;;
Myrmica afghanica;;https://ru.wikipedia.org/wiki/Myrmica_afghanica;;
Myrmica alaskensis;;https://ru.wikipedia.org/wiki/Myrmica_alaskensis;;//upload.wikimedia.org/wikipedia/commons/thumb/2/25/Myrmica_alaskensis_casent0104830_profile_1.jpg/275px-Myrmica_alaskensis_casent0104830_profile_1.jpg
Myrmica aimonissabaudiae;;https://ru.wikipedia.org/wiki/Myrmica_aimonissabaudiae;;
Myrmeleon bore;;https://ru.wikipedia.org/wiki/Myrmeleon_bore;;//upload.wikimedia.org/wikipedia/commons/thumb/5/51/Myrmeleon_bore01.jpg/275px-Myrmeleon_bore01.jpg
Myrmica aloba;;https://ru.wikipedia.org/wiki/Myrmica_aloba;;
Myrmica dongi;;https://ru.wikipedia.org/wiki/Myrmica_dongi;;
Myrmica ereptrix;;https://ru.wikipedia.org/wiki/Myrmica_ereptrix;;
Myrmica huaii;;https://ru.wikipedia.org/wiki/Myrmica_huaii;;
Myrmica karavajevi;;https://ru.wikipedia.org/wiki/Myrmica_karavajevi;;//upload.wikimedia.org/wikipedia/commons/thumb/9/9d/Myrmica_karavajevi_casent0172766_head_1.jpg/275px-Myrmica_karavajevi_casent0172766_head_1.jpg
Myrmica hirsuta;;https://ru.wikipedia.org/wiki/Myrmica_hirsuta;;//upload.wikimedia.org/wikipedia/commons/thumb/1/1b/Myrmica_hirsuta_casent0172757_profile_1.jpg/275px-Myrmica_hirsuta_casent0172757_profile_1.jpg
Myrmica microrubra;;https://ru.wikipedia.org/wiki/Myrmica_microrubra;;
Myrmica oui;;https://ru.wikipedia.org/wiki/Myrmica_oui;;
Myrmica liui;;https://ru.wikipedia.org/wiki/Myrmica_liui;;
Myrmica latra;;https://ru.wikipedia.org/wiki/Myrmica_latra;;
Myrmica lonae;;https://ru.wikipedia.org/wiki/Myrmica_lonae;;//upload.wikimedia.org/wikipedia/commons/thumb/9/90/Myrmica_lonae_casent0172752_profile_1.jpg/275px-Myrmica_lonae_casent0172752_profile_1.jpg
Myrmica ruginodis;;https://ru.wikipedia.org/wiki/Myrmica_ruginodis;;//upload.wikimedia.org/wikipedia/commons/thumb/e/ef/Myrmica.ruginodis.-.lindsey.jpg/266px-Myrmica.ruginodis.-.lindsey.jpg
Myrmica scabrinodis;;https://ru.wikipedia.org/wiki/Myrmica_scabrinodis;;//upload.wikimedia.org/wikipedia/commons/thumb/9/9d/20140406_182434_4323M.JPG/275px-20140406_182434_4323M.JPG
Myrmica sabuleti;;https://ru.wikipedia.org/wiki/Myrmica_sabuleti;;//upload.wikimedia.org/wikipedia/commons/thumb/c/c2/Myrmica_sabuleti_casent0173177_profile_1.jpg/275px-Myrmica_sabuleti_casent0173177_profile_1.jpg
Myrmica yani;;https://ru.wikipedia.org/wiki/Myrmica_yani;;
Myrmica wangi;;https://ru.wikipedia.org/wiki/Myrmica_wangi;;
Myrmicini;;https://ru.wikipedia.org/wiki/Myrmicini;;//upload.wikimedia.org/wikipedia/commons/thumb/b/b3/Myrmica-rubra-workers.jpg/275px-Myrmica-rubra-workers.jpg
Myrmicocrypta;;https://ru.wikipedia.org/wiki/Myrmicocrypta;;//upload.wikimedia.org/wikipedia/commons/thumb/9/9e/Myrmicocrypta_squamosa_casent0173990_profile_1.jpg/275px-Myrmicocrypta_squamosa_casent0173990_profile_1.jpg
Myrmica zhengi;;https://ru.wikipedia.org/wiki/Myrmica_zhengi;;
Myrmopytia;;https://ru.wikipedia.org/wiki/Myrmopytia;;//upload.wikimedia.org/wikipedia/commons/thumb/b/ba/Camponotus_imitator_casent0104647_profile_1.jpg/275px-Camponotus_imitator_casent0104647_profile_1.jpg
Myrmosinae;;https://ru.wikipedia.org/wiki/Myrmosinae;;//upload.wikimedia.org/wikipedia/commons/thumb/f/f7/SaundersHymenopteraAculeataPlate7.jpg/263px-SaundersHymenopteraAculeataPlate7.jpg
Myrmoteras;;https://ru.wikipedia.org/wiki/Myrmoteras;;//upload.wikimedia.org/wikipedia/commons/thumb/3/33/Myrmoteras_indicum_casent0102131_head_1.jpg/275px-Myrmoteras_indicum_casent0102131_head_1.jpg
Myrmoteras binghamii;;https://ru.wikipedia.org/wiki/Myrmoteras_binghamii;;//upload.wikimedia.org/wikipedia/commons/thumb/3/32/Myrmoteras_binghamii_casent0909937_p_1_high_%281%29.jpg/275px-Myrmoteras_binghamii_casent0909937_p_1_high_%281%29.jpg
Myrrha;;https://ru.wikipedia.org/wiki/Myrrha;;//upload.wikimedia.org/wikipedia/commons/thumb/3/3c/P1100358_Myrrha_octodecimguttata.jpg/275px-P1100358_Myrrha_octodecimguttata.jpg
Mystrium eques;;https://ru.wikipedia.org/wiki/Mystrium_eques;;
Mystrium barrybressleri;;https://ru.wikipedia.org/wiki/Mystrium_barrybressleri;;
Mystrium;;https://ru.wikipedia.org/wiki/Mystrium;;//upload.wikimedia.org/wikipedia/commons/thumb/7/75/Mystrium_camillae_casent0172330_head_1.jpg/275px-Mystrium_camillae_casent0172330_head_1.jpg
Mythecops;;https://ru.wikipedia.org/wiki/Mythecops;;
Mythicomyiidae;;https://ru.wikipedia.org/wiki/Mythicomyiidae;;//upload.wikimedia.org/wikipedia/commons/0/05/Mythico3.jpg
Myzocallis;;https://ru.wikipedia.org/wiki/Myzocallis;;
Myzakkaia;;https://ru.wikipedia.org/wiki/Myzakkaia;;
Myzodium;;https://ru.wikipedia.org/wiki/Myzodium;;
Myzaphis;;https://ru.wikipedia.org/wiki/Myzaphis;;
Myzosiphum;;https://ru.wikipedia.org/wiki/Myzosiphum;;
Myzus;;https://ru.wikipedia.org/wiki/Myzus;;//upload.wikimedia.org/wikipedia/commons/thumb/1/11/Myzus_persicae.jpg/275px-Myzus_persicae.jpg
Myzotoxoptera;;https://ru.wikipedia.org/wiki/Myzotoxoptera;;
