Oberea euphorbiae;;https://ru.wikipedia.org/wiki/Oberea_euphorbiae;;//upload.wikimedia.org/wikipedia/commons/thumb/8/8c/Oberea_euphorbiae_up.JPG/275px-Oberea_euphorbiae_up.JPG
Oberea erythrocephala;;https://ru.wikipedia.org/wiki/Oberea_erythrocephala;;//upload.wikimedia.org/wikipedia/commons/thumb/1/13/Oberea_erythrocephala_1148006.jpg/275px-Oberea_erythrocephala_1148006.jpg
Oberea;;https://ru.wikipedia.org/wiki/Oberea;;//upload.wikimedia.org/wikipedia/commons/thumb/8/87/Oberea_pupillata.jpg/266px-Oberea_pupillata.jpg
Oberea taygetana;;https://ru.wikipedia.org/wiki/Oberea_taygetana;;
Oberea pedemontana;;https://ru.wikipedia.org/wiki/Oberea_pedemontana;;
Obrium brevicorne;;https://ru.wikipedia.org/wiki/Obrium_brevicorne;;//upload.wikimedia.org/wikipedia/commons/thumb/d/df/Obrium_brevicorne_Plavilstshikov%2C_1940_%2836516530095%29.png/275px-Obrium_brevicorne_Plavilstshikov%2C_1940_%2836516530095%29.png
Oberea moravica;;https://ru.wikipedia.org/wiki/Oberea_moravica;;
Obriini;;https://ru.wikipedia.org/wiki/Obriini;;//upload.wikimedia.org/wikipedia/commons/thumb/6/62/Obrium_brunneum_side.jpg/275px-Obrium_brunneum_side.jpg
Obrium;;https://ru.wikipedia.org/wiki/Obrium;;//upload.wikimedia.org/wikipedia/commons/thumb/6/62/Obrium_brunneum_side.jpg/275px-Obrium_brunneum_side.jpg
Oberea ressli;;https://ru.wikipedia.org/wiki/Oberea_ressli;;
Oberea pupillata;;https://ru.wikipedia.org/wiki/Oberea_pupillata;;//upload.wikimedia.org/wikipedia/commons/thumb/8/8c/Ausschnitt_Oberea_pupillata.jpg/275px-Ausschnitt_Oberea_pupillata.jpg
Obrium brunneum;;https://ru.wikipedia.org/wiki/Obrium_brunneum;;//upload.wikimedia.org/wikipedia/commons/thumb/4/43/Obrium_brunneum_above.jpg/275px-Obrium_brunneum_above.jpg
Ochodaeus chrysomeloides;;https://ru.wikipedia.org/wiki/Ochodaeus_chrysomeloides;;//upload.wikimedia.org/wikipedia/commons/thumb/b/b3/Ochodaeus_chrysomeloides_Jacobson.png/275px-Ochodaeus_chrysomeloides_Jacobson.png
Ochodaeus;;https://ru.wikipedia.org/wiki/Ochodaeus;;//upload.wikimedia.org/wikipedia/commons/thumb/b/b3/Ochodaeus_chrysomeloides_Jacobson.png/275px-Ochodaeus_chrysomeloides_Jacobson.png
Ochodaeus alleonis;;https://ru.wikipedia.org/wiki/Ochodaeus_alleonis;;
Ochetellus;;https://ru.wikipedia.org/wiki/Ochetellus;;//upload.wikimedia.org/wikipedia/commons/thumb/0/0b/Ochetellus_glaber_casent0172342_head_1.jpg/275px-Ochetellus_glaber_casent0172342_head_1.jpg
Ochina;;https://ru.wikipedia.org/wiki/Ochina;;//upload.wikimedia.org/wikipedia/commons/5/57/Ochina.ptinoides.-.calwer.29.04.jpg
Ochthephilum;;https://ru.wikipedia.org/wiki/Ochthephilum;;//upload.wikimedia.org/wikipedia/commons/thumb/7/73/Cryptobium_fracticorne_Jacobson.png/157px-Cryptobium_fracticorne_Jacobson.png
Ochodaeus integriceps;;https://ru.wikipedia.org/wiki/Ochodaeus_integriceps;;
Ochteridae;;https://ru.wikipedia.org/wiki/Ochteridae;;//upload.wikimedia.org/wikipedia/commons/thumb/1/12/Ochterid_%289055881241%29.jpg/275px-Ochterid_%289055881241%29.jpg
Odacantha;;https://ru.wikipedia.org/wiki/Odacantha;;//upload.wikimedia.org/wikipedia/commons/thumb/b/b4/Odacantha_melanura.jpg/275px-Odacantha_melanura.jpg
Octostruma;;https://ru.wikipedia.org/wiki/Octostruma;;//upload.wikimedia.org/wikipedia/commons/thumb/d/d6/Octostruma_balzani_casent0178665_profile_1.jpg/275px-Octostruma_balzani_casent0178665_profile_1.jpg
Odettea laosensis;;https://ru.wikipedia.org/wiki/Odettea_laosensis;;
Odontepyris;;https://ru.wikipedia.org/wiki/Odontepyris;;
Odonatoptera;;https://ru.wikipedia.org/wiki/Odonatoptera;;//upload.wikimedia.org/wikipedia/commons/thumb/1/13/Meganeura.gif/275px-Meganeura.gif
Odontomachus brunneus;;https://ru.wikipedia.org/wiki/Odontomachus_brunneus;;//upload.wikimedia.org/wikipedia/commons/thumb/6/63/Odontomachus_brunneus_worker.jpg/275px-Odontomachus_brunneus_worker.jpg
Odontocerum albicorne;;https://ru.wikipedia.org/wiki/Odontocerum_albicorne;;//upload.wikimedia.org/wikipedia/commons/thumb/4/4c/Odontocerum_albicorne.jpg/275px-Odontocerum_albicorne.jpg
Odontomachus bauri;;https://ru.wikipedia.org/wiki/Odontomachus_bauri;;//upload.wikimedia.org/wikipedia/commons/thumb/f/f6/Odontomachus_bauri_casent0172629_head_1.jpg/275px-Odontomachus_bauri_casent0172629_head_1.jpg
Odontotarsus;;https://ru.wikipedia.org/wiki/Odontotarsus;;//upload.wikimedia.org/wikipedia/commons/thumb/0/08/Odontotarsus_purpureolineatus.JPG/275px-Odontotarsus_purpureolineatus.JPG
Oecophylla;;https://ru.wikipedia.org/wiki/Oecophylla;;//upload.wikimedia.org/wikipedia/commons/thumb/1/12/Green_Tree_Ant_two_times_life_size.JPG/275px-Green_Tree_Ant_two_times_life_size.JPG
Oedecnema;;https://ru.wikipedia.org/wiki/Oedecnema;;//upload.wikimedia.org/wikipedia/commons/thumb/a/af/Oedecnema_gebleri.jpg/206px-Oedecnema_gebleri.jpg
Oecophylla longinoda;;https://ru.wikipedia.org/wiki/Oecophylla_longinoda;;//upload.wikimedia.org/wikipedia/commons/thumb/c/ce/Oecophylla_longinoda.jpg/275px-Oecophylla_longinoda.jpg
Oeconesidae;;https://ru.wikipedia.org/wiki/Oeconesidae;;//upload.wikimedia.org/wikipedia/commons/thumb/5/5f/Pseudoeconesus_bistirpis_AMNZ3453.jpg/275px-Pseudoeconesus_bistirpis_AMNZ3453.jpg
Oedostethus;;https://ru.wikipedia.org/wiki/Oedostethus;;//upload.wikimedia.org/wikipedia/commons/thumb/b/b3/Oedostethus_quadripustulatus.jpg/275px-Oedostethus_quadripustulatus.jpg
Oenopia;;https://ru.wikipedia.org/wiki/Oenopia;;//upload.wikimedia.org/wikipedia/commons/thumb/d/de/Oenopia_conglobata02.JPG/275px-Oenopia_conglobata02.JPG
Oestroidea;;https://ru.wikipedia.org/wiki/Oestroidea;;//upload.wikimedia.org/wikipedia/commons/thumb/b/b5/Sarcophaga_Bercaea2.jpg/275px-Sarcophaga_Bercaea2.jpg
Oiceoptoma;;https://ru.wikipedia.org/wiki/Oiceoptoma;;//upload.wikimedia.org/wikipedia/commons/thumb/7/7a/Oeceoptoma_thoracica_%28Linn%C3%A9%2C_1758%29_%283389927652%29.jpg/275px-Oeceoptoma_thoracica_%28Linn%C3%A9%2C_1758%29_%283389927652%29.jpg
Olibrolitus katyae;;https://ru.wikipedia.org/wiki/Olibrolitus_katyae;;
Olidiana;;https://ru.wikipedia.org/wiki/Olidiana;;
Olethrius;;https://ru.wikipedia.org/wiki/Olethrius;;//upload.wikimedia.org/wikipedia/commons/thumb/2/26/Olethrius-tyrannus.jpg/275px-Olethrius-tyrannus.jpg
Olethrius scabripennis;;https://ru.wikipedia.org/wiki/Olethrius_scabripennis;;
Olethreutinae;;https://ru.wikipedia.org/wiki/Olethreutinae;;//upload.wikimedia.org/wikipedia/commons/thumb/4/48/Eucosmomorpha_albersana.jpg/275px-Eucosmomorpha_albersana.jpg
Olethrius tyrannus;;https://ru.wikipedia.org/wiki/Olethrius_tyrannus;;//upload.wikimedia.org/wikipedia/commons/thumb/2/26/Olethrius-tyrannus.jpg/275px-Olethrius-tyrannus.jpg
Olidiana lanceolata;;https://ru.wikipedia.org/wiki/Olidiana_lanceolata;;
Olidiana fletcheri;;https://ru.wikipedia.org/wiki/Olidiana_fletcheri;;
Olidiana unidenta;;https://ru.wikipedia.org/wiki/Olidiana_unidenta;;
Oligomerus;;https://ru.wikipedia.org/wiki/Oligomerus;;//upload.wikimedia.org/wikipedia/commons/d/d3/Oligomerus.brunneus.-.calwer.29.03.jpg
Olidiana umroensis;;https://ru.wikipedia.org/wiki/Olidiana_umroensis;;
Oligeriops;;https://ru.wikipedia.org/wiki/Oligeriops;;
Olixon bicolor;;https://ru.wikipedia.org/wiki/Olixon_bicolor;;
Olisthopus;;https://ru.wikipedia.org/wiki/Olisthopus;;//upload.wikimedia.org/wikipedia/commons/thumb/8/8f/Olisthopusfuscatus.jpg/275px-Olisthopusfuscatus.jpg
Olixon banksii;;https://ru.wikipedia.org/wiki/Olixon_banksii;;
Olixon testaceum;;https://ru.wikipedia.org/wiki/Olixon_testaceum;;
Olixon;;https://ru.wikipedia.org/wiki/Olixon;;//upload.wikimedia.org/wikipedia/commons/thumb/0/05/Olixon_spec.jpg/275px-Olixon_spec.jpg
Olixon abrahami;;https://ru.wikipedia.org/wiki/Olixon_abrahami;;
Omaloderus;;https://ru.wikipedia.org/wiki/Omaloderus;;
Omalium;;https://ru.wikipedia.org/wiki/Omalium;;//upload.wikimedia.org/wikipedia/commons/3/30/Omalium.rivulare.-.calwer.12.30.jpg
Omias globosus;;https://ru.wikipedia.org/wiki/Omias_globosus;;
Omias;;https://ru.wikipedia.org/wiki/Omias;;
Ommatiinae;;https://ru.wikipedia.org/wiki/Ommatiinae;;//upload.wikimedia.org/wikipedia/commons/thumb/1/1d/Robber_Fly_1_REFON.JPG/275px-Robber_Fly_1_REFON.JPG
Omiini;;https://ru.wikipedia.org/wiki/Omiini;;//upload.wikimedia.org/wikipedia/commons/thumb/a/ad/Omiamima_mollina_%28Boheman%2C_1834%29_%2810474843035%29.png/275px-Omiamima_mollina_%28Boheman%2C_1834%29_%2810474843035%29.png
Omonadus floralis;;https://ru.wikipedia.org/wiki/Omonadus_floralis;;//upload.wikimedia.org/wikipedia/commons/thumb/3/33/Omonadus_floralis_%28Linn%C3%A9%2C_1758%29.jpg/275px-Omonadus_floralis_%28Linn%C3%A9%2C_1758%29.jpg
Omias rotundatus;;https://ru.wikipedia.org/wiki/Omias_rotundatus;;
Omophron grossus;;https://ru.wikipedia.org/wiki/Omophron_grossus;;
Omophron labiatus;;https://ru.wikipedia.org/wiki/Omophron_labiatus;;
Omosita depressa;;https://ru.wikipedia.org/wiki/Omosita_depressa;;//upload.wikimedia.org/wikipedia/commons/thumb/b/b0/Omosita_depressa_Jacobson.png/275px-Omosita_depressa_Jacobson.png
Omophron dentatus;;https://ru.wikipedia.org/wiki/Omophron_dentatus;;
Omophroninae;;https://ru.wikipedia.org/wiki/Omophroninae;;//upload.wikimedia.org/wikipedia/commons/thumb/f/f0/Omophron_limbatum_photo.jpg/223px-Omophron_limbatum_photo.jpg
Omosita colon;;https://ru.wikipedia.org/wiki/Omosita_colon;;//upload.wikimedia.org/wikipedia/commons/thumb/4/46/Omosita_colon.jpg/275px-Omosita_colon.jpg
Omosita discoidea;;https://ru.wikipedia.org/wiki/Omosita_discoidea;;
Oniscigastridae;;https://ru.wikipedia.org/wiki/Oniscigastridae;;
Oncopeltus;;https://ru.wikipedia.org/wiki/Oncopeltus;;//upload.wikimedia.org/wikipedia/commons/thumb/e/e7/Large_Milkweed_Bug_Oncopeltus_fasciatus_Mating.jpg/266px-Large_Milkweed_Bug_Oncopeltus_fasciatus_Mating.jpg
Oniticellus;;https://ru.wikipedia.org/wiki/Oniticellus;;//upload.wikimedia.org/wikipedia/commons/thumb/4/40/Oniticellus_formosus_Chevrolat%2C_1830_%283296107626%29.jpg/275px-Oniticellus_formosus_Chevrolat%2C_1830_%283296107626%29.jpg
Onitis curvipes;;https://ru.wikipedia.org/wiki/Onitis_curvipes;;
Onitis alexis;;https://ru.wikipedia.org/wiki/Onitis_alexis;;//upload.wikimedia.org/wikipedia/commons/thumb/d/df/CSIRO_ScienceImage_717_Bronze_dung_beetle_Onitis_alexis.jpg/275px-CSIRO_ScienceImage_717_Bronze_dung_beetle_Onitis_alexis.jpg
Onthophagus coenobita;;https://ru.wikipedia.org/wiki/Onthophagus_coenobita;;//upload.wikimedia.org/wikipedia/commons/thumb/2/22/Onthophagus_coenobita01.jpg/275px-Onthophagus_coenobita01.jpg
Oniticellus tesselatus;;https://ru.wikipedia.org/wiki/Oniticellus_tesselatus;;//upload.wikimedia.org/wikipedia/commons/thumb/f/fe/Oniticellus_%28s.str.%29_tesselatus_Harold_%284420493904%29.jpg/275px-Oniticellus_%28s.str.%29_tesselatus_Harold_%284420493904%29.jpg
Onthophilinae;;https://ru.wikipedia.org/wiki/Onthophilinae;;
Onthophagus vitulus;;https://ru.wikipedia.org/wiki/Onthophagus_vitulus;;
Onthophagus ovatus;;https://ru.wikipedia.org/wiki/Onthophagus_ovatus;;//upload.wikimedia.org/wikipedia/commons/thumb/2/2a/Onthophagus_ovatus.jpg/275px-Onthophagus_ovatus.jpg
Onychomyrmex;;https://ru.wikipedia.org/wiki/Onychomyrmex;;//upload.wikimedia.org/wikipedia/commons/thumb/d/dd/Onychomyrmex_hedleyi_casent0102176_head_1.jpg/275px-Onychomyrmex_hedleyi_casent0102176_head_1.jpg
Onthophagus verticicornis;;https://ru.wikipedia.org/wiki/Onthophagus_verticicornis;;//upload.wikimedia.org/wikipedia/commons/thumb/8/83/Onthophagus_%28Palaeonthophagus%29_verticicornis_up.jpg/275px-Onthophagus_%28Palaeonthophagus%29_verticicornis_up.jpg
Onymacris unguicularis;;https://ru.wikipedia.org/wiki/Onymacris_unguicularis;;//upload.wikimedia.org/wikipedia/commons/thumb/a/a5/Onymacris_unguicularis.jpg/275px-Onymacris_unguicularis.jpg
Onychopterocheilus mirus;;https://ru.wikipedia.org/wiki/Onychopterocheilus_mirus;;
Oocassida;;https://ru.wikipedia.org/wiki/Oocassida;;
Ooceraea;;https://ru.wikipedia.org/wiki/Ooceraea;;//upload.wikimedia.org/wikipedia/commons/thumb/1/12/Cerapachys_biroi_casent0178457_profile_1.jpg/275px-Cerapachys_biroi_casent0178457_profile_1.jpg
Ooceraea papuana;;https://ru.wikipedia.org/wiki/Ooceraea_papuana;;//upload.wikimedia.org/wikipedia/commons/thumb/b/b1/Cerapachys_papuanus_casent0434834_profile_1.jpg/275px-Cerapachys_papuanus_casent0434834_profile_1.jpg
Ooceraea australis;;https://ru.wikipedia.org/wiki/Ooceraea_australis;;
Ooceraea crypta;;https://ru.wikipedia.org/wiki/Ooceraea_crypta;;
Ooctonus;;https://ru.wikipedia.org/wiki/Ooctonus;;
Ooceraea alii;;https://ru.wikipedia.org/wiki/Ooceraea_alii;;
Ooceraea pawa;;https://ru.wikipedia.org/wiki/Ooceraea_pawa;;
Ooceraea besucheti;;https://ru.wikipedia.org/wiki/Ooceraea_besucheti;;
Ooceraea fragosa;;https://ru.wikipedia.org/wiki/Ooceraea_fragosa;;//upload.wikimedia.org/wikipedia/commons/thumb/3/3f/Cerapachys_fragosus_casent0106215_profile_1.jpg/275px-Cerapachys_fragosus_casent0106215_profile_1.jpg
Ooceraea coeca;;https://ru.wikipedia.org/wiki/Ooceraea_coeca;;
Ooceraea biroi;;https://ru.wikipedia.org/wiki/Ooceraea_biroi;;//upload.wikimedia.org/wikipedia/commons/thumb/1/12/Cerapachys_biroi_casent0178457_profile_1.jpg/275px-Cerapachys_biroi_casent0178457_profile_1.jpg
Oodes;;https://ru.wikipedia.org/wiki/Oodes;;//upload.wikimedia.org/wikipedia/commons/d/d2/Oodes.helopioides.-.calwer.06.14.jpg
Ooctonus albiclavus;;https://ru.wikipedia.org/wiki/Ooctonus_albiclavus;;
Ooctonus capensis;;https://ru.wikipedia.org/wiki/Ooctonus_capensis;;
Ooctonus woolleyi;;https://ru.wikipedia.org/wiki/Ooctonus_woolleyi;;
Oodescelis;;https://ru.wikipedia.org/wiki/Oodescelis;;
Ooctonus zolnerowichi;;https://ru.wikipedia.org/wiki/Ooctonus_zolnerowichi;;
Ooctonus costaricensis;;https://ru.wikipedia.org/wiki/Ooctonus_costaricensis;;
Ooctonus lokomotiv;;https://ru.wikipedia.org/wiki/Ooctonus_lokomotiv;;
Ooctonus clebschi;;https://ru.wikipedia.org/wiki/Ooctonus_clebschi;;
Opatrini;;https://ru.wikipedia.org/wiki/Opatrini;;//upload.wikimedia.org/wikipedia/commons/thumb/c/c1/Opatrum_riparium_front.jpg/275px-Opatrum_riparium_front.jpg
Opatrum;;https://ru.wikipedia.org/wiki/Opatrum;;//upload.wikimedia.org/wikipedia/commons/thumb/1/1e/Schwanheimer_Duene_fg49.jpg/275px-Schwanheimer_Duene_fg49.jpg
Oomorphus concolor;;https://ru.wikipedia.org/wiki/Oomorphus_concolor;;//upload.wikimedia.org/wikipedia/commons/thumb/2/2d/Oomorphus_concolor01.jpg/275px-Oomorphus_concolor01.jpg
Oomorphoides;;https://ru.wikipedia.org/wiki/Oomorphoides;;
Opamyrma hungvuong;;https://ru.wikipedia.org/wiki/Opamyrma_hungvuong;;//upload.wikimedia.org/wikipedia/commons/thumb/5/5f/Opamyrma_hungvuong_casent0178347_profile_1.jpg/275px-Opamyrma_hungvuong_casent0178347_profile_1.jpg
Operclipygus;;https://ru.wikipedia.org/wiki/Operclipygus;;
Operclipygus impuncticollis;;https://ru.wikipedia.org/wiki/Operclipygus_impuncticollis;;
Operclipygus juninensis;;https://ru.wikipedia.org/wiki/Operclipygus_juninensis;;
Operclipygus ecitonis;;https://ru.wikipedia.org/wiki/Operclipygus_ecitonis;;
Operclipygus bickhardti;;https://ru.wikipedia.org/wiki/Operclipygus_bickhardti;;
Operclipygus dubius;;https://ru.wikipedia.org/wiki/Operclipygus_dubius;;
Operclipygus intermissus;;https://ru.wikipedia.org/wiki/Operclipygus_intermissus;;
Operclipygus britannicus;;https://ru.wikipedia.org/wiki/Operclipygus_britannicus;;
Operclipygus andinus;;https://ru.wikipedia.org/wiki/Operclipygus_andinus;;
Operclipygus itoupe;;https://ru.wikipedia.org/wiki/Operclipygus_itoupe;;
Operclipygus occultus;;https://ru.wikipedia.org/wiki/Operclipygus_occultus;;
Operclipygus lunulus;;https://ru.wikipedia.org/wiki/Operclipygus_lunulus;;
Operclipygus paraguensis;;https://ru.wikipedia.org/wiki/Operclipygus_paraguensis;;
Operclipygus parensis;;https://ru.wikipedia.org/wiki/Operclipygus_parensis;;
Operclipygus mutuca;;https://ru.wikipedia.org/wiki/Operclipygus_mutuca;;
Operclipygus lucanoides;;https://ru.wikipedia.org/wiki/Operclipygus_lucanoides;;
Operclipygus kerga;;https://ru.wikipedia.org/wiki/Operclipygus_kerga;;
Operclipygus pecki;;https://ru.wikipedia.org/wiki/Operclipygus_pecki;;
Operclipygus mirabilis;;https://ru.wikipedia.org/wiki/Operclipygus_mirabilis;;
Operclipygus mortavis;;https://ru.wikipedia.org/wiki/Operclipygus_mortavis;;
Operclipygus remotus;;https://ru.wikipedia.org/wiki/Operclipygus_remotus;;
Operclipygus schlingeri;;https://ru.wikipedia.org/wiki/Operclipygus_schlingeri;;
Operclipygus sinuatus;;https://ru.wikipedia.org/wiki/Operclipygus_sinuatus;;
Operclipygus sulcistrius;;https://ru.wikipedia.org/wiki/Operclipygus_sulcistrius;;
Operclipygus schmidti;;https://ru.wikipedia.org/wiki/Operclipygus_schmidti;;
Operclipygus pustulifer;;https://ru.wikipedia.org/wiki/Operclipygus_pustulifer;;
Operclipygus punctistrius;;https://ru.wikipedia.org/wiki/Operclipygus_punctistrius;;
Operclipygus validus;;https://ru.wikipedia.org/wiki/Operclipygus_validus;;
Operclipygus simplistrius;;https://ru.wikipedia.org/wiki/Operclipygus_simplistrius;;
Operclipygus planifrons;;https://ru.wikipedia.org/wiki/Operclipygus_planifrons;;
Opetiidae;;https://ru.wikipedia.org/wiki/Opetiidae;;//upload.wikimedia.org/wikipedia/commons/thumb/5/53/Opeteia.jpg/275px-Opeteia.jpg
Operclipygus variabilis;;https://ru.wikipedia.org/wiki/Operclipygus_variabilis;;
Opetiopalpus;;https://ru.wikipedia.org/wiki/Opetiopalpus;;//upload.wikimedia.org/wikipedia/commons/4/4d/Opetiopalpus.scutellaris.-.calwer.28.16.jpg
Opiinae;;https://ru.wikipedia.org/wiki/Opiinae;;//upload.wikimedia.org/wikipedia/commons/thumb/f/f2/K7920-7.jpg/275px-K7920-7.jpg
Ophiusa;;https://ru.wikipedia.org/wiki/Ophiusa;;//upload.wikimedia.org/wikipedia/commons/thumb/3/38/Ophiusa_tirhaca.jpg/275px-Ophiusa_tirhaca.jpg
Opius;;https://ru.wikipedia.org/wiki/Opius;;//upload.wikimedia.org/wikipedia/commons/thumb/1/12/Opius_concolor.jpg/275px-Opius_concolor.jpg
Opostega;;https://ru.wikipedia.org/wiki/Opostega;;//upload.wikimedia.org/wikipedia/commons/thumb/2/22/Opostega_salaciella.jpg/250px-Opostega_salaciella.jpg
Opostegoides;;https://ru.wikipedia.org/wiki/Opostegoides;;
Optioservus;;https://ru.wikipedia.org/wiki/Optioservus;;
Opsilia coerulescens;;https://ru.wikipedia.org/wiki/Opsilia_coerulescens;;//upload.wikimedia.org/wikipedia/commons/thumb/e/e4/Opsilia_coerulescens_bl.jpg/275px-Opsilia_coerulescens_bl.jpg
Opsilia;;https://ru.wikipedia.org/wiki/Opsilia;;//upload.wikimedia.org/wikipedia/commons/thumb/e/e4/Opsilia_coerulescens_bl.jpg/275px-Opsilia_coerulescens_bl.jpg
Oreoderus bhutanus;;https://ru.wikipedia.org/wiki/Oreoderus_bhutanus;;
Oreiscelio;;https://ru.wikipedia.org/wiki/Oreiscelio;;
Orgilinae;;https://ru.wikipedia.org/wiki/Orgilinae;;
Ormyrus ermolenkoi;;https://ru.wikipedia.org/wiki/Ormyrus_ermolenkoi;;
Ormyrus nitens;;https://ru.wikipedia.org/wiki/Ormyrus_nitens;;
Ormyrus sugonjaevi;;https://ru.wikipedia.org/wiki/Ormyrus_sugonjaevi;;
Orithales;;https://ru.wikipedia.org/wiki/Orithales;;//upload.wikimedia.org/wikipedia/commons/thumb/f/f3/Orithales_serraticornis.jpg/275px-Orithales_serraticornis.jpg
Ormyridae;;https://ru.wikipedia.org/wiki/Ormyridae;;//upload.wikimedia.org/wikipedia/commons/thumb/4/44/Ormyrus_sp-Chalcid-wasp-20100908b.jpg/275px-Ormyrus_sp-Chalcid-wasp-20100908b.jpg
Ormyrus;;https://ru.wikipedia.org/wiki/Ormyrus;;//upload.wikimedia.org/wikipedia/commons/thumb/4/44/Ormyrus_sp-Chalcid-wasp-20100908b.jpg/275px-Ormyrus_sp-Chalcid-wasp-20100908b.jpg
Oropsylla;;https://ru.wikipedia.org/wiki/Oropsylla;;
Orthetrum chrysostigma;;https://ru.wikipedia.org/wiki/Orthetrum_chrysostigma;;//upload.wikimedia.org/wikipedia/commons/thumb/e/ef/Orthetrum_chrysostigma_LC0207.jpg/275px-Orthetrum_chrysostigma_LC0207.jpg
Orsodacne;;https://ru.wikipedia.org/wiki/Orsodacne;;//upload.wikimedia.org/wikipedia/commons/4/49/Orsodacne.cerasi.-.calwer.42.06.jpg
Orthocentrus;;https://ru.wikipedia.org/wiki/Orthocentrus;;//upload.wikimedia.org/wikipedia/commons/thumb/3/3e/22_Ichneumonidae_Orthocentrus_spp._%289690903966%29.jpg/275px-22_Ichneumonidae_Orthocentrus_spp._%289690903966%29.jpg
Orthocentrinae;;https://ru.wikipedia.org/wiki/Orthocentrinae;;//upload.wikimedia.org/wikipedia/commons/thumb/c/ca/Plectiscus.ridibundus.-.lindsey.jpg/275px-Plectiscus.ridibundus.-.lindsey.jpg
Orthocentrus aztecus;;https://ru.wikipedia.org/wiki/Orthocentrus_aztecus;;
Orthocephalus funestus;;https://ru.wikipedia.org/wiki/Orthocephalus_funestus;;
Orthocentrus dorsofuscus;;https://ru.wikipedia.org/wiki/Orthocentrus_dorsofuscus;;
Orthocentrus brevicornis;;https://ru.wikipedia.org/wiki/Orthocentrus_brevicornis;;
Orthocentrus elongatus;;https://ru.wikipedia.org/wiki/Orthocentrus_elongatus;;
Orthocentrus hidalgoensis;;https://ru.wikipedia.org/wiki/Orthocentrus_hidalgoensis;;
Orthocentrus collaris;;https://ru.wikipedia.org/wiki/Orthocentrus_collaris;;
Orthocentrus contrerasi;;https://ru.wikipedia.org/wiki/Orthocentrus_contrerasi;;
Orthocentrus areolatus;;https://ru.wikipedia.org/wiki/Orthocentrus_areolatus;;
Orthocentrus coronadoae;;https://ru.wikipedia.org/wiki/Orthocentrus_coronadoae;;
Orthocladiinae;;https://ru.wikipedia.org/wiki/Orthocladiinae;;//upload.wikimedia.org/wikipedia/commons/thumb/d/d9/L_Orthocladiinae_head_explained.jpg/275px-L_Orthocladiinae_head_explained.jpg
Orthogonalys brevis;;https://ru.wikipedia.org/wiki/Orthogonalys_brevis;;
Orthogonalys parahova;;https://ru.wikipedia.org/wiki/Orthogonalys_parahova;;
Orthogonalys gigantea;;https://ru.wikipedia.org/wiki/Orthogonalys_gigantea;;
Oryctes ata;;https://ru.wikipedia.org/wiki/Oryctes_ata;;
Oryctes rhinoceros;;https://ru.wikipedia.org/wiki/Oryctes_rhinoceros;;//upload.wikimedia.org/wikipedia/commons/thumb/8/8e/Oryctes_nasicornis_Thailand.jpg/275px-Oryctes_nasicornis_Thailand.jpg
Osirini;;https://ru.wikipedia.org/wiki/Osirini;;//upload.wikimedia.org/wikipedia/commons/thumb/5/56/Epeoloides_coecutiens.jpg/275px-Epeoloides_coecutiens.jpg
Osiris;;https://ru.wikipedia.org/wiki/Osiris;;//upload.wikimedia.org/wikipedia/commons/thumb/4/4d/Bee_pale_tan%2C_f%2C_colombia%2C_angle_2014-08-08-16.44.34_ZS_PMax_%2815436414398%29.jpg/275px-Bee_pale_tan%2C_f%2C_colombia%2C_angle_2014-08-08-16.44.34_ZS_PMax_%2815436414398%29.jpg
Osiraspis balteata;;https://ru.wikipedia.org/wiki/Osiraspis_balteata;;
Osca;;https://ru.wikipedia.org/wiki/Osca;;//upload.wikimedia.org/wikipedia/commons/thumb/4/49/Scaptia_lata_11_Feb_2010_Volcan_Osorno_Chile.jpg/275px-Scaptia_lata_11_Feb_2010_Volcan_Osorno_Chile.jpg
Osphyoplesius;;https://ru.wikipedia.org/wiki/Osphyoplesius;;
Osphranteria;;https://ru.wikipedia.org/wiki/Osphranteria;;
Osmiini;;https://ru.wikipedia.org/wiki/Osmiini;;//upload.wikimedia.org/wikipedia/commons/thumb/6/6c/Osmia_rufa_couple_%28aka%29.jpg/275px-Osmia_rufa_couple_%28aka%29.jpg
Osmoderma;;https://ru.wikipedia.org/wiki/Osmoderma;;//upload.wikimedia.org/wikipedia/commons/thumb/8/8a/Osmoderma_eremita.jpg/245px-Osmoderma_eremita.jpg
Osmylinae;;https://ru.wikipedia.org/wiki/Osmylinae;;//upload.wikimedia.org/wikipedia/commons/thumb/0/02/OsmylusWing.jpg/275px-OsmylusWing.jpg
Osphranteria lata;;https://ru.wikipedia.org/wiki/Osphranteria_lata;;
Osmoderma richteri;;https://ru.wikipedia.org/wiki/Osmoderma_richteri;;
Othius;;https://ru.wikipedia.org/wiki/Othius;;//upload.wikimedia.org/wikipedia/commons/9/92/Othius.punctulatus.-.calwer.11.23.jpg
Otophorus;;https://ru.wikipedia.org/wiki/Otophorus;;//upload.wikimedia.org/wikipedia/commons/thumb/f/f7/Aphodius_haemorrhoidalis_%28Linn%C3%A9%2C_1758%29_%283250255905%29.jpg/275px-Aphodius_haemorrhoidalis_%28Linn%C3%A9%2C_1758%29_%283250255905%29.jpg
Oxaeinae;;https://ru.wikipedia.org/wiki/Oxaeinae;;//upload.wikimedia.org/wikipedia/commons/thumb/1/18/Oxaea_flavescens_Female.jpg/275px-Oxaea_flavescens_Female.jpg
Ovosoma;;https://ru.wikipedia.org/wiki/Ovosoma;;
Ovalisia;;https://ru.wikipedia.org/wiki/Ovalisia;;//upload.wikimedia.org/wikipedia/commons/thumb/d/d8/Ovalisia_%28Scintillatrix%29_rutilans_bl1.JPG/275px-Ovalisia_%28Scintillatrix%29_rutilans_bl1.JPG
Ovostoma;;https://ru.wikipedia.org/wiki/Ovostoma;;
Oxyethira tiwaka;;https://ru.wikipedia.org/wiki/Oxyethira_tiwaka;;
Oxyethira abbreviata;;https://ru.wikipedia.org/wiki/Oxyethira_abbreviata;;
Oxyethira amieu;;https://ru.wikipedia.org/wiki/Oxyethira_amieu;;
Oxyethira houailou;;https://ru.wikipedia.org/wiki/Oxyethira_houailou;;
Oxyethira incurvata;;https://ru.wikipedia.org/wiki/Oxyethira_incurvata;;
Oxyethira;;https://ru.wikipedia.org/wiki/Oxyethira;;//upload.wikimedia.org/wikipedia/commons/thumb/a/ab/Oxyethira_ahipara_AMNZ23351.jpg/275px-Oxyethira_ahipara_AMNZ23351.jpg
Oxyethira spinifera;;https://ru.wikipedia.org/wiki/Oxyethira_spinifera;;
Oxyepoecus;;https://ru.wikipedia.org/wiki/Oxyepoecus;;//upload.wikimedia.org/wikipedia/commons/thumb/5/55/Oxyepoecus_bruchi_casent0178098_profile_1.jpg/275px-Oxyepoecus_bruchi_casent0178098_profile_1.jpg
Oxyethira perignonica;;https://ru.wikipedia.org/wiki/Oxyethira_perignonica;;
Oxylepus planicollis;;https://ru.wikipedia.org/wiki/Oxylepus_planicollis;;
Oxylepus bituberculatus;;https://ru.wikipedia.org/wiki/Oxylepus_bituberculatus;;
Oxylepus convexicollis;;https://ru.wikipedia.org/wiki/Oxylepus_convexicollis;;
Oxylepus impressipennis;;https://ru.wikipedia.org/wiki/Oxylepus_impressipennis;;
Oxylepus capensis;;https://ru.wikipedia.org/wiki/Oxylepus_capensis;;
Oxylepus sextuberculatus;;https://ru.wikipedia.org/wiki/Oxylepus_sextuberculatus;;
Oxylepus grobbelaarae;;https://ru.wikipedia.org/wiki/Oxylepus_grobbelaarae;;
Oxylepus;;https://ru.wikipedia.org/wiki/Oxylepus;;
Oxylia;;https://ru.wikipedia.org/wiki/Oxylia;;//upload.wikimedia.org/wikipedia/commons/thumb/b/b1/Oxylia_duponchelii_left_front_claw.jpg/275px-Oxylia_duponchelii_left_front_claw.jpg
Oxypleurus;;https://ru.wikipedia.org/wiki/Oxypleurus;;//upload.wikimedia.org/wikipedia/commons/thumb/c/c1/Oxypleurus_nodieri.png/266px-Oxypleurus_nodieri.png
Oxymirus;;https://ru.wikipedia.org/wiki/Oxymirus;;//upload.wikimedia.org/wikipedia/commons/thumb/1/1a/Oxymirus_cursor.jpg/275px-Oxymirus_cursor.jpg
Oxyomus;;https://ru.wikipedia.org/wiki/Oxyomus;;//upload.wikimedia.org/wikipedia/commons/thumb/e/e1/Oxyomus_sylvestris_%28Scopoli%2C_1763%29_Syn.-_Oxyomus_silvestris_%28Scopoli%2C_1763%29_%2822518513140%29.png/275px-Oxyomus_sylvestris_%28Scopoli%2C_1763%29_Syn.-_Oxyomus_silvestris_%28Scopoli%2C_1763%29_%2822518513140%29.png
Oxyomus sylvestris;;https://ru.wikipedia.org/wiki/Oxyomus_sylvestris;;//upload.wikimedia.org/wikipedia/commons/0/0e/Oxyomus_sylvestris_-_Reitter.jpg
Oxynychus;;https://ru.wikipedia.org/wiki/Oxynychus;;
Oxyscelio aclavae;;https://ru.wikipedia.org/wiki/Oxyscelio_aclavae;;
Oxyporus maxillosus;;https://ru.wikipedia.org/wiki/Oxyporus_maxillosus;;//upload.wikimedia.org/wikipedia/commons/c/c7/Oxyporus.maxillosus.-.calwer.12.08.jpg
Oxyporus mannerheimii;;https://ru.wikipedia.org/wiki/Oxyporus_mannerheimii;;
Oxyporinae;;https://ru.wikipedia.org/wiki/Oxyporinae;;//upload.wikimedia.org/wikipedia/commons/thumb/2/29/Oxyporus_rufus_up.JPG/275px-Oxyporus_rufus_up.JPG
Oxypleurus nodieri;;https://ru.wikipedia.org/wiki/Oxypleurus_nodieri;;//upload.wikimedia.org/wikipedia/commons/thumb/c/c1/Oxypleurus_nodieri.png/266px-Oxypleurus_nodieri.png
Oxyscelio acutiventris;;https://ru.wikipedia.org/wiki/Oxyscelio_acutiventris;;
Oxyscelio;;https://ru.wikipedia.org/wiki/Oxyscelio;;
Oxyrrhexis;;https://ru.wikipedia.org/wiki/Oxyrrhexis;;//upload.wikimedia.org/wikipedia/commons/thumb/5/5d/Oxyrrhexis.carbonator.-.lindsey.jpg/275px-Oxyrrhexis.carbonator.-.lindsey.jpg
Oxyscelio asperi;;https://ru.wikipedia.org/wiki/Oxyscelio_asperi;;
Oxyscelio amrichae;;https://ru.wikipedia.org/wiki/Oxyscelio_amrichae;;
Oxyscelio bipunctuum;;https://ru.wikipedia.org/wiki/Oxyscelio_bipunctuum;;
Oxyscelio angustifrons;;https://ru.wikipedia.org/wiki/Oxyscelio_angustifrons;;
Oxyscelio arcus;;https://ru.wikipedia.org/wiki/Oxyscelio_arcus;;
Oxyscelio brevidentis;;https://ru.wikipedia.org/wiki/Oxyscelio_brevidentis;;
Oxyscelio anguli;;https://ru.wikipedia.org/wiki/Oxyscelio_anguli;;
Oxyscelio arvi;;https://ru.wikipedia.org/wiki/Oxyscelio_arvi;;
Oxyscelio angustinubbin;;https://ru.wikipedia.org/wiki/Oxyscelio_angustinubbin;;
Oxyscelio aureamediocritas;;https://ru.wikipedia.org/wiki/Oxyscelio_aureamediocritas;;
Oxyscelio caesitas;;https://ru.wikipedia.org/wiki/Oxyscelio_caesitas;;
Oxyscelio cordis;;https://ru.wikipedia.org/wiki/Oxyscelio_cordis;;
Oxyscelio crebritas;;https://ru.wikipedia.org/wiki/Oxyscelio_crebritas;;
Oxyscelio convergens;;https://ru.wikipedia.org/wiki/Oxyscelio_convergens;;
Oxyscelio chimaerae;;https://ru.wikipedia.org/wiki/Oxyscelio_chimaerae;;
Oxyscelio capilli;;https://ru.wikipedia.org/wiki/Oxyscelio_capilli;;
Oxyscelio cavinetrion;;https://ru.wikipedia.org/wiki/Oxyscelio_cavinetrion;;
Oxyscelio crateris;;https://ru.wikipedia.org/wiki/Oxyscelio_crateris;;
Oxyscelio capitis;;https://ru.wikipedia.org/wiki/Oxyscelio_capitis;;
Oxyscelio codae;;https://ru.wikipedia.org/wiki/Oxyscelio_codae;;
Oxytelus piceus;;https://ru.wikipedia.org/wiki/Oxytelus_piceus;;//upload.wikimedia.org/wikipedia/commons/c/ca/Oxytelus.piceus.-.calwer.12.22.jpg
Oxyscelio kiefferi;;https://ru.wikipedia.org/wiki/Oxyscelio_kiefferi;;
Oxyscelio crustum;;https://ru.wikipedia.org/wiki/Oxyscelio_crustum;;
Oxyscelio jugi;;https://ru.wikipedia.org/wiki/Oxyscelio_jugi;;
Oxyscelio mollitia;;https://ru.wikipedia.org/wiki/Oxyscelio_mollitia;;
Oxyscelio cuculli;;https://ru.wikipedia.org/wiki/Oxyscelio_cuculli;;
