Sabethes;;https://ru.wikipedia.org/wiki/Sabethes;;
Sagra (род);;https://ru.wikipedia.org/wiki/Sagra_(%D1%80%D0%BE%D0%B4);;//upload.wikimedia.org/wikipedia/commons/thumb/8/8d/Chrysomelidae_-_Sagra_buqueti.JPG/275px-Chrysomelidae_-_Sagra_buqueti.JPG
Sagola;;https://ru.wikipedia.org/wiki/Sagola;;//upload.wikimedia.org/wikipedia/commons/thumb/3/32/Sagola_pulchra.jpg/275px-Sagola_pulchra.jpg
Salagosa;;https://ru.wikipedia.org/wiki/Salagosa;;
Salcedia robusta;;https://ru.wikipedia.org/wiki/Salcedia_robusta;;
Salcedia tuberculata;;https://ru.wikipedia.org/wiki/Salcedia_tuberculata;;
Salcedia lukulua;;https://ru.wikipedia.org/wiki/Salcedia_lukulua;;
Salcedia baroensis;;https://ru.wikipedia.org/wiki/Salcedia_baroensis;;
Salcedia;;https://ru.wikipedia.org/wiki/Salcedia;;//upload.wikimedia.org/wikipedia/commons/thumb/e/ef/Salcedia_sp.jpg/275px-Salcedia_sp.jpg
Salcedia unifoveata;;https://ru.wikipedia.org/wiki/Salcedia_unifoveata;;
Salcedia utetea;;https://ru.wikipedia.org/wiki/Salcedia_utetea;;
Saldinae;;https://ru.wikipedia.org/wiki/Saldinae;;//upload.wikimedia.org/wikipedia/commons/thumb/e/ec/Chartoscirta.cocksii.jpg/266px-Chartoscirta.cocksii.jpg
Saltoblattella montistabularis;;https://ru.wikipedia.org/wiki/Saltoblattella_montistabularis;;
Sangariola;;https://ru.wikipedia.org/wiki/Sangariola;;
Sambus;;https://ru.wikipedia.org/wiki/Sambus;;
Sandsitermes robustus;;https://ru.wikipedia.org/wiki/Sandsitermes_robustus;;
Santanmantis axelrodi;;https://ru.wikipedia.org/wiki/Santanmantis_axelrodi;;
Sapygidae;;https://ru.wikipedia.org/wiki/Sapygidae;;//upload.wikimedia.org/wikipedia/commons/thumb/b/b3/Sapyga_quinquepunctata.jpg/275px-Sapyga_quinquepunctata.jpg
Saperdini;;https://ru.wikipedia.org/wiki/Saperdini;;//upload.wikimedia.org/wikipedia/commons/thumb/1/1a/Saperdacandida.jpg/275px-Saperdacandida.jpg
Saprininae;;https://ru.wikipedia.org/wiki/Saprininae;;//upload.wikimedia.org/wikipedia/commons/thumb/8/8a/Gnathoncus_rotundatus_Jacobson.png/275px-Gnathoncus_rotundatus_Jacobson.png
Sarmatia interitalis;;https://ru.wikipedia.org/wiki/Sarmatia_interitalis;;
Sarcophaga carnaria;;https://ru.wikipedia.org/wiki/Sarcophaga_carnaria;;//upload.wikimedia.org/wikipedia/commons/thumb/a/a6/Sarcophaga.carnaria.jpg/275px-Sarcophaga.carnaria.jpg
Sarginae;;https://ru.wikipedia.org/wiki/Sarginae;;//upload.wikimedia.org/wikipedia/commons/thumb/5/5b/Chloromyia_formosa_%28Broad_Centurion%29_-_male.jpg/275px-Chloromyia_formosa_%28Broad_Centurion%29_-_male.jpg
Sarrothripini;;https://ru.wikipedia.org/wiki/Sarrothripini;;//upload.wikimedia.org/wikipedia/commons/thumb/d/d8/Bena_bicolorana01.jpg/275px-Bena_bicolorana01.jpg
Satanas;;https://ru.wikipedia.org/wiki/Satanas;;
Satonius kurosawai;;https://ru.wikipedia.org/wiki/Satonius_kurosawai;;
Satyrium iyonis;;https://ru.wikipedia.org/wiki/Satyrium_iyonis;;//upload.wikimedia.org/wikipedia/commons/thumb/7/7b/119-Fixsenia_iyonis.JPG/275px-119-Fixsenia_iyonis.JPG
Satyrium;;https://ru.wikipedia.org/wiki/Satyrium;;//upload.wikimedia.org/wikipedia/commons/thumb/f/f3/Fixsenia.pruni.2335.jpg/275px-Fixsenia.pruni.2335.jpg
Saucrosmylidae;;https://ru.wikipedia.org/wiki/Saucrosmylidae;;
Satonius;;https://ru.wikipedia.org/wiki/Satonius;;
Satonius jaechi;;https://ru.wikipedia.org/wiki/Satonius_jaechi;;
Satonius fui;;https://ru.wikipedia.org/wiki/Satonius_fui;;
Saurophthirus longipes;;https://ru.wikipedia.org/wiki/Saurophthirus_longipes;;
Scaeva pyrastri;;https://ru.wikipedia.org/wiki/Scaeva_pyrastri;;//upload.wikimedia.org/wikipedia/commons/thumb/f/f3/Hoverfly_January_2008-8.jpg/275px-Hoverfly_January_2008-8.jpg
Scaphidema metallicum;;https://ru.wikipedia.org/wiki/Scaphidema_metallicum;;//upload.wikimedia.org/wikipedia/commons/thumb/4/4d/Scaphidema.metallica.1.jpg/275px-Scaphidema.metallica.1.jpg
Scaeva;;https://ru.wikipedia.org/wiki/Scaeva;;//upload.wikimedia.org/wikipedia/commons/thumb/f/f3/Hoverfly_January_2008-8.jpg/275px-Hoverfly_January_2008-8.jpg
Scaptia;;https://ru.wikipedia.org/wiki/Scaptia;;//upload.wikimedia.org/wikipedia/commons/thumb/1/1f/Scaptia_auriflua.jpg/275px-Scaptia_auriflua.jpg
Scelio albatus;;https://ru.wikipedia.org/wiki/Scelio_albatus;;
Scelio aphares;;https://ru.wikipedia.org/wiki/Scelio_aphares;;
Scelio;;https://ru.wikipedia.org/wiki/Scelio;;//upload.wikimedia.org/wikipedia/commons/thumb/9/9f/Scelio_antorides.jpg/275px-Scelio_antorides.jpg
Scelio bayanga;;https://ru.wikipedia.org/wiki/Scelio_bayanga;;
Scelio ardelio;;https://ru.wikipedia.org/wiki/Scelio_ardelio;;
Scelionidae;;https://ru.wikipedia.org/wiki/Scelionidae;;//upload.wikimedia.org/wikipedia/commons/thumb/f/fd/Telenomus_sp_%281%29.jpg/269px-Telenomus_sp_%281%29.jpg
Sceliphron curvatum;;https://ru.wikipedia.org/wiki/Sceliphron_curvatum;;//upload.wikimedia.org/wikipedia/commons/thumb/6/66/Sceliphron_curvatum-pjt6.jpg/275px-Sceliphron_curvatum-pjt6.jpg
Sceloenoplini;;https://ru.wikipedia.org/wiki/Sceloenoplini;;//upload.wikimedia.org/wikipedia/commons/thumb/a/a8/Acentroptera_Lacordairei.png/275px-Acentroptera_Lacordairei.png
Scepsidinae;;https://ru.wikipedia.org/wiki/Scepsidinae;;
Schizotus fuscicollis;;https://ru.wikipedia.org/wiki/Schizotus_fuscicollis;;
Schizotus cardinalis;;https://ru.wikipedia.org/wiki/Schizotus_cardinalis;;
Schlechtendalia;;https://ru.wikipedia.org/wiki/Schlechtendalia;;
Schizopyga;;https://ru.wikipedia.org/wiki/Schizopyga;;//upload.wikimedia.org/wikipedia/commons/thumb/7/78/Schizopyga.podagrica.-.lindsey.jpg/275px-Schizopyga.podagrica.-.lindsey.jpg
Schineria;;https://ru.wikipedia.org/wiki/Schineria;;
Sciadoceridae;;https://ru.wikipedia.org/wiki/Sciadoceridae;;
Schoenobius gigantella;;https://ru.wikipedia.org/wiki/Schoenobius_gigantella;;//upload.wikimedia.org/wikipedia/commons/thumb/4/44/Schoenobius_gigantella_f_FvL.jpg/275px-Schoenobius_gigantella_f_FvL.jpg
Schoenobius sasakii;;https://ru.wikipedia.org/wiki/Schoenobius_sasakii;;
Sciomyzoidea;;https://ru.wikipedia.org/wiki/Sciomyzoidea;;//upload.wikimedia.org/wikipedia/commons/thumb/2/26/Sepsis_fulgens01.jpg/275px-Sepsis_fulgens01.jpg
Scirpophaga innotata;;https://ru.wikipedia.org/wiki/Scirpophaga_innotata;;//upload.wikimedia.org/wikipedia/commons/thumb/2/24/Scirpophaga_innotata_%28ento-csiro-au%29.jpg/275px-Scirpophaga_innotata_%28ento-csiro-au%29.jpg
Scirpophaga praelata;;https://ru.wikipedia.org/wiki/Scirpophaga_praelata;;//upload.wikimedia.org/wikipedia/commons/thumb/2/2e/Scirpophaga_praelata.jpg/275px-Scirpophaga_praelata.jpg
Scirpophaga incertulas;;https://ru.wikipedia.org/wiki/Scirpophaga_incertulas;;//upload.wikimedia.org/wikipedia/commons/thumb/2/27/Scirpophaga_incertulas.jpg/275px-Scirpophaga_incertulas.jpg
Scleropatrum;;https://ru.wikipedia.org/wiki/Scleropatrum;;
Sclerogibbidae;;https://ru.wikipedia.org/wiki/Sclerogibbidae;;//upload.wikimedia.org/wikipedia/commons/thumb/f/f3/Kieffer_-_Parasclerogibba_erythrothorax_female.png/275px-Kieffer_-_Parasclerogibba_erythrothorax_female.png
Scolebythidae;;https://ru.wikipedia.org/wiki/Scolebythidae;;
Scirpophaga xanthopygata;;https://ru.wikipedia.org/wiki/Scirpophaga_xanthopygata;;
Scopaeus;;https://ru.wikipedia.org/wiki/Scopaeus;;//upload.wikimedia.org/wikipedia/commons/thumb/b/b2/Scopaeus_rubidus.jpg/275px-Scopaeus_rubidus.jpg
Scoparia nipponalis;;https://ru.wikipedia.org/wiki/Scoparia_nipponalis;;
Scoparia ancipitella;;https://ru.wikipedia.org/wiki/Scoparia_ancipitella;;//upload.wikimedia.org/wikipedia/commons/thumb/3/39/63.065_BF1335_Scoparia_ancipitella_%283130713633%29.jpg/275px-63.065_BF1335_Scoparia_ancipitella_%283130713633%29.jpg
Scymbalium;;https://ru.wikipedia.org/wiki/Scymbalium;;
Scymninae;;https://ru.wikipedia.org/wiki/Scymninae;;//upload.wikimedia.org/wikipedia/commons/thumb/6/65/Scymnus_sp01.jpg/275px-Scymnus_sp01.jpg
Scymnus abietis;;https://ru.wikipedia.org/wiki/Scymnus_abietis;;//upload.wikimedia.org/wikipedia/commons/thumb/5/5a/Scymnus-abietis-02-fws.jpg/275px-Scymnus-abietis-02-fws.jpg
Scymnus devexus;;https://ru.wikipedia.org/wiki/Scymnus_devexus;;
Scymnus epimecis;;https://ru.wikipedia.org/wiki/Scymnus_epimecis;;
Scymnus;;https://ru.wikipedia.org/wiki/Scymnus;;//upload.wikimedia.org/wikipedia/commons/0/03/Scymnus_%28max3mm%29_crop.jpg
Scymnus bipunctatus;;https://ru.wikipedia.org/wiki/Scymnus_bipunctatus;;//upload.wikimedia.org/wikipedia/commons/thumb/5/55/Scymnus_bipunctatus.jpg/275px-Scymnus_bipunctatus.jpg
Scymnus auritus;;https://ru.wikipedia.org/wiki/Scymnus_auritus;;//upload.wikimedia.org/wikipedia/commons/thumb/a/af/Scymnus_auritus.JPG/275px-Scymnus_auritus.JPG
Scymnus (подрод);;https://ru.wikipedia.org/wiki/Scymnus_(%D0%BF%D0%BE%D0%B4%D1%80%D0%BE%D0%B4);;
Scymnus bulangicus;;https://ru.wikipedia.org/wiki/Scymnus_bulangicus;;
Scymnus obliquophyllus;;https://ru.wikipedia.org/wiki/Scymnus_obliquophyllus;;
Scymnus nigrinus;;https://ru.wikipedia.org/wiki/Scymnus_nigrinus;;//upload.wikimedia.org/wikipedia/commons/c/ce/Scymnus.nigrinus.-.calwer.46.24.jpg
Scymnus menglianicus;;https://ru.wikipedia.org/wiki/Scymnus_menglianicus;;
Scymnus luridus;;https://ru.wikipedia.org/wiki/Scymnus_luridus;;
Scymnus ferrugatus;;https://ru.wikipedia.org/wiki/Scymnus_ferrugatus;;//upload.wikimedia.org/wikipedia/commons/thumb/9/97/Gro%C3%9Fer_Rotleibiger_Zwergmarienk%C3%A4fer_Scymnus_ferrugatus_4375.jpg/275px-Gro%C3%9Fer_Rotleibiger_Zwergmarienk%C3%A4fer_Scymnus_ferrugatus_4375.jpg
Scymnus praecisus;;https://ru.wikipedia.org/wiki/Scymnus_praecisus;;
Scymnus redtenbacheri;;https://ru.wikipedia.org/wiki/Scymnus_redtenbacheri;;//upload.wikimedia.org/wikipedia/commons/thumb/c/c5/Nephus_redtenbacheri01.jpg/275px-Nephus_redtenbacheri01.jpg
Scymnus interruptus;;https://ru.wikipedia.org/wiki/Scymnus_interruptus;;//upload.wikimedia.org/wikipedia/commons/thumb/7/7e/Scymnus_interruptus.jpg/275px-Scymnus_interruptus.jpg
Scymnus frontalis;;https://ru.wikipedia.org/wiki/Scymnus_frontalis;;//upload.wikimedia.org/wikipedia/commons/thumb/d/dc/Scymnus_frontalis_%28Fabricius%2C_1787%29.jpg/275px-Scymnus_frontalis_%28Fabricius%2C_1787%29.jpg
Scymnus inclinatus;;https://ru.wikipedia.org/wiki/Scymnus_inclinatus;;
Scymnus rubromaculatus;;https://ru.wikipedia.org/wiki/Scymnus_rubromaculatus;;//upload.wikimedia.org/wikipedia/commons/thumb/6/6a/Scymnus_rubromaculatus_male.jpg/275px-Scymnus_rubromaculatus_male.jpg
Scymnus subvillosus;;https://ru.wikipedia.org/wiki/Scymnus_subvillosus;;//upload.wikimedia.org/wikipedia/commons/thumb/f/f4/Scymnus_subvillosus.jpg/275px-Scymnus_subvillosus.jpg
Scymnus selliformis;;https://ru.wikipedia.org/wiki/Scymnus_selliformis;;
Scymnus tropicus;;https://ru.wikipedia.org/wiki/Scymnus_tropicus;;
Scymnus suturalis;;https://ru.wikipedia.org/wiki/Scymnus_suturalis;;//upload.wikimedia.org/wikipedia/commons/thumb/7/71/Scymnus_suturalis.jpg/275px-Scymnus_suturalis.jpg
Scymnus wudangensis;;https://ru.wikipedia.org/wiki/Scymnus_wudangensis;;
Sebaga;;https://ru.wikipedia.org/wiki/Sebaga;;
Scythis;;https://ru.wikipedia.org/wiki/Scythis;;
Selatosomus;;https://ru.wikipedia.org/wiki/Selatosomus;;//upload.wikimedia.org/wikipedia/commons/thumb/b/b6/Selatosomus_aeneus_bl.JPG/275px-Selatosomus_aeneus_bl.JPG
Selonodon;;https://ru.wikipedia.org/wiki/Selonodon;;
Semanotus undatus;;https://ru.wikipedia.org/wiki/Semanotus_undatus;;//upload.wikimedia.org/wikipedia/commons/thumb/4/4b/Semanotus_undatus_%28Linn%C3%A9%2C_1758%29_%284624188485%29_%282%29.jpg/275px-Semanotus_undatus_%28Linn%C3%A9%2C_1758%29_%284624188485%29_%282%29.jpg
Semachrysa jade;;https://ru.wikipedia.org/wiki/Semachrysa_jade;;//upload.wikimedia.org/wikipedia/commons/thumb/2/2b/Semachrysa_jade_female_habitus_%28Morphbank_791597%29_-_ZooKeys-214-001-g002.jpg/275px-Semachrysa_jade_female_habitus_%28Morphbank_791597%29_-_ZooKeys-214-001-g002.jpg
Sepidiini;;https://ru.wikipedia.org/wiki/Sepidiini;;//upload.wikimedia.org/wikipedia/commons/thumb/6/69/Dichtha_incantatoris%2C_e%2C_Phalandingwe.jpg/275px-Dichtha_incantatoris%2C_e%2C_Phalandingwe.jpg
Serangiini;;https://ru.wikipedia.org/wiki/Serangiini;;//upload.wikimedia.org/wikipedia/commons/thumb/1/14/Serangium_maculigerum.jpg/275px-Serangium_maculigerum.jpg
Serangium clauseni;;https://ru.wikipedia.org/wiki/Serangium_clauseni;;
Serangium japonicum;;https://ru.wikipedia.org/wiki/Serangium_japonicum;;//upload.wikimedia.org/wikipedia/commons/thumb/7/7f/%D0%92%D0%B8%D0%B4_Serangium_japonicum%2C_1940.jpg/220px-%D0%92%D0%B8%D0%B4_Serangium_japonicum%2C_1940.jpg
Serangium;;https://ru.wikipedia.org/wiki/Serangium;;//upload.wikimedia.org/wikipedia/commons/thumb/1/14/Serangium_maculigerum.jpg/275px-Serangium_maculigerum.jpg
Sericomyrmex radioheadi;;https://ru.wikipedia.org/wiki/Sericomyrmex_radioheadi;;//upload.wikimedia.org/wikipedia/commons/thumb/9/94/Sericomyrmex_radioheadi_worker_%28lateral%29.jpg/275px-Sericomyrmex_radioheadi_worker_%28lateral%29.jpg
Sericomyrmex;;https://ru.wikipedia.org/wiki/Sericomyrmex;;//upload.wikimedia.org/wikipedia/commons/thumb/c/c2/Sericomyrmex_amabilis_casent0039728_profile_1.jpg/275px-Sericomyrmex_amabilis_casent0039728_profile_1.jpg
Sericomyrmex opacus;;https://ru.wikipedia.org/wiki/Sericomyrmex_opacus;;
Sermylini;;https://ru.wikipedia.org/wiki/Sermylini;;//upload.wikimedia.org/wikipedia/commons/thumb/0/03/Agelastica.alni.adult.jpg/275px-Agelastica.alni.adult.jpg
Setina;;https://ru.wikipedia.org/wiki/Setina;;//upload.wikimedia.org/wikipedia/commons/thumb/4/47/Setina_irrorella.jpg/275px-Setina_irrorella.jpg
Shangonia sarawakensis;;https://ru.wikipedia.org/wiki/Shangonia_sarawakensis;;
Serviformica;;https://ru.wikipedia.org/wiki/Serviformica;;//upload.wikimedia.org/wikipedia/commons/thumb/8/87/Fusca_feeding.jpg/275px-Fusca_feeding.jpg
Seticeros aquilus;;https://ru.wikipedia.org/wiki/Seticeros_aquilus;;
Shaposhnikovia electri;;https://ru.wikipedia.org/wiki/Shaposhnikovia_electri;;
Siagonium;;https://ru.wikipedia.org/wiki/Siagonium;;//upload.wikimedia.org/wikipedia/commons/thumb/c/c7/Britishentomologyvolume1Plate23.jpg/220px-Britishentomologyvolume1Plate23.jpg
Sierolomorphidae;;https://ru.wikipedia.org/wiki/Sierolomorphidae;;//upload.wikimedia.org/wikipedia/commons/thumb/6/6f/Sierolomorpha_canadensis.jpg/275px-Sierolomorpha_canadensis.jpg
Sigalphinae;;https://ru.wikipedia.org/wiki/Sigalphinae;;
Sierola;;https://ru.wikipedia.org/wiki/Sierola;;//upload.wikimedia.org/wikipedia/commons/thumb/7/77/Sierola_gilbertae_AMNZ84662_side.jpg/275px-Sierola_gilbertae_AMNZ84662_side.jpg
Silana farinosa;;https://ru.wikipedia.org/wiki/Silana_farinosa;;
Silinae;;https://ru.wikipedia.org/wiki/Silinae;;//upload.wikimedia.org/wikipedia/commons/thumb/9/93/Spercomis.jpg/275px-Spercomis.jpg
Sigmatoneura;;https://ru.wikipedia.org/wiki/Sigmatoneura;;
Silis nitidula;;https://ru.wikipedia.org/wiki/Silis_nitidula;;//upload.wikimedia.org/wikipedia/commons/thumb/d/da/Silis_nitidula.jpg/275px-Silis_nitidula.jpg
Silvius gigantulus;;https://ru.wikipedia.org/wiki/Silvius_gigantulus;;//upload.wikimedia.org/wikipedia/commons/thumb/e/e7/Golden_Deer_Fly_-_Silvius_gigantulus%2C_Bassetts%2C_California.jpg/275px-Golden_Deer_Fly_-_Silvius_gigantulus%2C_Bassetts%2C_California.jpg
Simplicia (насекомые);;https://ru.wikipedia.org/wiki/Simplicia_(%D0%BD%D0%B0%D1%81%D0%B5%D0%BA%D0%BE%D0%BC%D1%8B%D0%B5);;//upload.wikimedia.org/wikipedia/commons/thumb/6/6e/Simplicia_armatalis.jpg/275px-Simplicia_armatalis.jpg
Simopone;;https://ru.wikipedia.org/wiki/Simopone;;//upload.wikimedia.org/wikipedia/commons/thumb/6/69/Simopone_emeryi_casent0101966_profile_1.jpg/275px-Simopone_emeryi_casent0101966_profile_1.jpg
Simulium asakoae;;https://ru.wikipedia.org/wiki/Simulium_asakoae;;
Simulium fuscidorsum;;https://ru.wikipedia.org/wiki/Simulium_fuscidorsum;;
Simulium inthanonense;;https://ru.wikipedia.org/wiki/Simulium_inthanonense;;
Sinarella;;https://ru.wikipedia.org/wiki/Sinarella;;
Simulium confertum;;https://ru.wikipedia.org/wiki/Simulium_confertum;;
Simulium banaticum;;https://ru.wikipedia.org/wiki/Simulium_banaticum;;
Simulium chaudinhense;;https://ru.wikipedia.org/wiki/Simulium_chaudinhense;;
Sinaxymyia rara;;https://ru.wikipedia.org/wiki/Sinaxymyia_rara;;
Sinarachna;;https://ru.wikipedia.org/wiki/Sinarachna;;
Sinhalestes orientalis;;https://ru.wikipedia.org/wiki/Sinhalestes_orientalis;;
Sinophora;;https://ru.wikipedia.org/wiki/Sinophora;;
Sinophora submacula;;https://ru.wikipedia.org/wiki/Sinophora_submacula;;
Sinodendron;;https://ru.wikipedia.org/wiki/Sinodendron;;//upload.wikimedia.org/wikipedia/commons/thumb/3/36/Sinodendron.cylindricum.-.lindsey.jpg/275px-Sinodendron.cylindricum.-.lindsey.jpg
Sirex;;https://ru.wikipedia.org/wiki/Sirex;;//upload.wikimedia.org/wikipedia/commons/thumb/9/96/Sirex_noctilio_F_%28Dos%29.JPG/275px-Sirex_noctilio_F_%28Dos%29.JPG
Siphonini;;https://ru.wikipedia.org/wiki/Siphonini;;//upload.wikimedia.org/wikipedia/commons/thumb/b/b1/Siphona_geniculata_02.JPG/275px-Siphona_geniculata_02.JPG
Siricoidea;;https://ru.wikipedia.org/wiki/Siricoidea;;//upload.wikimedia.org/wikipedia/commons/thumb/5/54/Urocerus_gigas5.jpg/275px-Urocerus_gigas5.jpg
Sisyphus crispatus;;https://ru.wikipedia.org/wiki/Sisyphus_crispatus;;
Sisyphus costatus;;https://ru.wikipedia.org/wiki/Sisyphus_costatus;;
Sitona intermedius;;https://ru.wikipedia.org/wiki/Sitona_intermedius;;
Slonik sibiricus;;https://ru.wikipedia.org/wiki/Slonik_sibiricus;;
Sitonini;;https://ru.wikipedia.org/wiki/Sitonini;;//upload.wikimedia.org/wikipedia/commons/thumb/f/f0/Sitona_lineatus01.jpg/275px-Sitona_lineatus01.jpg
Smaragdina;;https://ru.wikipedia.org/wiki/Smaragdina;;//upload.wikimedia.org/wikipedia/commons/thumb/0/05/Smaragdina_bifasciata_Lef%C3%A8vre%2C_1872_%288361091761%29.png/275px-Smaragdina_bifasciata_Lef%C3%A8vre%2C_1872_%288361091761%29.png
Smicromyrme;;https://ru.wikipedia.org/wiki/Smicromyrme;;//upload.wikimedia.org/wikipedia/commons/thumb/7/7c/20200329180943%21Smicromyrme_lewisi_male.jpg/275px-20200329180943%21Smicromyrme_lewisi_male.jpg
Solariola;;https://ru.wikipedia.org/wiki/Solariola;;
Solariola angelinii;;https://ru.wikipedia.org/wiki/Solariola_angelinii;;
Solariola angelae;;https://ru.wikipedia.org/wiki/Solariola_angelae;;
Solariola forbixi;;https://ru.wikipedia.org/wiki/Solariola_forbixi;;
Solariola comata;;https://ru.wikipedia.org/wiki/Solariola_comata;;
Solariola calida;;https://ru.wikipedia.org/wiki/Solariola_calida;;
Solariola gestroi;;https://ru.wikipedia.org/wiki/Solariola_gestroi;;
Solariola doderoi;;https://ru.wikipedia.org/wiki/Solariola_doderoi;;
Solariola fancelloi;;https://ru.wikipedia.org/wiki/Solariola_fancelloi;;
Solariola cajetanibelloi;;https://ru.wikipedia.org/wiki/Solariola_cajetanibelloi;;
Solariola diottii;;https://ru.wikipedia.org/wiki/Solariola_diottii;;
Solariola bucolorum;;https://ru.wikipedia.org/wiki/Solariola_bucolorum;;
Solariola benellii;;https://ru.wikipedia.org/wiki/Solariola_benellii;;
Solariola nemoralis;;https://ru.wikipedia.org/wiki/Solariola_nemoralis;;
Solariola hirtula;;https://ru.wikipedia.org/wiki/Solariola_hirtula;;
Solariola margaritae;;https://ru.wikipedia.org/wiki/Solariola_margaritae;;
Solariola hyblensis;;https://ru.wikipedia.org/wiki/Solariola_hyblensis;;
Solariola melonii;;https://ru.wikipedia.org/wiki/Solariola_melonii;;
Solariola gratiensis;;https://ru.wikipedia.org/wiki/Solariola_gratiensis;;
Solariola ientilei;;https://ru.wikipedia.org/wiki/Solariola_ientilei;;
Solariola mariaesilvanae;;https://ru.wikipedia.org/wiki/Solariola_mariaesilvanae;;
Solariola mariaetheresiae;;https://ru.wikipedia.org/wiki/Solariola_mariaetheresiae;;
Solariola mariaeclarae;;https://ru.wikipedia.org/wiki/Solariola_mariaeclarae;;
Solariola pacei;;https://ru.wikipedia.org/wiki/Solariola_pacei;;
Solariola poggii;;https://ru.wikipedia.org/wiki/Solariola_poggii;;
Solariola paulimagrinii;;https://ru.wikipedia.org/wiki/Solariola_paulimagrinii;;
Solariola petriolii;;https://ru.wikipedia.org/wiki/Solariola_petriolii;;
Solariola paganettii;;https://ru.wikipedia.org/wiki/Solariola_paganettii;;
Solariola obsoleta;;https://ru.wikipedia.org/wiki/Solariola_obsoleta;;
Solariola raphaelis;;https://ru.wikipedia.org/wiki/Solariola_raphaelis;;
Solariola pentaphyllica;;https://ru.wikipedia.org/wiki/Solariola_pentaphyllica;;
Solariola normanna;;https://ru.wikipedia.org/wiki/Solariola_normanna;;
Solariola pesarinii;;https://ru.wikipedia.org/wiki/Solariola_pesarinii;;
Solariola sbordonii;;https://ru.wikipedia.org/wiki/Solariola_sbordonii;;
Solariola sabellai;;https://ru.wikipedia.org/wiki/Solariola_sabellai;;
Solariola rosae;;https://ru.wikipedia.org/wiki/Solariola_rosae;;
Solariola venusta;;https://ru.wikipedia.org/wiki/Solariola_venusta;;
Solariola zoiai;;https://ru.wikipedia.org/wiki/Solariola_zoiai;;
Solariola ruffoi;;https://ru.wikipedia.org/wiki/Solariola_ruffoi;;
Solariola tedeschii;;https://ru.wikipedia.org/wiki/Solariola_tedeschii;;
Solariola saccoi;;https://ru.wikipedia.org/wiki/Solariola_saccoi;;
Solariola vitalei;;https://ru.wikipedia.org/wiki/Solariola_vitalei;;
Solariola selinusia;;https://ru.wikipedia.org/wiki/Solariola_selinusia;;
Solenopsia imitatrix;;https://ru.wikipedia.org/wiki/Solenopsia_imitatrix;;//upload.wikimedia.org/wikipedia/commons/thumb/a/a5/Solenopsia_imitatrix.jpg/275px-Solenopsia_imitatrix.jpg
Solenopsis ilinei;;https://ru.wikipedia.org/wiki/Solenopsis_ilinei;;
Solenopsis;;https://ru.wikipedia.org/wiki/Solenopsis;;//upload.wikimedia.org/wikipedia/commons/thumb/9/94/Fire_ants_01.jpg/224px-Fire_ants_01.jpg
Solenopsidini;;https://ru.wikipedia.org/wiki/Solenopsidini;;//upload.wikimedia.org/wikipedia/commons/thumb/6/68/Solenopsis_invicta_casent0005804_profile_1.jpg/275px-Solenopsis_invicta_casent0005804_profile_1.jpg
Solenopsis juliae;;https://ru.wikipedia.org/wiki/Solenopsis_juliae;;
Solenopsis geminata;;https://ru.wikipedia.org/wiki/Solenopsis_geminata;;//upload.wikimedia.org/wikipedia/commons/thumb/9/91/Solenopsis_geminata_casent0063125_head_1.jpg/275px-Solenopsis_geminata_casent0063125_head_1.jpg
Solenoptilon kochi;;https://ru.wikipedia.org/wiki/Solenoptilon_kochi;;
Solenopsis virulens;;https://ru.wikipedia.org/wiki/Solenopsis_virulens;;
Solenopsis xyloni;;https://ru.wikipedia.org/wiki/Solenopsis_xyloni;;//upload.wikimedia.org/wikipedia/commons/thumb/d/d1/Solenopsis_xyloni_casent0005806_head_1.jpg/275px-Solenopsis_xyloni_casent0005806_head_1.jpg
Solenoptilon martynovi;;https://ru.wikipedia.org/wiki/Solenoptilon_martynovi;;
Solenopsis richteri;;https://ru.wikipedia.org/wiki/Solenopsis_richteri;;//upload.wikimedia.org/wikipedia/commons/thumb/9/9b/Solenopsis_richteri_casent0103101_head_1.jpg/275px-Solenopsis_richteri_casent0103101_head_1.jpg
Sonoma;;https://ru.wikipedia.org/wiki/Sonoma;;//upload.wikimedia.org/wikipedia/commons/thumb/b/b2/Sonoma_squamishorum.jpg/260px-Sonoma_squamishorum.jpg
Somabrachyidae;;https://ru.wikipedia.org/wiki/Somabrachyidae;;//upload.wikimedia.org/wikipedia/commons/thumb/1/1d/Psycharium_pellucens_1.jpg/275px-Psycharium_pellucens_1.jpg
Solva;;https://ru.wikipedia.org/wiki/Solva;;//upload.wikimedia.org/wikipedia/commons/thumb/9/96/Solva-marginata-Wood-soldierfly-20110620a.jpg/275px-Solva-marginata-Wood-soldierfly-20110620a.jpg
Sonjagaster;;https://ru.wikipedia.org/wiki/Sonjagaster;;
Sonoma squamishorum;;https://ru.wikipedia.org/wiki/Sonoma_squamishorum;;//upload.wikimedia.org/wikipedia/commons/thumb/b/b2/Sonoma_squamishorum.jpg/260px-Sonoma_squamishorum.jpg
Solva marginata;;https://ru.wikipedia.org/wiki/Solva_marginata;;//upload.wikimedia.org/wikipedia/commons/thumb/9/96/Solva-marginata-Wood-soldierfly-20110620a.jpg/275px-Solva-marginata-Wood-soldierfly-20110620a.jpg
Sospita;;https://ru.wikipedia.org/wiki/Sospita;;//upload.wikimedia.org/wikipedia/commons/thumb/f/f1/Sospita_vigintiguttata_2.jpg/275px-Sospita_vigintiguttata_2.jpg
Spathius anervis;;https://ru.wikipedia.org/wiki/Spathius_anervis;;
Sparganothini;;https://ru.wikipedia.org/wiki/Sparganothini;;//upload.wikimedia.org/wikipedia/commons/thumb/7/79/Sparganothis_pilleriana_ugglan.jpg/275px-Sparganothis_pilleriana_ugglan.jpg
Spathius buonluoicus;;https://ru.wikipedia.org/wiki/Spathius_buonluoicus;;
Spatalistis christophana;;https://ru.wikipedia.org/wiki/Spatalistis_christophana;;//upload.wikimedia.org/wikipedia/commons/thumb/d/d7/A48-20160601-184_%2828834825026%29.jpg/275px-A48-20160601-184_%2828834825026%29.jpg
Spatalistis aglaoxantha;;https://ru.wikipedia.org/wiki/Spatalistis_aglaoxantha;;
Spatalistis;;https://ru.wikipedia.org/wiki/Spatalistis;;//upload.wikimedia.org/wikipedia/commons/thumb/0/06/Spatalistis_bifasciana_%2814579508942%29.jpg/275px-Spatalistis_bifasciana_%2814579508942%29.jpg
Spathius galinae;;https://ru.wikipedia.org/wiki/Spathius_galinae;;//upload.wikimedia.org/wikipedia/commons/thumb/d/d4/Spathius_galinae.jpg/275px-Spathius_galinae.jpg
Spathius sabahus;;https://ru.wikipedia.org/wiki/Spathius_sabahus;;
Sphaericus;;https://ru.wikipedia.org/wiki/Sphaericus;;
Sphaeridiinae;;https://ru.wikipedia.org/wiki/Sphaeridiinae;;//upload.wikimedia.org/wikipedia/commons/thumb/2/2f/CercyonSp.jpg/275px-CercyonSp.jpg
Sphaeridiini;;https://ru.wikipedia.org/wiki/Sphaeridiini;;//upload.wikimedia.org/wikipedia/commons/thumb/f/f6/Coelostoma_orbiculare_%28Fabricius%2C_1775%29_%283068368868%29.jpg/275px-Coelostoma_orbiculare_%28Fabricius%2C_1775%29_%283068368868%29.jpg
Speyeria;;https://ru.wikipedia.org/wiki/Speyeria;;//upload.wikimedia.org/wikipedia/commons/thumb/2/22/Speyeria_mormonia_3313.jpg/275px-Speyeria_mormonia_3313.jpg
Sphaeriusoidea;;https://ru.wikipedia.org/wiki/Sphaeriusoidea;;//upload.wikimedia.org/wikipedia/commons/thumb/3/3d/Sphaerius.acaroides.Reitter.tafel64.jpg/275px-Sphaerius.acaroides.Reitter.tafel64.jpg
Sphaeroceroidea;;https://ru.wikipedia.org/wiki/Sphaeroceroidea;;//upload.wikimedia.org/wikipedia/commons/thumb/b/b5/Copromyza.equina.jpg/275px-Copromyza.equina.jpg
Sphecidae;;https://ru.wikipedia.org/wiki/Sphecidae;;//upload.wikimedia.org/wikipedia/commons/thumb/b/b5/Sphex_argentatus_fumosus.jpg/275px-Sphex_argentatus_fumosus.jpg
Sphallotrichus bidens;;https://ru.wikipedia.org/wiki/Sphallotrichus_bidens;;
Sphaeropthalminae;;https://ru.wikipedia.org/wiki/Sphaeropthalminae;;//upload.wikimedia.org/wikipedia/commons/thumb/5/5b/Dasylabris_maura.jpg/275px-Dasylabris_maura.jpg
Sphecius grandis;;https://ru.wikipedia.org/wiki/Sphecius_grandis;;//upload.wikimedia.org/wikipedia/commons/thumb/c/c0/Western_CKs_mating.jpg/275px-Western_CKs_mating.jpg
Sphegina;;https://ru.wikipedia.org/wiki/Sphegina;;//upload.wikimedia.org/wikipedia/commons/thumb/b/b0/Sphegina_montana_Richard_Bartz.jpg/275px-Sphegina_montana_Richard_Bartz.jpg
Sphecomyrminae;;https://ru.wikipedia.org/wiki/Sphecomyrminae;;//upload.wikimedia.org/wikipedia/commons/thumb/1/12/Zigrasimecia_tonsora_JZC_Bu-159_holotype_01.jpg/275px-Zigrasimecia_tonsora_JZC_Bu-159_holotype_01.jpg
Sphegina gigas;;https://ru.wikipedia.org/wiki/Sphegina_gigas;;
Sphegina malaisei;;https://ru.wikipedia.org/wiki/Sphegina_malaisei;;
Sphecomyia;;https://ru.wikipedia.org/wiki/Sphecomyia;;//upload.wikimedia.org/wikipedia/commons/thumb/f/f0/Syrphid_fly_-_Sphecomyia_vittata%2C_Julie_Metz_Wetlands%2C_Woodbridge%2C_Virginia.jpg/275px-Syrphid_fly_-_Sphecomyia_vittata%2C_Julie_Metz_Wetlands%2C_Woodbridge%2C_Virginia.jpg
Sphecomyrma mesaki;;https://ru.wikipedia.org/wiki/Sphecomyrma_mesaki;;//upload.wikimedia.org/wikipedia/commons/thumb/a/aa/AMNH-NJ1023_Sphecomyrma_mesaki.jpg/275px-AMNH-NJ1023_Sphecomyrma_mesaki.jpg
Sphegina carinata;;https://ru.wikipedia.org/wiki/Sphegina_carinata;;
Sphex argentatissimus;;https://ru.wikipedia.org/wiki/Sphex_argentatissimus;;
Sphex corporosus;;https://ru.wikipedia.org/wiki/Sphex_corporosus;;
Sphex jucundus;;https://ru.wikipedia.org/wiki/Sphex_jucundus;;
Sphex gracilis;;https://ru.wikipedia.org/wiki/Sphex_gracilis;;
Sphex pretiosus;;https://ru.wikipedia.org/wiki/Sphex_pretiosus;;
Sphex brevipetiolus;;https://ru.wikipedia.org/wiki/Sphex_brevipetiolus;;
Sphex latilobus;;https://ru.wikipedia.org/wiki/Sphex_latilobus;;
Sphex fortunatus;;https://ru.wikipedia.org/wiki/Sphex_fortunatus;;
Sphex caelebs;;https://ru.wikipedia.org/wiki/Sphex_caelebs;;
Sphex flammeus;;https://ru.wikipedia.org/wiki/Sphex_flammeus;;
Sphodrus;;https://ru.wikipedia.org/wiki/Sphodrus;;//upload.wikimedia.org/wikipedia/commons/thumb/2/2a/Sphodrus.leucophthalmus.-.calwer.06.23.jpg/238px-Sphodrus.leucophthalmus.-.calwer.06.23.jpg
Sphyracephala europaea;;https://ru.wikipedia.org/wiki/Sphyracephala_europaea;;
Sphinctomyrmex;;https://ru.wikipedia.org/wiki/Sphinctomyrmex;;//upload.wikimedia.org/wikipedia/commons/thumb/3/39/Sphinctomyrmex_stali_casent0178865_profile_1.jpg/275px-Sphinctomyrmex_stali_casent0178865_profile_1.jpg
Sphodromantis gastrica;;https://ru.wikipedia.org/wiki/Sphodromantis_gastrica;;//upload.wikimedia.org/wikipedia/commons/thumb/4/44/African_Green_Mantis_%28Sphodromantis_gastrica%29_%2814051620003%29.jpg/275px-African_Green_Mantis_%28Sphodromantis_gastrica%29_%2814051620003%29.jpg
Sphiximorpha;;https://ru.wikipedia.org/wiki/Sphiximorpha;;//upload.wikimedia.org/wikipedia/commons/thumb/3/32/Europ%C3%A4ischenZweifl%C3%BCgeligen1790TafCCI.jpg/275px-Europ%C3%A4ischenZweifl%C3%BCgeligen1790TafCCI.jpg
Spiladelpha;;https://ru.wikipedia.org/wiki/Spiladelpha;;
Spilosmylinae;;https://ru.wikipedia.org/wiki/Spilosmylinae;;
Spinimegopis cingalensis;;https://ru.wikipedia.org/wiki/Spinimegopis_cingalensis;;
Spilophorini;;https://ru.wikipedia.org/wiki/Spilophorini;;
Spilomyia;;https://ru.wikipedia.org/wiki/Spilomyia;;//upload.wikimedia.org/wikipedia/commons/thumb/7/74/Spilomyia-sayi-001.jpg/275px-Spilomyia-sayi-001.jpg
Spilosomina;;https://ru.wikipedia.org/wiki/Spilosomina;;//upload.wikimedia.org/wikipedia/commons/thumb/5/54/The_road_of_the_white_ermine_moth.jpg/275px-The_road_of_the_white_ermine_moth.jpg
Spinococcus convolvuli;;https://ru.wikipedia.org/wiki/Spinococcus_convolvuli;;
Spirama;;https://ru.wikipedia.org/wiki/Spirama;;//upload.wikimedia.org/wikipedia/commons/thumb/0/01/Spirama_recessa.jpg/275px-Spirama_recessa.jpg
Spondylis;;https://ru.wikipedia.org/wiki/Spondylis;;//upload.wikimedia.org/wikipedia/commons/thumb/c/cd/Spondylis-buprestoides-05-VIII-2007-19.jpg/275px-Spondylis-buprestoides-05-VIII-2007-19.jpg
Spodoptera frugiperda;;https://ru.wikipedia.org/wiki/Spodoptera_frugiperda;;//upload.wikimedia.org/wikipedia/commons/thumb/4/44/Spodoptera_frugiperda.jpg/275px-Spodoptera_frugiperda.jpg
Sponsor;;https://ru.wikipedia.org/wiki/Sponsor;;
Stagmatoptera;;https://ru.wikipedia.org/wiki/Stagmatoptera;;//upload.wikimedia.org/wikipedia/commons/thumb/9/9b/Stagmatoptera_supplicaria_MHNT_femelle_vol.jpg/275px-Stagmatoptera_supplicaria_MHNT_femelle_vol.jpg
Stagetus;;https://ru.wikipedia.org/wiki/Stagetus;;
Staphylininae;;https://ru.wikipedia.org/wiki/Staphylininae;;//upload.wikimedia.org/wikipedia/commons/thumb/e/e1/Platydracus_stercorarius_02.JPG/275px-Platydracus_stercorarius_02.JPG
Stanwatkinsius;;https://ru.wikipedia.org/wiki/Stanwatkinsius;;
Steleopteridae;;https://ru.wikipedia.org/wiki/Steleopteridae;;//upload.wikimedia.org/wikipedia/commons/thumb/e/e5/Parasteleopteron_guischardi.JPG/275px-Parasteleopteron_guischardi.JPG
Steleopteron;;https://ru.wikipedia.org/wiki/Steleopteron;;//upload.wikimedia.org/wikipedia/commons/thumb/e/e7/Steleopteron_deichmuelleri.JPG/275px-Steleopteron_deichmuelleri.JPG
Steleopteron deichmuelleri;;https://ru.wikipedia.org/wiki/Steleopteron_deichmuelleri;;//upload.wikimedia.org/wikipedia/commons/thumb/e/e7/Steleopteron_deichmuelleri.JPG/275px-Steleopteron_deichmuelleri.JPG
Stegobium;;https://ru.wikipedia.org/wiki/Stegobium;;//upload.wikimedia.org/wikipedia/commons/thumb/1/1d/Stegobium_paniceum_bl.jpg/275px-Stegobium_paniceum_bl.jpg
Stegomyrmex;;https://ru.wikipedia.org/wiki/Stegomyrmex;;//upload.wikimedia.org/wikipedia/commons/thumb/4/49/Stegomyrmex_vizottoi_casent0178592_head_1.jpg/275px-Stegomyrmex_vizottoi_casent0178592_head_1.jpg
Steleopteron cretacicus;;https://ru.wikipedia.org/wiki/Steleopteron_cretacicus;;//upload.wikimedia.org/wikipedia/commons/thumb/2/29/Steleopteron_cretacicus_sp._nov.%2C_holotype._Photograph.png/275px-Steleopteron_cretacicus_sp._nov.%2C_holotype._Photograph.png
Stelis (животные);;https://ru.wikipedia.org/wiki/Stelis_(%D0%B6%D0%B8%D0%B2%D0%BE%D1%82%D0%BD%D1%8B%D0%B5);;//upload.wikimedia.org/wikipedia/commons/thumb/3/3d/Stelis_costalis%2C_M%2C_Side%2C_GA%2C_Baker_County_2015-01-09-12.11.35_ZS_PMax_-_USGS_BIML.jpg/275px-Stelis_costalis%2C_M%2C_Side%2C_GA%2C_Baker_County_2015-01-09-12.11.35_ZS_PMax_-_USGS_BIML.jpg
Stelis breviuscula;;https://ru.wikipedia.org/wiki/Stelis_breviuscula;;//upload.wikimedia.org/wikipedia/commons/thumb/4/47/Stelis_breviuscula.jpg/275px-Stelis_breviuscula.jpg
Stelis ornatula;;https://ru.wikipedia.org/wiki/Stelis_ornatula;;//upload.wikimedia.org/wikipedia/commons/thumb/7/74/Stelis_ornatula.jpg/275px-Stelis_ornatula.jpg
Stenammini;;https://ru.wikipedia.org/wiki/Stenammini;;//upload.wikimedia.org/wikipedia/commons/thumb/d/dd/Stenamma_debile_casent0010691_profile_1.jpg/275px-Stenamma_debile_casent0010691_profile_1.jpg
Stenhypena;;https://ru.wikipedia.org/wiki/Stenhypena;;
Stenocara dentata;;https://ru.wikipedia.org/wiki/Stenocara_dentata;;//upload.wikimedia.org/wikipedia/commons/thumb/c/cd/Stenocara_dentata.jpg/275px-Stenocara_dentata.jpg
Stenocara;;https://ru.wikipedia.org/wiki/Stenocara;;//upload.wikimedia.org/wikipedia/commons/thumb/3/39/Stenocara_eburnea_Pascoe%2C_1866_%283177441932%29_%282%29.jpg/275px-Stenocara_eburnea_Pascoe%2C_1866_%283177441932%29_%282%29.jpg
Stenidea;;https://ru.wikipedia.org/wiki/Stenidea;;
Stenocorus;;https://ru.wikipedia.org/wiki/Stenocorus;;//upload.wikimedia.org/wikipedia/commons/thumb/5/5d/Stenocorus_meridianus_%28Longhorn_beetle_sp.%29%2C_Arnhem%2C_the_Netherlands.JPG/275px-Stenocorus_meridianus_%28Longhorn_beetle_sp.%29%2C_Arnhem%2C_the_Netherlands.JPG
Stenocorus amurensis;;https://ru.wikipedia.org/wiki/Stenocorus_amurensis;;//upload.wikimedia.org/wikipedia/commons/thumb/8/8a/Stenocorus_amurensis_%28Kraatz%2C_1879%29_%2835874579103%29.png/275px-Stenocorus_amurensis_%28Kraatz%2C_1879%29_%2835874579103%29.png
Stenistoderus;;https://ru.wikipedia.org/wiki/Stenistoderus;;
Stenochiinae;;https://ru.wikipedia.org/wiki/Stenochiinae;;//upload.wikimedia.org/wikipedia/commons/thumb/9/96/Tenebrionidae_-_Scotaeus_corallipes.JPG/275px-Tenebrionidae_-_Scotaeus_corallipes.JPG
Stenocorus caeruleipennis;;https://ru.wikipedia.org/wiki/Stenocorus_caeruleipennis;;
Stenodynerus;;https://ru.wikipedia.org/wiki/Stenodynerus;;//upload.wikimedia.org/wikipedia/commons/thumb/c/c1/Stenodynerus_P1230975a.jpg/275px-Stenodynerus_P1230975a.jpg
Stenocorus schaumii;;https://ru.wikipedia.org/wiki/Stenocorus_schaumii;;//upload.wikimedia.org/wikipedia/commons/thumb/1/1a/Stenocorus_schaumii_%2826800267479%29.jpg/275px-Stenocorus_schaumii_%2826800267479%29.jpg
Stenodyneriellus;;https://ru.wikipedia.org/wiki/Stenodyneriellus;;
Stenocorus vittiger;;https://ru.wikipedia.org/wiki/Stenocorus_vittiger;;
Stenolophus;;https://ru.wikipedia.org/wiki/Stenolophus;;//upload.wikimedia.org/wikipedia/commons/thumb/d/d4/Stenolophusteutonus.png/275px-Stenolophusteutonus.png
Stenoponia;;https://ru.wikipedia.org/wiki/Stenoponia;;
Stenopterini;;https://ru.wikipedia.org/wiki/Stenopterini;;//upload.wikimedia.org/wikipedia/commons/thumb/4/4b/Stenopterus.rufus3.-.lindsey.jpg/275px-Stenopterus.rufus3.-.lindsey.jpg
Stenopsocus;;https://ru.wikipedia.org/wiki/Stenopsocus;;//upload.wikimedia.org/wikipedia/commons/thumb/0/0e/Stenopsocus_stigmaticus_01.JPG/275px-Stenopsocus_stigmaticus_01.JPG
Stenostola;;https://ru.wikipedia.org/wiki/Stenostola;;//upload.wikimedia.org/wikipedia/commons/thumb/f/f7/Stenostola.ferrea.-.calwer.40.03.jpg/275px-Stenostola.ferrea.-.calwer.40.03.jpg
Stenosis;;https://ru.wikipedia.org/wiki/Stenosis;;//upload.wikimedia.org/wikipedia/commons/c/c4/Stenosis.brenthoides.-.calwer.47.23.jpg
Stenostola dubia;;https://ru.wikipedia.org/wiki/Stenostola_dubia;;//upload.wikimedia.org/wikipedia/commons/thumb/0/08/Stenostola_dubia_up.JPG/275px-Stenostola_dubia_up.JPG
Stenosmylinae;;https://ru.wikipedia.org/wiki/Stenosmylinae;;//upload.wikimedia.org/wikipedia/commons/thumb/c/c3/Stenosmylus_sp._%284521831797%29.jpg/275px-Stenosmylus_sp._%284521831797%29.jpg
Stenopterus;;https://ru.wikipedia.org/wiki/Stenopterus;;//upload.wikimedia.org/wikipedia/commons/thumb/1/13/Stenopterus_rufus_MHNT.jpg/275px-Stenopterus_rufus_MHNT.jpg
Stenorhynchites caeruleocephalus;;https://ru.wikipedia.org/wiki/Stenorhynchites_caeruleocephalus;;//upload.wikimedia.org/wikipedia/commons/8/89/Stenorhynchites_caeruleocephalus.png
Stenosini;;https://ru.wikipedia.org/wiki/Stenosini;;
Stenoptilia kosterini;;https://ru.wikipedia.org/wiki/Stenoptilia_kosterini;;
Stenostola ferrea;;https://ru.wikipedia.org/wiki/Stenostola_ferrea;;//upload.wikimedia.org/wikipedia/commons/thumb/5/5d/Stenostola_ferrea.jpg/275px-Stenostola_ferrea.jpg
Stenus ageus;;https://ru.wikipedia.org/wiki/Stenus_ageus;;
Stenotothorax;;https://ru.wikipedia.org/wiki/Stenotothorax;;
Stenurella nigra;;https://ru.wikipedia.org/wiki/Stenurella_nigra;;//upload.wikimedia.org/wikipedia/commons/thumb/f/fa/Stenurella.nigra.jpg/275px-Stenurella.nigra.jpg
Stenus;;https://ru.wikipedia.org/wiki/Stenus;;//upload.wikimedia.org/wikipedia/commons/thumb/a/aa/Stenus_biguttatus.jpg/275px-Stenus_biguttatus.jpg
Stenus biguttatus;;https://ru.wikipedia.org/wiki/Stenus_biguttatus;;//upload.wikimedia.org/wikipedia/commons/thumb/9/92/Stenus_biguttatus_02.JPG/275px-Stenus_biguttatus_02.JPG
Stenotritidae;;https://ru.wikipedia.org/wiki/Stenotritidae;;//upload.wikimedia.org/wikipedia/commons/thumb/d/d5/Ctenocolletes_tigris_m.jpg/275px-Ctenocolletes_tigris_m.jpg
Stephanocleonus;;https://ru.wikipedia.org/wiki/Stephanocleonus;;//upload.wikimedia.org/wikipedia/commons/thumb/9/93/Stephanocleonus_tetragrammus-1.jpg/275px-Stephanocleonus_tetragrammus-1.jpg
Stephanopachys;;https://ru.wikipedia.org/wiki/Stephanopachys;;//upload.wikimedia.org/wikipedia/commons/thumb/4/45/Stephanopachys_substriatus.jpg/275px-Stephanopachys_substriatus.jpg
Stephanoidea;;https://ru.wikipedia.org/wiki/Stephanoidea;;//upload.wikimedia.org/wikipedia/commons/thumb/4/43/Stephanus_serrator_F_%28ovipositing%29.JPG/275px-Stephanus_serrator_F_%28ovipositing%29.JPG
Stenygrinum quadrinotatum;;https://ru.wikipedia.org/wiki/Stenygrinum_quadrinotatum;;
Stephanastus polinae;;https://ru.wikipedia.org/wiki/Stephanastus_polinae;;
Sternocera;;https://ru.wikipedia.org/wiki/Sternocera;;//upload.wikimedia.org/wikipedia/commons/thumb/6/6e/Sternocera.hunteri.mounted.jpg/243px-Sternocera.hunteri.mounted.jpg
Sternuchopsis;;https://ru.wikipedia.org/wiki/Sternuchopsis;;
Stichopogoninae;;https://ru.wikipedia.org/wiki/Stichopogoninae;;//upload.wikimedia.org/wikipedia/commons/thumb/1/1c/Asilidae_Stichopogon_sp2_edit.jpg/275px-Asilidae_Stichopogon_sp2_edit.jpg
Sticholotis quadriflavomaculata;;https://ru.wikipedia.org/wiki/Sticholotis_quadriflavomaculata;;
Sticholotis;;https://ru.wikipedia.org/wiki/Sticholotis;;
Stichoptera;;https://ru.wikipedia.org/wiki/Stichoptera;;
Stethorus punctum;;https://ru.wikipedia.org/wiki/Stethorus_punctum;;
Stictoleptura fulva;;https://ru.wikipedia.org/wiki/Stictoleptura_fulva;;//upload.wikimedia.org/wikipedia/commons/thumb/d/db/Corymbia_fulva_%28Degeer%2C_1775%29_%283215510430%29.jpg/275px-Corymbia_fulva_%28Degeer%2C_1775%29_%283215510430%29.jpg
Stigmacros;;https://ru.wikipedia.org/wiki/Stigmacros;;//upload.wikimedia.org/wikipedia/commons/thumb/c/c8/Stigmacros_punctatissima_psw8215-2_head_1.jpg/275px-Stigmacros_punctatissima_psw8215-2_head_1.jpg
Stigmaphronidae;;https://ru.wikipedia.org/wiki/Stigmaphronidae;;
Stictosomus semicostatus;;https://ru.wikipedia.org/wiki/Stictosomus_semicostatus;;
Stigmatomma;;https://ru.wikipedia.org/wiki/Stigmatomma;;//upload.wikimedia.org/wikipedia/commons/thumb/0/01/Amblyopone_silvestrii_casent0102204_head_1.jpg/275px-Amblyopone_silvestrii_casent0102204_head_1.jpg
Stigmella abachausi;;https://ru.wikipedia.org/wiki/Stigmella_abachausi;;
Stigmella (род насекомых);;https://ru.wikipedia.org/wiki/Stigmella_(%D1%80%D0%BE%D0%B4_%D0%BD%D0%B0%D1%81%D0%B5%D0%BA%D0%BE%D0%BC%D1%8B%D1%85);;//upload.wikimedia.org/wikipedia/commons/thumb/6/6e/Stigmella_betulicola.jpg/275px-Stigmella_betulicola.jpg
Stigmella altimontana;;https://ru.wikipedia.org/wiki/Stigmella_altimontana;;
Stigmella ampullata;;https://ru.wikipedia.org/wiki/Stigmella_ampullata;;
Stigmella abutilonica;;https://ru.wikipedia.org/wiki/Stigmella_abutilonica;;
Stigmella altiplanica;;https://ru.wikipedia.org/wiki/Stigmella_altiplanica;;
Stigmella ampla;;https://ru.wikipedia.org/wiki/Stigmella_ampla;;
Stigmella allophylica;;https://ru.wikipedia.org/wiki/Stigmella_allophylica;;
Stigmella androflava;;https://ru.wikipedia.org/wiki/Stigmella_androflava;;
Stigmella acalyphae;;https://ru.wikipedia.org/wiki/Stigmella_acalyphae;;
Stigmella arequipica;;https://ru.wikipedia.org/wiki/Stigmella_arequipica;;
Stigmella aceris;;https://ru.wikipedia.org/wiki/Stigmella_aceris;;//upload.wikimedia.org/wikipedia/commons/thumb/e/ee/Stigmella_aceris.jpg/275px-Stigmella_aceris.jpg
Stigmella expressa;;https://ru.wikipedia.org/wiki/Stigmella_expressa;;
Stigmella calceolariae;;https://ru.wikipedia.org/wiki/Stigmella_calceolariae;;
Stigmella auriargentata;;https://ru.wikipedia.org/wiki/Stigmella_auriargentata;;
Stigmella crotonica;;https://ru.wikipedia.org/wiki/Stigmella_crotonica;;
Stigmella celtifoliella;;https://ru.wikipedia.org/wiki/Stigmella_celtifoliella;;
Stigmella charistis;;https://ru.wikipedia.org/wiki/Stigmella_charistis;;
Stigmella generalis;;https://ru.wikipedia.org/wiki/Stigmella_generalis;;
Stigmella dombeyivora;;https://ru.wikipedia.org/wiki/Stigmella_dombeyivora;;
Stigmella eiffeli;;https://ru.wikipedia.org/wiki/Stigmella_eiffeli;;
Stigmella evanida;;https://ru.wikipedia.org/wiki/Stigmella_evanida;;
Stigmella lachemillae;;https://ru.wikipedia.org/wiki/Stigmella_lachemillae;;
Stigmella geranica;;https://ru.wikipedia.org/wiki/Stigmella_geranica;;
Stigmella gynoxyphaga;;https://ru.wikipedia.org/wiki/Stigmella_gynoxyphaga;;
Stigmella mustelina;;https://ru.wikipedia.org/wiki/Stigmella_mustelina;;
Stigmella pallida;;https://ru.wikipedia.org/wiki/Stigmella_pallida;;
Stigmella maya;;https://ru.wikipedia.org/wiki/Stigmella_maya;;
Stigmella pandora;;https://ru.wikipedia.org/wiki/Stigmella_pandora;;
Stigmella hortorum;;https://ru.wikipedia.org/wiki/Stigmella_hortorum;;
Stigmella longisacca;;https://ru.wikipedia.org/wiki/Stigmella_longisacca;;
Stigmella nigrata;;https://ru.wikipedia.org/wiki/Stigmella_nigrata;;
Stigmella potgieteri;;https://ru.wikipedia.org/wiki/Stigmella_potgieteri;;
Stigmella robusta;;https://ru.wikipedia.org/wiki/Stigmella_robusta;;
Stigmella parinarella;;https://ru.wikipedia.org/wiki/Stigmella_parinarella;;
Stigmella paramica;;https://ru.wikipedia.org/wiki/Stigmella_paramica;;
Stigmella pseudorobusta;;https://ru.wikipedia.org/wiki/Stigmella_pseudorobusta;;
Stigmella rhynchosiella;;https://ru.wikipedia.org/wiki/Stigmella_rhynchosiella;;
Stigmella pretoriata;;https://ru.wikipedia.org/wiki/Stigmella_pretoriata;;
Stigmella platyzona;;https://ru.wikipedia.org/wiki/Stigmella_platyzona;;
Stigmella paracosma;;https://ru.wikipedia.org/wiki/Stigmella_paracosma;;
Stigmella rigida;;https://ru.wikipedia.org/wiki/Stigmella_rigida;;
Stigmus;;https://ru.wikipedia.org/wiki/Stigmus;;//upload.wikimedia.org/wikipedia/commons/thumb/2/27/Cf_Stigmus_%2816814156781%29.jpg/275px-Cf_Stigmus_%2816814156781%29.jpg
Stigmella varii;;https://ru.wikipedia.org/wiki/Stigmella_varii;;
Stigmella triumfettica;;https://ru.wikipedia.org/wiki/Stigmella_triumfettica;;
Stigmella tragilis;;https://ru.wikipedia.org/wiki/Stigmella_tragilis;;
Stigmella satarensis;;https://ru.wikipedia.org/wiki/Stigmella_satarensis;;
Stigmus eurasiaticus;;https://ru.wikipedia.org/wiki/Stigmus_eurasiaticus;;
Stizus;;https://ru.wikipedia.org/wiki/Stizus;;//upload.wikimedia.org/wikipedia/commons/thumb/6/6b/Crabronidae_-_Stizus_fasciatus.JPG/275px-Crabronidae_-_Stizus_fasciatus.JPG
Stomis;;https://ru.wikipedia.org/wiki/Stomis;;//upload.wikimedia.org/wikipedia/commons/thumb/f/fa/Stomis_pumicatus_%28Panzer%2C_1795%29_%282929075569%29.jpg/275px-Stomis_pumicatus_%28Panzer%2C_1795%29_%282929075569%29.jpg
Stonemyia velutina;;https://ru.wikipedia.org/wiki/Stonemyia_velutina;;
Stomoxys;;https://ru.wikipedia.org/wiki/Stomoxys;;//upload.wikimedia.org/wikipedia/commons/thumb/c/ca/Stomoxys_calcitrans_01.jpg/275px-Stomoxys_calcitrans_01.jpg
Streblognathus peetersi;;https://ru.wikipedia.org/wiki/Streblognathus_peetersi;;//upload.wikimedia.org/wikipedia/commons/thumb/2/24/Streblognathus_peetersi_casent0173637_profile_1.jpg/275px-Streblognathus_peetersi_casent0173637_profile_1.jpg
Strategus;;https://ru.wikipedia.org/wiki/Strategus;;//upload.wikimedia.org/wikipedia/commons/thumb/9/9d/Strategus_validus_m.jpg/275px-Strategus_validus_m.jpg
Strangalia;;https://ru.wikipedia.org/wiki/Strangalia;;//upload.wikimedia.org/wikipedia/commons/thumb/4/4a/Strangalia_quadrifasciata_4127.jpg/275px-Strangalia_quadrifasciata_4127.jpg
Streblognathus;;https://ru.wikipedia.org/wiki/Streblognathus;;//upload.wikimedia.org/wikipedia/commons/thumb/2/24/Streblognathus_peetersi_casent0173637_profile_1.jpg/275px-Streblognathus_peetersi_casent0173637_profile_1.jpg
Streltzoviella insularis;;https://ru.wikipedia.org/wiki/Streltzoviella_insularis;;
Stromatium;;https://ru.wikipedia.org/wiki/Stromatium;;//upload.wikimedia.org/wikipedia/commons/thumb/2/26/Stromatium_unicolor_20090722_7.jpg/275px-Stromatium_unicolor_20090722_7.jpg
Stromatium unicolor;;https://ru.wikipedia.org/wiki/Stromatium_unicolor;;//upload.wikimedia.org/wikipedia/commons/thumb/2/26/Stromatium_unicolor_20090722_7.jpg/275px-Stromatium_unicolor_20090722_7.jpg
Strickerus;;https://ru.wikipedia.org/wiki/Strickerus;;
Strigoderma;;https://ru.wikipedia.org/wiki/Strigoderma;;//upload.wikimedia.org/wikipedia/commons/thumb/1/12/Strigoderma_pimalis_P1100336a.jpg/275px-Strigoderma_pimalis_P1100336a.jpg
Strongylognathus afer;;https://ru.wikipedia.org/wiki/Strongylognathus_afer;;
Strongylognathus arnoldii;;https://ru.wikipedia.org/wiki/Strongylognathus_arnoldii;;
Strongylognathus alpinus;;https://ru.wikipedia.org/wiki/Strongylognathus_alpinus;;
Strongylocoris leucocephalus;;https://ru.wikipedia.org/wiki/Strongylocoris_leucocephalus;;
Strongylognathus cheliferus;;https://ru.wikipedia.org/wiki/Strongylognathus_cheliferus;;
Strongylognathus caeciliae;;https://ru.wikipedia.org/wiki/Strongylognathus_caeciliae;;//upload.wikimedia.org/wikipedia/commons/thumb/8/87/Strongylognathus_caeciliae_mb619-2_profile_1.jpg/275px-Strongylognathus_caeciliae_mb619-2_profile_1.jpg
Strongylognathus;;https://ru.wikipedia.org/wiki/Strongylognathus;;//upload.wikimedia.org/wikipedia/commons/thumb/1/19/Strongylognathus_testaceus_casent0173185_head_1.jpg/275px-Strongylognathus_testaceus_casent0173185_head_1.jpg
Strongylocassis atripes;;https://ru.wikipedia.org/wiki/Strongylocassis_atripes;;
Strongylognathus destefanii;;https://ru.wikipedia.org/wiki/Strongylognathus_destefanii;;
Strongylognathus karawajewi;;https://ru.wikipedia.org/wiki/Strongylognathus_karawajewi;;
Strongylognathus potanini;;https://ru.wikipedia.org/wiki/Strongylognathus_potanini;;
Strongylognathus testaceus;;https://ru.wikipedia.org/wiki/Strongylognathus_testaceus;;//upload.wikimedia.org/wikipedia/commons/thumb/1/19/Strongylognathus_testaceus_casent0173185_head_1.jpg/275px-Strongylognathus_testaceus_casent0173185_head_1.jpg
Strongylognathus kabakovi;;https://ru.wikipedia.org/wiki/Strongylognathus_kabakovi;;
Strongylognathus rehbinderi;;https://ru.wikipedia.org/wiki/Strongylognathus_rehbinderi;;
Strongylognathus koreanus;;https://ru.wikipedia.org/wiki/Strongylognathus_koreanus;;
Strongylognathus christophi;;https://ru.wikipedia.org/wiki/Strongylognathus_christophi;;
Strongylognathus huberi;;https://ru.wikipedia.org/wiki/Strongylognathus_huberi;;
Strongylophthalmyiidae;;https://ru.wikipedia.org/wiki/Strongylophthalmyiidae;;//upload.wikimedia.org/wikipedia/commons/thumb/b/b9/Strongylophthalmyia_ustulata_%282%29_-_2013-07-28.jpg/275px-Strongylophthalmyia_ustulata_%282%29_-_2013-07-28.jpg
Strophiona nitens;;https://ru.wikipedia.org/wiki/Strophiona_nitens;;
Strumigenys;;https://ru.wikipedia.org/wiki/Strumigenys;;//upload.wikimedia.org/wikipedia/commons/thumb/7/77/Strumigenys_abdera_casent0005465_profile_1.jpg/275px-Strumigenys_abdera_casent0005465_profile_1.jpg
Strudiella devonica;;https://ru.wikipedia.org/wiki/Strudiella_devonica;;
Strumigenys agra;;https://ru.wikipedia.org/wiki/Strumigenys_agra;;//upload.wikimedia.org/wikipedia/commons/thumb/6/60/Strumigenys_agra_casent0005478_profile_1.jpg/275px-Strumigenys_agra_casent0005478_profile_1.jpg
Strumigenys abdera;;https://ru.wikipedia.org/wiki/Strumigenys_abdera;;//upload.wikimedia.org/wikipedia/commons/thumb/7/77/Strumigenys_abdera_casent0005465_profile_1.jpg/275px-Strumigenys_abdera_casent0005465_profile_1.jpg
Strumigenys adsita;;https://ru.wikipedia.org/wiki/Strumigenys_adsita;;//upload.wikimedia.org/wikipedia/commons/thumb/8/80/Strumigenys_adsita_casent0005473_profile_1.jpg/275px-Strumigenys_adsita_casent0005473_profile_1.jpg
Strumigenys anorbicula;;https://ru.wikipedia.org/wiki/Strumigenys_anorbicula;;
Strumigenys apios;;https://ru.wikipedia.org/wiki/Strumigenys_apios;;//upload.wikimedia.org/wikipedia/commons/thumb/3/3f/Strumigenys_apios_casent0005488_profile_1.jpg/275px-Strumigenys_apios_casent0005488_profile_1.jpg
Strumigenys alberti;;https://ru.wikipedia.org/wiki/Strumigenys_alberti;;
Strumigenys appretiata;;https://ru.wikipedia.org/wiki/Strumigenys_appretiata;;
Strumigenys argiola;;https://ru.wikipedia.org/wiki/Strumigenys_argiola;;
Strumigenys arizonica;;https://ru.wikipedia.org/wiki/Strumigenys_arizonica;;//upload.wikimedia.org/wikipedia/commons/thumb/b/bc/Pyramica_arizonica_casent0104466_head_1.jpg/275px-Pyramica_arizonica_casent0104466_head_1.jpg
Strumigenys biolleyi;;https://ru.wikipedia.org/wiki/Strumigenys_biolleyi;;//upload.wikimedia.org/wikipedia/commons/thumb/4/4e/Strumigenys_biolleyi_jtlc000003333_head_1.jpg/275px-Strumigenys_biolleyi_jtlc000003333_head_1.jpg
Strumigenys bathron;;https://ru.wikipedia.org/wiki/Strumigenys_bathron;;//upload.wikimedia.org/wikipedia/commons/thumb/5/50/Strumigenys_bathron_casent0005492_profile_1.jpg/275px-Strumigenys_bathron_casent0005492_profile_1.jpg
Strumigenys deltisquama;;https://ru.wikipedia.org/wiki/Strumigenys_deltisquama;;//upload.wikimedia.org/wikipedia/commons/thumb/1/1d/Strumigenys_deltisquama_lacm_ent_002369_head_1.jpg/275px-Strumigenys_deltisquama_lacm_ent_002369_head_1.jpg
Strumigenys conspersa;;https://ru.wikipedia.org/wiki/Strumigenys_conspersa;;
Strumigenys charino;;https://ru.wikipedia.org/wiki/Strumigenys_charino;;//upload.wikimedia.org/wikipedia/commons/thumb/a/ab/Strumigenys_charino_casent0005506_profile_1.jpg/275px-Strumigenys_charino_casent0005506_profile_1.jpg
Strumigenys deinomastax;;https://ru.wikipedia.org/wiki/Strumigenys_deinomastax;;
Strumigenys fridericimuelleri;;https://ru.wikipedia.org/wiki/Strumigenys_fridericimuelleri;;
Strumigenys godmani;;https://ru.wikipedia.org/wiki/Strumigenys_godmani;;//upload.wikimedia.org/wikipedia/commons/thumb/3/3a/Strumigenys_godmani_inbiocri001283960_profile_1.jpg/275px-Strumigenys_godmani_inbiocri001283960_profile_1.jpg
Strumigenys furtiva;;https://ru.wikipedia.org/wiki/Strumigenys_furtiva;;
Strumigenys laticeps;;https://ru.wikipedia.org/wiki/Strumigenys_laticeps;;
Strumigenys heliani;;https://ru.wikipedia.org/wiki/Strumigenys_heliani;;//upload.wikimedia.org/wikipedia/commons/thumb/0/03/Strumigenys_heliani_casent0005551_profile_1.jpg/275px-Strumigenys_heliani_casent0005551_profile_1.jpg
Strumigenys hirashimai;;https://ru.wikipedia.org/wiki/Strumigenys_hirashimai;;
Strumigenys lasia;;https://ru.wikipedia.org/wiki/Strumigenys_lasia;;
Strumigenys lachesis;;https://ru.wikipedia.org/wiki/Strumigenys_lachesis;;
Strumigenys mormo;;https://ru.wikipedia.org/wiki/Strumigenys_mormo;;
Strumigenys marchosias;;https://ru.wikipedia.org/wiki/Strumigenys_marchosias;;
Strumigenys nigrescens;;https://ru.wikipedia.org/wiki/Strumigenys_nigrescens;;
Strumigenys mola;;https://ru.wikipedia.org/wiki/Strumigenys_mola;;//upload.wikimedia.org/wikipedia/commons/thumb/b/b2/Strumigenys_mola_casent0005605_profile_1.jpg/275px-Strumigenys_mola_casent0005605_profile_1.jpg
Strumigenys manga;;https://ru.wikipedia.org/wiki/Strumigenys_manga;;//upload.wikimedia.org/wikipedia/commons/thumb/1/19/Strumigenys_manga_casent0005601_profile_1.jpg/275px-Strumigenys_manga_casent0005601_profile_1.jpg
Strumigenys membranifera;;https://ru.wikipedia.org/wiki/Strumigenys_membranifera;;//upload.wikimedia.org/wikipedia/commons/thumb/8/84/Pyramica_membranifera_casent0173252_head_1.jpg/275px-Pyramica_membranifera_casent0173252_head_1.jpg
Strumigenys mandibularis;;https://ru.wikipedia.org/wiki/Strumigenys_mandibularis;;
Strumigenys parsauga;;https://ru.wikipedia.org/wiki/Strumigenys_parsauga;;
Strumigenys roomi;;https://ru.wikipedia.org/wiki/Strumigenys_roomi;;
Strumigenys schuetzi;;https://ru.wikipedia.org/wiki/Strumigenys_schuetzi;;//upload.wikimedia.org/wikipedia/commons/thumb/a/aa/Strumigenys_schuetzi_casent0005632_profile_1.jpg/275px-Strumigenys_schuetzi_casent0005632_profile_1.jpg
Strumigenys rehi;;https://ru.wikipedia.org/wiki/Strumigenys_rehi;;
Strumigenys rogeri;;https://ru.wikipedia.org/wiki/Strumigenys_rogeri;;//upload.wikimedia.org/wikipedia/commons/thumb/c/c7/Strumigenys_rogeri_casent0005897_head_1.jpg/275px-Strumigenys_rogeri_casent0005897_head_1.jpg
Strumigenys sinensis;;https://ru.wikipedia.org/wiki/Strumigenys_sinensis;;
Strumigenys sublucida;;https://ru.wikipedia.org/wiki/Strumigenys_sublucida;;
Strumigenys smithii;;https://ru.wikipedia.org/wiki/Strumigenys_smithii;;//upload.wikimedia.org/wikipedia/commons/thumb/0/04/Strumigenys_smithii_inbiocri002281918_profile_1.jpg/275px-Strumigenys_smithii_inbiocri002281918_profile_1.jpg
Strumigenys tisiphone;;https://ru.wikipedia.org/wiki/Strumigenys_tisiphone;;
Strumigenys tiglath;;https://ru.wikipedia.org/wiki/Strumigenys_tiglath;;
Stylopidae;;https://ru.wikipedia.org/wiki/Stylopidae;;//upload.wikimedia.org/wikipedia/commons/thumb/8/8a/StylopidaeLyd.png/275px-StylopidaeLyd.png
Stylops;;https://ru.wikipedia.org/wiki/Stylops;;//upload.wikimedia.org/wikipedia/commons/thumb/b/bf/PSM_V19_D397_Stylops.jpg/275px-PSM_V19_D397_Stylops.jpg
Stylops lusohispanicus;;https://ru.wikipedia.org/wiki/Stylops_lusohispanicus;;
Subclemensia;;https://ru.wikipedia.org/wiki/Subclemensia;;
Sugrames;;https://ru.wikipedia.org/wiki/Sugrames;;//upload.wikimedia.org/wikipedia/commons/thumb/2/2c/Sugrames_hauseri.jpg/275px-Sugrames_hauseri.jpg
Subcoccinella;;https://ru.wikipedia.org/wiki/Subcoccinella;;//upload.wikimedia.org/wikipedia/commons/thumb/f/f8/Subcoccinella_vigintiquatuorpunctata_1.jpg/275px-Subcoccinella_vigintiquatuorpunctata_1.jpg
Supella longipalpa;;https://ru.wikipedia.org/wiki/Supella_longipalpa;;//upload.wikimedia.org/wikipedia/commons/thumb/8/86/Supella_longipalpa_cdc.jpg/275px-Supella_longipalpa_cdc.jpg
Sunius melanocephalus;;https://ru.wikipedia.org/wiki/Sunius_melanocephalus;;//upload.wikimedia.org/wikipedia/commons/0/0d/Sunius.melanocephalus.-.calwer.12.12.jpg
Sulcicollis;;https://ru.wikipedia.org/wiki/Sulcicollis;;
Susanomira caucasica;;https://ru.wikipedia.org/wiki/Susanomira_caucasica;;
Sylvabestiidae;;https://ru.wikipedia.org/wiki/Sylvabestiidae;;
Syndesinae;;https://ru.wikipedia.org/wiki/Syndesinae;;//upload.wikimedia.org/wikipedia/commons/thumb/1/1b/Kopfhornschr%C3%B6ter.JPG/275px-Kopfhornschr%C3%B6ter.JPG
Synechocera;;https://ru.wikipedia.org/wiki/Synechocera;;
Syncalyptinae;;https://ru.wikipedia.org/wiki/Syncalyptinae;;//upload.wikimedia.org/wikipedia/commons/6/6c/Chaetophora.spinosa.-.calwer.16.17.jpg
Syntermitinae;;https://ru.wikipedia.org/wiki/Syntermitinae;;
Synlestidae;;https://ru.wikipedia.org/wiki/Synlestidae;;//upload.wikimedia.org/wikipedia/commons/thumb/f/f8/Chlorolestes_tessellatus_2012_04_29_KZN_Midlands.jpg/275px-Chlorolestes_tessellatus_2012_04_29_KZN_Midlands.jpg
Synoeca;;https://ru.wikipedia.org/wiki/Synoeca;;//upload.wikimedia.org/wikipedia/commons/thumb/4/46/Synoeca_septentrionalis.jpg/275px-Synoeca_septentrionalis.jpg
Syntomus;;https://ru.wikipedia.org/wiki/Syntomus;;//upload.wikimedia.org/wikipedia/commons/thumb/0/09/Syntomus_foveatus_%28Fourcroy%2C_1785%29_%282871836093%29.jpg/275px-Syntomus_foveatus_%28Fourcroy%2C_1785%29_%282871836093%29.jpg
Synuchus;;https://ru.wikipedia.org/wiki/Synuchus;;//upload.wikimedia.org/wikipedia/commons/e/e9/Synuchus.vivalis.-.calwer.06.22.jpg
Syritta;;https://ru.wikipedia.org/wiki/Syritta;;//upload.wikimedia.org/wikipedia/commons/thumb/9/98/Syritta_pipiens_20020525.jpg/275px-Syritta_pipiens_20020525.jpg
Syricoris lacunana;;https://ru.wikipedia.org/wiki/Syricoris_lacunana;;//upload.wikimedia.org/wikipedia/commons/thumb/9/90/Celypha.lacunana.-.lindsey.jpg/275px-Celypha.lacunana.-.lindsey.jpg
Synthemistidae;;https://ru.wikipedia.org/wiki/Synthemistidae;;//upload.wikimedia.org/wikipedia/commons/thumb/0/0f/Choristhemis_flavoterminata_1.jpg/275px-Choristhemis_flavoterminata_1.jpg
Syrphus attenuatus;;https://ru.wikipedia.org/wiki/Syrphus_attenuatus;;
Syrphus torvus;;https://ru.wikipedia.org/wiki/Syrphus_torvus;;//upload.wikimedia.org/wikipedia/commons/thumb/9/9b/Syrphus_torvus_male_1.jpg/275px-Syrphus_torvus_male_1.jpg
Systellognatha;;https://ru.wikipedia.org/wiki/Systellognatha;;//upload.wikimedia.org/wikipedia/commons/thumb/7/72/Pteronarcyidae.jpg/180px-Pteronarcyidae.jpg
Syrphinae;;https://ru.wikipedia.org/wiki/Syrphinae;;//upload.wikimedia.org/wikipedia/commons/thumb/a/a6/Flower_fly_on_yucca.jpg/275px-Flower_fly_on_yucca.jpg
Syscia;;https://ru.wikipedia.org/wiki/Syscia;;//upload.wikimedia.org/wikipedia/commons/thumb/3/31/Cerapachys_typhlus_casent0106214_profile_1.jpg/275px-Cerapachys_typhlus_casent0106214_profile_1.jpg
Syrphus sexmaculatus;;https://ru.wikipedia.org/wiki/Syrphus_sexmaculatus;;
Szelenyia terebrae;;https://ru.wikipedia.org/wiki/Szelenyia_terebrae;;
