Tabanus darimonti;;https://ru.wikipedia.org/wiki/Tabanus_darimonti;;
Tabanus dolini;;https://ru.wikipedia.org/wiki/Tabanus_dolini;;
Tabaninae;;https://ru.wikipedia.org/wiki/Tabaninae;;//upload.wikimedia.org/wikipedia/commons/thumb/0/04/Tabanus_bovinus_-_closeup.jpg/275px-Tabanus_bovinus_-_closeup.jpg
Tachininae;;https://ru.wikipedia.org/wiki/Tachininae;;//upload.wikimedia.org/wikipedia/commons/thumb/0/04/Gymnocheta_viridis_-_female_-_Flickr_-_S._Rae.jpg/275px-Gymnocheta_viridis_-_female_-_Flickr_-_S._Rae.jpg
Tachinini;;https://ru.wikipedia.org/wiki/Tachinini;;//upload.wikimedia.org/wikipedia/commons/thumb/5/52/Thomas_Bresson_-_Tachina_fera_%28by%29.JPG/275px-Thomas_Bresson_-_Tachina_fera_%28by%29.JPG
Tachyta;;https://ru.wikipedia.org/wiki/Tachyta;;//upload.wikimedia.org/wikipedia/commons/thumb/d/d9/Tachyta_nana.jpg/275px-Tachyta_nana.jpg
Tachys;;https://ru.wikipedia.org/wiki/Tachys;;//upload.wikimedia.org/wikipedia/commons/thumb/3/38/Tachys_scutellaris_%28Stephens%2C_1828%29_%282912928824%29.jpg/275px-Tachys_scutellaris_%28Stephens%2C_1828%29_%282912928824%29.jpg
Tachypompilus;;https://ru.wikipedia.org/wiki/Tachypompilus;;//upload.wikimedia.org/wikipedia/commons/thumb/1/1c/Tachypompilus_ignitus_PompilidaeIMG_3672a.jpg/275px-Tachypompilus_ignitus_PompilidaeIMG_3672a.jpg
Tagona;;https://ru.wikipedia.org/wiki/Tagona;;
Talaridris;;https://ru.wikipedia.org/wiki/Talaridris;;//upload.wikimedia.org/wikipedia/commons/thumb/f/fa/Talaridris_mandibularis_casent0102365_head_1.jpg/275px-Talaridris_mandibularis_casent0102365_head_1.jpg
Tanaemyrmex;;https://ru.wikipedia.org/wiki/Tanaemyrmex;;//upload.wikimedia.org/wikipedia/commons/thumb/3/33/Camponotus_aethiops_workers.jpg/275px-Camponotus_aethiops_workers.jpg
Tanna japonensis;;https://ru.wikipedia.org/wiki/Tanna_japonensis;;//upload.wikimedia.org/wikipedia/commons/thumb/c/cf/Tanna_japonensis_%28female_s4%29.jpg/265px-Tanna_japonensis_%28female_s4%29.jpg
Tanypodinae;;https://ru.wikipedia.org/wiki/Tanypodinae;;//upload.wikimedia.org/wikipedia/commons/thumb/3/37/Tanypus_sp._01.JPG/275px-Tanypus_sp._01.JPG
Tanzanimyia;;https://ru.wikipedia.org/wiki/Tanzanimyia;;
Taphoxenus;;https://ru.wikipedia.org/wiki/Taphoxenus;;
Tapinoma erraticum;;https://ru.wikipedia.org/wiki/Tapinoma_erraticum;;//upload.wikimedia.org/wikipedia/commons/thumb/4/4f/Tapinoma_erraticum_casent0173199_profile_1.jpg/275px-Tapinoma_erraticum_casent0173199_profile_1.jpg
Tapinoma melanocephalum;;https://ru.wikipedia.org/wiki/Tapinoma_melanocephalum;;//upload.wikimedia.org/wikipedia/commons/thumb/1/14/Tapinoma.melanocephalum.group.feeding.on.apple.jpg/275px-Tapinoma.melanocephalum.group.feeding.on.apple.jpg
Tapinoma emeryi;;https://ru.wikipedia.org/wiki/Tapinoma_emeryi;;//upload.wikimedia.org/wikipedia/commons/thumb/1/12/Tapinoma_emeryi_casent0103347_head_1.jpg/275px-Tapinoma_emeryi_casent0103347_head_1.jpg
Tapinolepis;;https://ru.wikipedia.org/wiki/Tapinolepis;;//upload.wikimedia.org/wikipedia/commons/thumb/c/c7/Tapinolepis_tumidula_casent0102094_head_1.jpg/275px-Tapinolepis_tumidula_casent0102094_head_1.jpg
Tapinoma simrothi;;https://ru.wikipedia.org/wiki/Tapinoma_simrothi;;//upload.wikimedia.org/wikipedia/commons/thumb/0/03/Tapinoma_simrothi_casent0178242_profile_1.jpg/275px-Tapinoma_simrothi_casent0178242_profile_1.jpg
Tarachocelis microlepidopterella;;https://ru.wikipedia.org/wiki/Tarachocelis_microlepidopterella;;
Tarachocelidae;;https://ru.wikipedia.org/wiki/Tarachocelidae;;
Tarucus;;https://ru.wikipedia.org/wiki/Tarucus;;//upload.wikimedia.org/wikipedia/commons/thumb/5/55/Tarucus_balkanicus_0.jpg/275px-Tarucus_balkanicus_0.jpg
Tarsostenus;;https://ru.wikipedia.org/wiki/Tarsostenus;;//upload.wikimedia.org/wikipedia/commons/thumb/d/d2/Britishentomologyvolume2Plate270.png/215px-Britishentomologyvolume2Plate270.png
Tarwinia australis;;https://ru.wikipedia.org/wiki/Tarwinia_australis;;
Technomyrmex albipes;;https://ru.wikipedia.org/wiki/Technomyrmex_albipes;;//upload.wikimedia.org/wikipedia/commons/thumb/b/b0/Technomyrmex_albipes_casent0104343_head_1.jpg/275px-Technomyrmex_albipes_casent0104343_head_1.jpg
Technomyrmex;;https://ru.wikipedia.org/wiki/Technomyrmex;;//upload.wikimedia.org/wikipedia/commons/thumb/b/b0/Technomyrmex_albipes_casent0104343_head_1.jpg/275px-Technomyrmex_albipes_casent0104343_head_1.jpg
Technomyrmex briani;;https://ru.wikipedia.org/wiki/Technomyrmex_briani;;
Technomyrmex difficilis;;https://ru.wikipedia.org/wiki/Technomyrmex_difficilis;;//upload.wikimedia.org/wikipedia/commons/thumb/9/91/Technomyrmex_difficilis_casent0003175_profile_1.jpg/275px-Technomyrmex_difficilis_casent0003175_profile_1.jpg
Telmatogetoninae;;https://ru.wikipedia.org/wiki/Telmatogetoninae;;
Telostholus;;https://ru.wikipedia.org/wiki/Telostholus;;
Temnothorax arnoldii;;https://ru.wikipedia.org/wiki/Temnothorax_arnoldii;;
Temnothorax angustifrons;;https://ru.wikipedia.org/wiki/Temnothorax_angustifrons;;
Temnothorax alinae;;https://ru.wikipedia.org/wiki/Temnothorax_alinae;;
Temnothorax angulinodis;;https://ru.wikipedia.org/wiki/Temnothorax_angulinodis;;
Temnothorax arabicus;;https://ru.wikipedia.org/wiki/Temnothorax_arabicus;;
Temnothorax;;https://ru.wikipedia.org/wiki/Temnothorax;;//upload.wikimedia.org/wikipedia/commons/thumb/e/ef/Temnothorax_unifasciatus_casent0173188_profile_1.jpg/275px-Temnothorax_unifasciatus_casent0173188_profile_1.jpg
Temnothorax kaszabi;;https://ru.wikipedia.org/wiki/Temnothorax_kaszabi;;
Temnothorax dlusskyi;;https://ru.wikipedia.org/wiki/Temnothorax_dlusskyi;;
Temnothorax flavicornis;;https://ru.wikipedia.org/wiki/Temnothorax_flavicornis;;
Temnothorax cuneinodis;;https://ru.wikipedia.org/wiki/Temnothorax_cuneinodis;;
Temnothorax congruus;;https://ru.wikipedia.org/wiki/Temnothorax_congruus;;
Temnothorax mongolicus;;https://ru.wikipedia.org/wiki/Temnothorax_mongolicus;;
Temnothorax liviae;;https://ru.wikipedia.org/wiki/Temnothorax_liviae;;
Temnothorax lucidus;;https://ru.wikipedia.org/wiki/Temnothorax_lucidus;;
Temnothorax michali;;https://ru.wikipedia.org/wiki/Temnothorax_michali;;
Temnothorax rugatulus;;https://ru.wikipedia.org/wiki/Temnothorax_rugatulus;;//upload.wikimedia.org/wikipedia/commons/thumb/0/0a/Temnothorax_rugatulus_casent0102843_profile_1.jpg/275px-Temnothorax_rugatulus_casent0102843_profile_1.jpg
Temnothorax pisarskii;;https://ru.wikipedia.org/wiki/Temnothorax_pisarskii;;
Temnothorax saudiae;;https://ru.wikipedia.org/wiki/Temnothorax_saudiae;;
Temnothorax recedens;;https://ru.wikipedia.org/wiki/Temnothorax_recedens;;
Temnothorax taivanensis;;https://ru.wikipedia.org/wiki/Temnothorax_taivanensis;;
Temnothorax spinosior;;https://ru.wikipedia.org/wiki/Temnothorax_spinosior;;
Temnothorax subtilis;;https://ru.wikipedia.org/wiki/Temnothorax_subtilis;;
Temnothorax similis;;https://ru.wikipedia.org/wiki/Temnothorax_similis;;
Tenebrioninae;;https://ru.wikipedia.org/wiki/Tenebrioninae;;//upload.wikimedia.org/wikipedia/commons/thumb/4/4c/Tenebrio_molitor_MHNT.jpg/275px-Tenebrio_molitor_MHNT.jpg
Temnothorax xanthos;;https://ru.wikipedia.org/wiki/Temnothorax_xanthos;;
Tenebrionini;;https://ru.wikipedia.org/wiki/Tenebrionini;;//upload.wikimedia.org/wikipedia/commons/thumb/4/4c/Tenebrio_molitor_MHNT.jpg/275px-Tenebrio_molitor_MHNT.jpg
Temnothorax wui;;https://ru.wikipedia.org/wiki/Temnothorax_wui;;
Tenebroides;;https://ru.wikipedia.org/wiki/Tenebroides;;//upload.wikimedia.org/wikipedia/commons/thumb/8/8b/Tenebroides_mauritanicus.jpg/263px-Tenebroides_mauritanicus.jpg
Tenebrio;;https://ru.wikipedia.org/wiki/Tenebrio;;//upload.wikimedia.org/wikipedia/commons/thumb/2/25/Tenebrio_molitor_%2828239146917%29.jpg/275px-Tenebrio_molitor_%2828239146917%29.jpg
Tentyria;;https://ru.wikipedia.org/wiki/Tentyria;;//upload.wikimedia.org/wikipedia/commons/thumb/7/79/Tentyria.jpg/275px-Tentyria.jpg
Tenthredinoidea;;https://ru.wikipedia.org/wiki/Tenthredinoidea;;//upload.wikimedia.org/wikipedia/commons/thumb/8/8d/XN_Tenthredo_mesomela.jpg/275px-XN_Tenthredo_mesomela.jpg
Tephritoidea;;https://ru.wikipedia.org/wiki/Tephritoidea;;//upload.wikimedia.org/wikipedia/commons/thumb/6/67/Rhagoletis_cerasi01.jpg/275px-Rhagoletis_cerasi01.jpg
Tenodera sinensis;;https://ru.wikipedia.org/wiki/Tenodera_sinensis;;//upload.wikimedia.org/wikipedia/commons/thumb/4/4f/The_mantis_which_eats_a_Bee20080829.jpg/275px-The_mantis_which_eats_a_Bee20080829.jpg
Tentyriini;;https://ru.wikipedia.org/wiki/Tentyriini;;
Teretrius;;https://ru.wikipedia.org/wiki/Teretrius;;
Teretriosoma;;https://ru.wikipedia.org/wiki/Teretriosoma;;
Termitinae;;https://ru.wikipedia.org/wiki/Termitinae;;//upload.wikimedia.org/wikipedia/commons/thumb/2/26/ZooKeys-148-105-g001_Nanotermes_isaacae.jpg/275px-ZooKeys-148-105-g001_Nanotermes_isaacae.jpg
Teratomyrmex;;https://ru.wikipedia.org/wiki/Teratomyrmex;;//upload.wikimedia.org/wikipedia/commons/thumb/9/9d/Teratomyrmex_greavesi_casent0102382_profile_1.jpg/275px-Teratomyrmex_greavesi_casent0102382_profile_1.jpg
Termitidae;;https://ru.wikipedia.org/wiki/Termitidae;;//upload.wikimedia.org/wikipedia/commons/thumb/4/43/NasuteImms.png/275px-NasuteImms.png
Termitotrox maynei;;https://ru.wikipedia.org/wiki/Termitotrox_maynei;;
Termitotrox consobrinus;;https://ru.wikipedia.org/wiki/Termitotrox_consobrinus;;
Termitotrox minutus;;https://ru.wikipedia.org/wiki/Termitotrox_minutus;;
Termitotrox ancoroides;;https://ru.wikipedia.org/wiki/Termitotrox_ancoroides;;
Termitotrox monodi;;https://ru.wikipedia.org/wiki/Termitotrox_monodi;;
Termitotrox permirus;;https://ru.wikipedia.org/wiki/Termitotrox_permirus;;
Termitotrox;;https://ru.wikipedia.org/wiki/Termitotrox;;//upload.wikimedia.org/wikipedia/commons/thumb/a/a1/Termitotrox_cupido_holotype%2C_antero-lateral_view_-_ZooKeys-254-089-g001-2.jpeg/275px-Termitotrox_cupido_holotype%2C_antero-lateral_view_-_ZooKeys-254-089-g001-2.jpeg
Termitotrox cupido;;https://ru.wikipedia.org/wiki/Termitotrox_cupido;;//upload.wikimedia.org/wikipedia/commons/thumb/8/89/Termitotrox_cupido_holotype%2C_dorsal_view_-_ZooKeys-254-089-g001-1.jpeg/275px-Termitotrox_cupido_holotype%2C_dorsal_view_-_ZooKeys-254-089-g001-1.jpeg
Termitohospitini;;https://ru.wikipedia.org/wiki/Termitohospitini;;//upload.wikimedia.org/wikipedia/commons/thumb/a/ae/Coptotermocola_clavicornis_habitus.jpg/275px-Coptotermocola_clavicornis_habitus.jpg
Termitotrox kenyensis;;https://ru.wikipedia.org/wiki/Termitotrox_kenyensis;;
Termitotrox usambaricus;;https://ru.wikipedia.org/wiki/Termitotrox_usambaricus;;
Tessaratoma papillosa;;https://ru.wikipedia.org/wiki/Tessaratoma_papillosa;;//upload.wikimedia.org/wikipedia/commons/thumb/9/9e/Tessaratoma_papillosa_adult.jpg/275px-Tessaratoma_papillosa_adult.jpg
Termitotrox vanbruggeni;;https://ru.wikipedia.org/wiki/Termitotrox_vanbruggeni;;
Termitotrox turkanicus;;https://ru.wikipedia.org/wiki/Termitotrox_turkanicus;;
Termitotrox venus;;https://ru.wikipedia.org/wiki/Termitotrox_venus;;
Tetracanthagyna plagiata;;https://ru.wikipedia.org/wiki/Tetracanthagyna_plagiata;;//upload.wikimedia.org/wikipedia/commons/thumb/9/95/Tetracanthagyne_plagiata_-_dragonfly_-_Paulina_Skowron.jpg/275px-Tetracanthagyne_plagiata_-_dragonfly_-_Paulina_Skowron.jpg
Tetheamyrma;;https://ru.wikipedia.org/wiki/Tetheamyrma;;//upload.wikimedia.org/wikipedia/commons/thumb/f/f0/Tetheamyrma_subspongia_casent0101593_head_1.jpg/275px-Tetheamyrma_subspongia_casent0101593_head_1.jpg
Tetanoptilon brunsvicense;;https://ru.wikipedia.org/wiki/Tetanoptilon_brunsvicense;;
Tessaratomidae;;https://ru.wikipedia.org/wiki/Tessaratomidae;;//upload.wikimedia.org/wikipedia/commons/thumb/a/a9/Pycanum_rubens_%28adult%29%2C_night_trail%2C_gunung_mulu_national_park%2C_sarawak%2C_malaysia%29.jpg/275px-Pycanum_rubens_%28adult%29%2C_night_trail%2C_gunung_mulu_national_park%2C_sarawak%2C_malaysia%29.jpg
Tetragonoderus;;https://ru.wikipedia.org/wiki/Tetragonoderus;;//upload.wikimedia.org/wikipedia/commons/thumb/c/ce/Tetragonoderus_fasciatus_Haldeman.jpg/275px-Tetragonoderus_fasciatus_Haldeman.jpg
Tetramoriini;;https://ru.wikipedia.org/wiki/Tetramoriini;;//upload.wikimedia.org/wikipedia/commons/thumb/b/bd/Tetramorium_bicarinatum_casent0102737_head_1.jpg/275px-Tetramorium_bicarinatum_casent0102737_head_1.jpg
Tetramorium boltoni;;https://ru.wikipedia.org/wiki/Tetramorium_boltoni;;
Tetramorium akengense;;https://ru.wikipedia.org/wiki/Tetramorium_akengense;;
Tetramorium bendai;;https://ru.wikipedia.org/wiki/Tetramorium_bendai;;
Tetramorium bicarinatum;;https://ru.wikipedia.org/wiki/Tetramorium_bicarinatum;;//upload.wikimedia.org/wikipedia/commons/thumb/e/e5/Tetramorium_bicarinatum_casent0005826_head_1.jpg/275px-Tetramorium_bicarinatum_casent0005826_head_1.jpg
Tetramorium guineense;;https://ru.wikipedia.org/wiki/Tetramorium_guineense;;//upload.wikimedia.org/wikipedia/commons/thumb/b/bc/Tetramorium_guineense_casent0101479_profile_1.jpg/275px-Tetramorium_guineense_casent0101479_profile_1.jpg
Tetramorium flavithorax;;https://ru.wikipedia.org/wiki/Tetramorium_flavithorax;;
Tetramorium decem;;https://ru.wikipedia.org/wiki/Tetramorium_decem;;//upload.wikimedia.org/wikipedia/commons/thumb/5/51/Decamorium_decem_casent0415619_profile_1.jpg/275px-Decamorium_decem_casent0415619_profile_1.jpg
Tetramorium lanuginosum;;https://ru.wikipedia.org/wiki/Tetramorium_lanuginosum;;//upload.wikimedia.org/wikipedia/commons/thumb/7/7d/Tetramorium_lanuginosum_casent0125328_head_1.jpg/275px-Tetramorium_lanuginosum_casent0125328_head_1.jpg
Tetramorium kakamega;;https://ru.wikipedia.org/wiki/Tetramorium_kakamega;;
Tetramorium intermedium;;https://ru.wikipedia.org/wiki/Tetramorium_intermedium;;
Tetramorium humbloti;;https://ru.wikipedia.org/wiki/Tetramorium_humbloti;;//upload.wikimedia.org/wikipedia/commons/thumb/a/ae/Tetramorium_humbloti_casent0059691_profile_1.jpg/275px-Tetramorium_humbloti_casent0059691_profile_1.jpg
Tetramorium obesum;;https://ru.wikipedia.org/wiki/Tetramorium_obesum;;
Tetramorium muralti;;https://ru.wikipedia.org/wiki/Tetramorium_muralti;;
Tetramorium mpala;;https://ru.wikipedia.org/wiki/Tetramorium_mpala;;
Tetramorium raptor;;https://ru.wikipedia.org/wiki/Tetramorium_raptor;;
Tetramorium pulcherrimum;;https://ru.wikipedia.org/wiki/Tetramorium_pulcherrimum;;//upload.wikimedia.org/wikipedia/commons/thumb/7/78/Tetramorium_pulcherrimum.jpg/275px-Tetramorium_pulcherrimum.jpg
Tetramorium occidentale;;https://ru.wikipedia.org/wiki/Tetramorium_occidentale;;
Tetramorium renae;;https://ru.wikipedia.org/wiki/Tetramorium_renae;;
Tetramorium tanaense;;https://ru.wikipedia.org/wiki/Tetramorium_tanaense;;
Tetramorium sepultum;;https://ru.wikipedia.org/wiki/Tetramorium_sepultum;;
Tetramorium trirugosum;;https://ru.wikipedia.org/wiki/Tetramorium_trirugosum;;
Tetramorium susannae;;https://ru.wikipedia.org/wiki/Tetramorium_susannae;;
Tetramorium snellingi;;https://ru.wikipedia.org/wiki/Tetramorium_snellingi;;
Tetramorium uelense;;https://ru.wikipedia.org/wiki/Tetramorium_uelense;;
Tetramorium ultor;;https://ru.wikipedia.org/wiki/Tetramorium_ultor;;
Tetramorium venator;;https://ru.wikipedia.org/wiki/Tetramorium_venator;;
Tetramorium weitzeckeri;;https://ru.wikipedia.org/wiki/Tetramorium_weitzeckeri;;//upload.wikimedia.org/wikipedia/commons/thumb/f/f1/Tetramorium_weitzeckeri_casent0103295_profile_1.jpg/275px-Tetramorium_weitzeckeri_casent0103295_profile_1.jpg
Tetraopini;;https://ru.wikipedia.org/wiki/Tetraopini;;//upload.wikimedia.org/wikipedia/commons/thumb/b/ba/Tetraopes_tetrophthalmus-1.jpg/275px-Tetraopes_tetrophthalmus-1.jpg
Tetramorium tsushimae;;https://ru.wikipedia.org/wiki/Tetramorium_tsushimae;;//upload.wikimedia.org/wikipedia/commons/thumb/c/c2/Tetramorium_tsushimae_casent0103103_profile_1.jpg/275px-Tetramorium_tsushimae_casent0103103_profile_1.jpg
Tettigonia;;https://ru.wikipedia.org/wiki/Tettigonia;;//upload.wikimedia.org/wikipedia/commons/thumb/0/07/GrasshopperPl.JPG/275px-GrasshopperPl.JPG
Tetrops elaeagni;;https://ru.wikipedia.org/wiki/Tetrops_elaeagni;;
Tettigoniinae;;https://ru.wikipedia.org/wiki/Tettigoniinae;;//upload.wikimedia.org/wikipedia/commons/thumb/0/07/GrasshopperPl.JPG/275px-GrasshopperPl.JPG
Tetrops starkii;;https://ru.wikipedia.org/wiki/Tetrops_starkii;;//upload.wikimedia.org/wikipedia/commons/thumb/a/a6/Tetrops_starkii.jpg/275px-Tetrops_starkii.jpg
Tetrops warnckei;;https://ru.wikipedia.org/wiki/Tetrops_warnckei;;
Thaichinula ohmomoi;;https://ru.wikipedia.org/wiki/Thaichinula_ohmomoi;;
Thagria;;https://ru.wikipedia.org/wiki/Thagria;;
Thalassophilus;;https://ru.wikipedia.org/wiki/Thalassophilus;;//upload.wikimedia.org/wikipedia/commons/thumb/c/c9/Thalassophilus_longicornis_%28Sturm%2C_1825%29_%282912082479%29.jpg/275px-Thalassophilus_longicornis_%28Sturm%2C_1825%29_%282912082479%29.jpg
Thalycra fervida;;https://ru.wikipedia.org/wiki/Thalycra_fervida;;//upload.wikimedia.org/wikipedia/commons/8/8c/Thalycra_fervida_Jacobson.png
Thaumaleidae;;https://ru.wikipedia.org/wiki/Thaumaleidae;;//upload.wikimedia.org/wikipedia/commons/thumb/d/da/Thaumalea_testacea_adult_%28from_Walker%29.png/275px-Thaumalea_testacea_adult_%28from_Walker%29.png
Thaumatoneura inopinata;;https://ru.wikipedia.org/wiki/Thaumatoneura_inopinata;;//upload.wikimedia.org/wikipedia/commons/thumb/7/77/Thaumatoneura_inopinata.jpg/275px-Thaumatoneura_inopinata.jpg
Theophilea;;https://ru.wikipedia.org/wiki/Theophilea;;//upload.wikimedia.org/wikipedia/commons/thumb/e/e3/Theophilea_subcylindricollis_side.jpg/275px-Theophilea_subcylindricollis_side.jpg
Thlaspida biramosa;;https://ru.wikipedia.org/wiki/Thlaspida_biramosa;;
This canus;;https://ru.wikipedia.org/wiki/This_canus;;
Thlaspida;;https://ru.wikipedia.org/wiki/Thlaspida;;//upload.wikimedia.org/wikipedia/commons/thumb/6/6d/Thlaspida_cribrosa_itimonjikmnk_000.JPG/275px-Thlaspida_cribrosa_itimonjikmnk_000.JPG
Thlaspida cribrosa;;https://ru.wikipedia.org/wiki/Thlaspida_cribrosa;;//upload.wikimedia.org/wikipedia/commons/thumb/6/6d/Thlaspida_cribrosa_itimonjikmnk_000.JPG/275px-Thlaspida_cribrosa_itimonjikmnk_000.JPG
Thomassetia;;https://ru.wikipedia.org/wiki/Thomassetia;;
Thlaspida lewisii;;https://ru.wikipedia.org/wiki/Thlaspida_lewisii;;
Threnosoma;;https://ru.wikipedia.org/wiki/Threnosoma;;
Thoracobombus;;https://ru.wikipedia.org/wiki/Thoracobombus;;//upload.wikimedia.org/wikipedia/commons/thumb/7/71/Bourdon_des_champs_Face.jpg/275px-Bourdon_des_champs_Face.jpg
Thryogenes;;https://ru.wikipedia.org/wiki/Thryogenes;;//upload.wikimedia.org/wikipedia/commons/thumb/e/ed/Thryogenes_nereis_%28Paykull%2C_1800%29_%283450116325%29.png/275px-Thryogenes_nereis_%28Paykull%2C_1800%29_%283450116325%29.png
Thricops kosterini;;https://ru.wikipedia.org/wiki/Thricops_kosterini;;
Thumatha;;https://ru.wikipedia.org/wiki/Thumatha;;//upload.wikimedia.org/wikipedia/commons/thumb/5/51/Thumatha_senex.jpg/275px-Thumatha_senex.jpg
Thricolema;;https://ru.wikipedia.org/wiki/Thricolema;;
Thripidae;;https://ru.wikipedia.org/wiki/Thripidae;;//upload.wikimedia.org/wikipedia/commons/thumb/b/b8/Taeniothrips_inconsequens_adult_-_AE.png/275px-Taeniothrips_inconsequens_adult_-_AE.png
Thrips;;https://ru.wikipedia.org/wiki/Thrips;;//upload.wikimedia.org/wikipedia/commons/thumb/b/bf/Thrips_tabaci%2C_Frankliniella_occidentalis.jpg/266px-Thrips_tabaci%2C_Frankliniella_occidentalis.jpg
Thyas;;https://ru.wikipedia.org/wiki/Thyas;;//upload.wikimedia.org/wikipedia/commons/thumb/9/9d/Thyas_coronata_%28Noctuidae_Catocalinae%29.jpg/267px-Thyas_coronata_%28Noctuidae_Catocalinae%29.jpg
Thyestilla gebleri;;https://ru.wikipedia.org/wiki/Thyestilla_gebleri;;
Thyestilla;;https://ru.wikipedia.org/wiki/Thyestilla;;
Thylodrias;;https://ru.wikipedia.org/wiki/Thylodrias;;//upload.wikimedia.org/wikipedia/commons/thumb/3/35/Odd_beetle%2C_adult%2C_female_%2815b%29.jpg/275px-Odd_beetle%2C_adult%2C_female_%2815b%29.jpg
Thymalus parviceps;;https://ru.wikipedia.org/wiki/Thymalus_parviceps;;
Thyreophora cynophila;;https://ru.wikipedia.org/wiki/Thyreophora_cynophila;;//upload.wikimedia.org/wikipedia/commons/thumb/6/65/Hundefliege.jpg/275px-Hundefliege.jpg
Thysania;;https://ru.wikipedia.org/wiki/Thysania;;//upload.wikimedia.org/wikipedia/commons/thumb/d/da/Thysania_zenobia%2C_male.JPG/275px-Thysania_zenobia%2C_male.JPG
Thysania zenobia;;https://ru.wikipedia.org/wiki/Thysania_zenobia;;//upload.wikimedia.org/wikipedia/commons/thumb/d/da/Thysania_zenobia%2C_male.JPG/275px-Thysania_zenobia%2C_male.JPG
Tibetyrus formicarius;;https://ru.wikipedia.org/wiki/Tibetyrus_formicarius;;
Tillus;;https://ru.wikipedia.org/wiki/Tillus;;//upload.wikimedia.org/wikipedia/commons/thumb/3/35/Tillus_elongatus_bl.jpg/275px-Tillus_elongatus_bl.jpg
Tilloidea;;https://ru.wikipedia.org/wiki/Tilloidea;;//upload.wikimedia.org/wikipedia/commons/thumb/5/5c/Tilloidea_unifasciata_up.JPG/275px-Tilloidea_unifasciata_up.JPG
Timelaea;;https://ru.wikipedia.org/wiki/Timelaea;;//upload.wikimedia.org/wikipedia/commons/thumb/9/9d/Timelaea_albescens_formosana_back_20131020.jpg/275px-Timelaea_albescens_formosana_back_20131020.jpg
Tinkerbella nana;;https://ru.wikipedia.org/wiki/Tinkerbella_nana;;//upload.wikimedia.org/wikipedia/commons/thumb/b/b9/Tinkerbella_nana_female3.jpg/275px-Tinkerbella_nana_female3.jpg
Tinecoides;;https://ru.wikipedia.org/wiki/Tinecoides;;
Tinea;;https://ru.wikipedia.org/wiki/Tinea;;//upload.wikimedia.org/wikipedia/commons/thumb/3/30/Tinea.semifulvella.mounted.jpg/275px-Tinea.semifulvella.mounted.jpg
Tipulodictya minima;;https://ru.wikipedia.org/wiki/Tipulodictya_minima;;
Tipnus;;https://ru.wikipedia.org/wiki/Tipnus;;//upload.wikimedia.org/wikipedia/commons/thumb/8/8f/Tipnus_unicolor_%28Piller_%26_Mitterpacher%2C_1783%29_%2831090431640%29.png/275px-Tipnus_unicolor_%28Piller_%26_Mitterpacher%2C_1783%29_%2831090431640%29.png
Tinoderus;;https://ru.wikipedia.org/wiki/Tinoderus;;
Tischeria;;https://ru.wikipedia.org/wiki/Tischeria;;//upload.wikimedia.org/wikipedia/commons/thumb/1/10/Tischeria_ekebladella01.jpg/275px-Tischeria_ekebladella01.jpg
Titanomyrma lubei;;https://ru.wikipedia.org/wiki/Titanomyrma_lubei;;//upload.wikimedia.org/wikipedia/commons/thumb/1/18/Titanomyrma_lubei_02.jpg/275px-Titanomyrma_lubei_02.jpg
Tiunatermes mariuzani;;https://ru.wikipedia.org/wiki/Tiunatermes_mariuzani;;
Tolmerus atricapillus;;https://ru.wikipedia.org/wiki/Tolmerus_atricapillus;;//upload.wikimedia.org/wikipedia/commons/thumb/f/fe/Tolmerus_sp2_Grunewald_D%C3%BCne_070720.jpg/275px-Tolmerus_sp2_Grunewald_D%C3%BCne_070720.jpg
Tongeia;;https://ru.wikipedia.org/wiki/Tongeia;;//upload.wikimedia.org/wikipedia/commons/thumb/5/51/129-Tongeia_fischeri.JPG/275px-129-Tongeia_fischeri.JPG
Torridincolidae;;https://ru.wikipedia.org/wiki/Torridincolidae;;
Tortrix sinapina;;https://ru.wikipedia.org/wiki/Tortrix_sinapina;;
Tortricinae;;https://ru.wikipedia.org/wiki/Tortricinae;;//upload.wikimedia.org/wikipedia/commons/thumb/7/73/British_Moths_-_Green_Oak_Tortrix_-_Tortrix_viridana_2.jpg/275px-British_Moths_-_Green_Oak_Tortrix_-_Tortrix_viridana_2.jpg
Toxorhynchites;;https://ru.wikipedia.org/wiki/Toxorhynchites;;//upload.wikimedia.org/wikipedia/commons/thumb/1/1c/Toxorhynchites_speciosus_01_L.D..jpg/275px-Toxorhynchites_speciosus_01_L.D..jpg
Toxeutes arcuatus;;https://ru.wikipedia.org/wiki/Toxeutes_arcuatus;;
Toxicini;;https://ru.wikipedia.org/wiki/Toxicini;;
Toxoscelus;;https://ru.wikipedia.org/wiki/Toxoscelus;;
Trachelophorus giraffa;;https://ru.wikipedia.org/wiki/Trachelophorus_giraffa;;//upload.wikimedia.org/wikipedia/commons/thumb/9/96/Giraffe_weevil_%28Trachelophorus_giraffa%29%2C_Ranomafana_National_Park%2C_Madagascar_%2811389093436%29.jpg/275px-Giraffe_weevil_%28Trachelophorus_giraffa%29%2C_Ranomafana_National_Park%2C_Madagascar_%2811389093436%29.jpg
Trachelobrachys;;https://ru.wikipedia.org/wiki/Trachelobrachys;;
Trachypachus;;https://ru.wikipedia.org/wiki/Trachypachus;;//upload.wikimedia.org/wikipedia/commons/thumb/6/69/Trachypachus_gibbsii_LeConte_-_ZooKeys-245-001-g004.jpeg/244px-Trachypachus_gibbsii_LeConte_-_ZooKeys-245-001-g004.jpeg
Trachymyrmex;;https://ru.wikipedia.org/wiki/Trachymyrmex;;//upload.wikimedia.org/wikipedia/commons/thumb/6/6c/Trachymyrmex_turrifex_casent0104760_profile_1.jpg/275px-Trachymyrmex_turrifex_casent0104760_profile_1.jpg
Trachymyrmex septentrionalis;;https://ru.wikipedia.org/wiki/Trachymyrmex_septentrionalis;;//upload.wikimedia.org/wikipedia/commons/thumb/7/77/Trachymyrmex_septentrionalis_casent0102745_profile_2.jpg/275px-Trachymyrmex_septentrionalis_casent0102745_profile_2.jpg
Trachyphloeini;;https://ru.wikipedia.org/wiki/Trachyphloeini;;//upload.wikimedia.org/wikipedia/commons/thumb/6/66/Trachyphloeus_scabriculus_%28Linn%C3%A9%2C_1771%29_%2814663351488%29.png/275px-Trachyphloeus_scabriculus_%28Linn%C3%A9%2C_1771%29_%2814663351488%29.png
Trachymyrmex smithi;;https://ru.wikipedia.org/wiki/Trachymyrmex_smithi;;//upload.wikimedia.org/wikipedia/commons/thumb/3/35/Trachymyrmex_smithi_casent0105871_profile_1.jpg/275px-Trachymyrmex_smithi_casent0105871_profile_1.jpg
Trachyphloeus;;https://ru.wikipedia.org/wiki/Trachyphloeus;;//upload.wikimedia.org/wikipedia/commons/thumb/6/66/Trachyphloeus_scabriculus_%28Linn%C3%A9%2C_1771%29_%2814663351488%29.png/275px-Trachyphloeus_scabriculus_%28Linn%C3%A9%2C_1771%29_%2814663351488%29.png
Trachymyrmex arizonensis;;https://ru.wikipedia.org/wiki/Trachymyrmex_arizonensis;;//upload.wikimedia.org/wikipedia/commons/thumb/3/39/Trachymyrmex_arizonensis_casent0106047_profile_1.jpg/275px-Trachymyrmex_arizonensis_casent0106047_profile_1.jpg
Trachymyrmex nogalensis;;https://ru.wikipedia.org/wiki/Trachymyrmex_nogalensis;;//upload.wikimedia.org/wikipedia/commons/thumb/2/2d/Trachymyrmex_nogalensis_casent0000364_profile_1.jpg/275px-Trachymyrmex_nogalensis_casent0000364_profile_1.jpg
Trachyphloeus aristatus;;https://ru.wikipedia.org/wiki/Trachyphloeus_aristatus;;
Trachyphloeus bifoveolatus;;https://ru.wikipedia.org/wiki/Trachyphloeus_bifoveolatus;;//upload.wikimedia.org/wikipedia/commons/thumb/6/69/Trachyphloeus_bifoveolatus_01.JPG/275px-Trachyphloeus_bifoveolatus_01.JPG
Trachyphloeus alternans;;https://ru.wikipedia.org/wiki/Trachyphloeus_alternans;;
Trachyphloeus parallelus;;https://ru.wikipedia.org/wiki/Trachyphloeus_parallelus;;
Trachyphloeus spinimanus;;https://ru.wikipedia.org/wiki/Trachyphloeus_spinimanus;;//upload.wikimedia.org/wikipedia/commons/9/9b/Trachyphloeus_spinimanus.jpg
Trachyphloeus laticollis;;https://ru.wikipedia.org/wiki/Trachyphloeus_laticollis;;//upload.wikimedia.org/wikipedia/commons/thumb/a/ab/Trachyphloeus_laticollis.png/275px-Trachyphloeus_laticollis.png
Trachyphloeus inermis;;https://ru.wikipedia.org/wiki/Trachyphloeus_inermis;;
Trachyphloeus scabriculus;;https://ru.wikipedia.org/wiki/Trachyphloeus_scabriculus;;//upload.wikimedia.org/wikipedia/commons/thumb/6/66/Trachyphloeus_scabriculus_%28Linn%C3%A9%2C_1771%29_%2814663351488%29.png/275px-Trachyphloeus_scabriculus_%28Linn%C3%A9%2C_1771%29_%2814663351488%29.png
Trachys troglodytes;;https://ru.wikipedia.org/wiki/Trachys_troglodytes;;//upload.wikimedia.org/wikipedia/commons/thumb/3/34/Trachys_troglodytes.jpg/275px-Trachys_troglodytes.jpg
Trachypteris;;https://ru.wikipedia.org/wiki/Trachypteris;;//upload.wikimedia.org/wikipedia/commons/a/a5/Trachypteris.picta.decastigma.-.calwer.23.16.jpg
Trachyscelis;;https://ru.wikipedia.org/wiki/Trachyscelis;;//upload.wikimedia.org/wikipedia/commons/thumb/7/75/Trachyscelis_aphodioides_Latreille%2C_1809_%2811101021063%29.png/275px-Trachyscelis_aphodioides_Latreille%2C_1809_%2811101021063%29.png
Trechiama (Leptepaphiama);;https://ru.wikipedia.org/wiki/Trechiama_(Leptepaphiama);;
Trechiama;;https://ru.wikipedia.org/wiki/Trechiama;;
Tragosoma;;https://ru.wikipedia.org/wiki/Tragosoma;;//upload.wikimedia.org/wikipedia/commons/thumb/7/76/Tragosoma_depsarium.jpg/275px-Tragosoma_depsarium.jpg
Tranopelta;;https://ru.wikipedia.org/wiki/Tranopelta;;//upload.wikimedia.org/wikipedia/commons/thumb/4/42/Tranopelta_gilva_casent0178097_profile_1.jpg/275px-Tranopelta_gilva_casent0178097_profile_1.jpg
Trechoblemus;;https://ru.wikipedia.org/wiki/Trechoblemus;;//upload.wikimedia.org/wikipedia/commons/thumb/c/cc/Trechoblemus_micros_-_Reitter.jpg/240px-Trechoblemus_micros_-_Reitter.jpg
Trechus;;https://ru.wikipedia.org/wiki/Trechus;;//upload.wikimedia.org/wikipedia/commons/thumb/2/24/Trechus_rubens.jpg/230px-Trechus_rubens.jpg
Trichacis;;https://ru.wikipedia.org/wiki/Trichacis;;
Tribalinae;;https://ru.wikipedia.org/wiki/Tribalinae;;//upload.wikimedia.org/wikipedia/commons/thumb/0/0c/Epierus_comptus_Jacobson.png/275px-Epierus_comptus_Jacobson.png
Trichadenotecnum;;https://ru.wikipedia.org/wiki/Trichadenotecnum;;//upload.wikimedia.org/wikipedia/commons/thumb/6/65/Trichadenotecnum_Sexpunctatum.jpg/275px-Trichadenotecnum_Sexpunctatum.jpg
Trichocellus;;https://ru.wikipedia.org/wiki/Trichocellus;;
Trichaspis;;https://ru.wikipedia.org/wiki/Trichaspis;;
Tricholepidion gertschi;;https://ru.wikipedia.org/wiki/Tricholepidion_gertschi;;
Trichoferus campestris;;https://ru.wikipedia.org/wiki/Trichoferus_campestris;;//upload.wikimedia.org/wikipedia/commons/thumb/f/f9/Trichoferus_campestris.jpg/275px-Trichoferus_campestris.jpg
Trichoferus;;https://ru.wikipedia.org/wiki/Trichoferus;;//upload.wikimedia.org/wikipedia/commons/thumb/c/c9/Trichoferus_pallidus_MHNT.jpg/275px-Trichoferus_pallidus_MHNT.jpg
Trichoferus antonioui;;https://ru.wikipedia.org/wiki/Trichoferus_antonioui;;
Trichomyrmex destructor;;https://ru.wikipedia.org/wiki/Trichomyrmex_destructor;;//upload.wikimedia.org/wikipedia/commons/thumb/f/fe/Monomorium_destructor_casent0008623_profile_1.jpg/275px-Monomorium_destructor_casent0008623_profile_1.jpg
Trichopseniini;;https://ru.wikipedia.org/wiki/Trichopseniini;;
Trichopsomyia;;https://ru.wikipedia.org/wiki/Trichopsomyia;;//upload.wikimedia.org/wikipedia/commons/thumb/e/e9/Trichopsomyia_flavitarsis%2C_North_Wales%2C_July_2015_2_-_Flickr_-_janetgraham84.jpg/176px-Trichopsomyia_flavitarsis%2C_North_Wales%2C_July_2015_2_-_Flickr_-_janetgraham84.jpg
Trichotichnus;;https://ru.wikipedia.org/wiki/Trichotichnus;;//upload.wikimedia.org/wikipedia/commons/thumb/1/16/Trichotichnus_dichrous_%28Dejean%29_-_ZooKeys-245-001-g034.jpeg/238px-Trichotichnus_dichrous_%28Dejean%29_-_ZooKeys-245-001-g034.jpeg
Trichosphaena;;https://ru.wikipedia.org/wiki/Trichosphaena;;
Tricorynus;;https://ru.wikipedia.org/wiki/Tricorynus;;//upload.wikimedia.org/wikipedia/commons/thumb/0/04/Tricorynus_herbarius.jpg/275px-Tricorynus_herbarius.jpg
Triglyphus;;https://ru.wikipedia.org/wiki/Triglyphus;;//upload.wikimedia.org/wikipedia/commons/thumb/3/37/Triglyphus.primus.-.lindsey.jpg/275px-Triglyphus.primus.-.lindsey.jpg
Trigoniophthalmus borgesi;;https://ru.wikipedia.org/wiki/Trigoniophthalmus_borgesi;;
Trigonarthris proxima;;https://ru.wikipedia.org/wiki/Trigonarthris_proxima;;//upload.wikimedia.org/wikipedia/commons/thumb/7/78/Flower_Longhorn_Beetles_%28Trigonarthris_proxima.%29.jpg/275px-Flower_Longhorn_Beetles_%28Trigonarthris_proxima.%29.jpg
Trigonopterus acuminatus;;https://ru.wikipedia.org/wiki/Trigonopterus_acuminatus;;//upload.wikimedia.org/wikipedia/commons/thumb/4/4f/Trigonopterus_acuminatus_holotype_-_ZooKeys-467-001.tif/lossy-page1-275px-Trigonopterus_acuminatus_holotype_-_ZooKeys-467-001.tif.jpg
Trigonopterus;;https://ru.wikipedia.org/wiki/Trigonopterus;;//upload.wikimedia.org/wikipedia/commons/thumb/4/45/Trigonopterus_vandekampi.jpg/275px-Trigonopterus_vandekampi.jpg
Trinervitermes trinervoides;;https://ru.wikipedia.org/wiki/Trinervitermes_trinervoides;;//upload.wikimedia.org/wikipedia/commons/thumb/d/db/Trinervitermes_trinervoides%2C_termitarium%2C_Spitskop%2C_a.jpg/275px-Trinervitermes_trinervoides%2C_termitarium%2C_Spitskop%2C_a.jpg
Trirachys inexpectatus;;https://ru.wikipedia.org/wiki/Trirachys_inexpectatus;;
Trirachys orientalis;;https://ru.wikipedia.org/wiki/Trirachys_orientalis;;
Triplax;;https://ru.wikipedia.org/wiki/Triplax;;//upload.wikimedia.org/wikipedia/commons/4/44/Triplax.russica.Reitter.jpg
Trogiomorpha;;https://ru.wikipedia.org/wiki/Trogiomorpha;;
Troglocladius hajdi;;https://ru.wikipedia.org/wiki/Troglocladius_hajdi;;
Troctomorpha;;https://ru.wikipedia.org/wiki/Troctomorpha;;//upload.wikimedia.org/wikipedia/commons/thumb/6/6d/Liposcelis.jpg/230px-Liposcelis.jpg
Troilus;;https://ru.wikipedia.org/wiki/Troilus;;//upload.wikimedia.org/wikipedia/commons/thumb/e/ec/Troilus_luridus01.jpg/275px-Troilus_luridus01.jpg
Troidini;;https://ru.wikipedia.org/wiki/Troidini;;//upload.wikimedia.org/wikipedia/commons/thumb/1/10/Ornithoptera_goliath_samson_MHNT_ventre.jpg/275px-Ornithoptera_goliath_samson_MHNT_ventre.jpg
Tropidodynerus;;https://ru.wikipedia.org/wiki/Tropidodynerus;;
Tropidodynerus fraternus;;https://ru.wikipedia.org/wiki/Tropidodynerus_fraternus;;
Tropideres niveirostris;;https://ru.wikipedia.org/wiki/Tropideres_niveirostris;;//upload.wikimedia.org/wikipedia/commons/thumb/6/66/Dissoleucas_niveirostris.png/275px-Dissoleucas_niveirostris.png
Tropideres dorsalis;;https://ru.wikipedia.org/wiki/Tropideres_dorsalis;;
Tromatobia;;https://ru.wikipedia.org/wiki/Tromatobia;;//upload.wikimedia.org/wikipedia/commons/thumb/2/2b/Tromatobia_ovivora_-_lifecycle_A_-_09_-_male_%282010-04-13%29.jpg/275px-Tromatobia_ovivora_-_lifecycle_A_-_09_-_male_%282010-04-13%29.jpg
Tropinota squalida;;https://ru.wikipedia.org/wiki/Tropinota_squalida;;//upload.wikimedia.org/wikipedia/commons/thumb/8/8f/Scarabeidae_-_Tropinota_squalida.JPG/275px-Scarabeidae_-_Tropinota_squalida.JPG
Tropinota vittula;;https://ru.wikipedia.org/wiki/Tropinota_vittula;;
Tropiphorus;;https://ru.wikipedia.org/wiki/Tropiphorus;;//upload.wikimedia.org/wikipedia/commons/thumb/1/13/Tropiphorus_carinatus.JPG/275px-Tropiphorus_carinatus.JPG
Troticus;;https://ru.wikipedia.org/wiki/Troticus;;//upload.wikimedia.org/wikipedia/commons/thumb/f/f4/Troticus.jpg/275px-Troticus.jpg
Tropidomyrmex elianae;;https://ru.wikipedia.org/wiki/Tropidomyrmex_elianae;;//upload.wikimedia.org/wikipedia/commons/thumb/9/9b/Tropidomyrmex_elianae_casent0173620_profile_1.jpg/275px-Tropidomyrmex_elianae_casent0173620_profile_1.jpg
Trypeticinae;;https://ru.wikipedia.org/wiki/Trypeticinae;;
Tryonicidae;;https://ru.wikipedia.org/wiki/Tryonicidae;;//upload.wikimedia.org/wikipedia/commons/thumb/d/de/Tryonicus_parvus_%28male%29.jpg/275px-Tryonicus_parvus_%28male%29.jpg
Tupacsala niunamenos;;https://ru.wikipedia.org/wiki/Tupacsala_niunamenos;;
Tungidae;;https://ru.wikipedia.org/wiki/Tungidae;;//upload.wikimedia.org/wikipedia/commons/thumb/d/d1/Parasite140088-fig3_The_genus_Tunga_%28Siphonaptera%2C_Tungidae%29_Heads_of_some_species.tif/lossy-page1-275px-Parasite140088-fig3_The_genus_Tunga_%28Siphonaptera%2C_Tungidae%29_Heads_of_some_species.tif.jpg
Turonelater giganteus;;https://ru.wikipedia.org/wiki/Turonelater_giganteus;;
Turneria;;https://ru.wikipedia.org/wiki/Turneria;;//upload.wikimedia.org/wikipedia/commons/thumb/8/8b/Turneria_bidentata_casent0069986_head_1.jpg/275px-Turneria_bidentata_casent0069986_head_1.jpg
Typhaeus;;https://ru.wikipedia.org/wiki/Typhaeus;;//upload.wikimedia.org/wikipedia/commons/thumb/8/89/Typhaeus_typhoeus_male.jpg/275px-Typhaeus_typhoeus_male.jpg
Typhloceras;;https://ru.wikipedia.org/wiki/Typhloceras;;
Tyloceridius;;https://ru.wikipedia.org/wiki/Tyloceridius;;
Tyta luctuosa;;https://ru.wikipedia.org/wiki/Tyta_luctuosa;;//upload.wikimedia.org/wikipedia/commons/thumb/7/7e/Tyta-luctuosa.jpg/275px-Tyta-luctuosa.jpg
Tyrannomyrmex;;https://ru.wikipedia.org/wiki/Tyrannomyrmex;;//upload.wikimedia.org/wikipedia/commons/thumb/0/0f/Tyrannomyrmex_rex_CASENT0901021_profile.jpg/275px-Tyrannomyrmex_rex_CASENT0901021_profile.jpg
Tyrannoscelio cerradensis;;https://ru.wikipedia.org/wiki/Tyrannoscelio_cerradensis;;
Tyrannoscelio crenatus;;https://ru.wikipedia.org/wiki/Tyrannoscelio_crenatus;;
Tyriozela;;https://ru.wikipedia.org/wiki/Tyriozela;;
Tyrannoscelio genieri;;https://ru.wikipedia.org/wiki/Tyrannoscelio_genieri;;
Tyrannoscelio;;https://ru.wikipedia.org/wiki/Tyrannoscelio;;
