Calcareoboea;;https://ru.wikipedia.org/wiki/Calcareoboea;;
Calceolaria uniflora;;https://ru.wikipedia.org/wiki/Calceolaria_uniflora;;//upload.wikimedia.org/wikipedia/commons/thumb/d/d6/Calceolaria_uniflora.JPG/275px-Calceolaria_uniflora.JPG
Calligonum molle;;https://ru.wikipedia.org/wiki/Calligonum_molle;;
Callitriche platycarpa;;https://ru.wikipedia.org/wiki/Callitriche_platycarpa;;//upload.wikimedia.org/wikipedia/commons/thumb/0/04/Gewoon_sterrenkroos_%28Callitriche_platycarpa%29%281%29.jpg/275px-Gewoon_sterrenkroos_%28Callitriche_platycarpa%29%281%29.jpg
Callopsis;;https://ru.wikipedia.org/wiki/Callopsis;;//upload.wikimedia.org/wikipedia/commons/thumb/c/cf/Callopsis_volkensii_HabitusInflorescence_BotGardBln0906b.jpg/275px-Callopsis_volkensii_HabitusInflorescence_BotGardBln0906b.jpg
Caltha novae-zelandiae;;https://ru.wikipedia.org/wiki/Caltha_novae-zelandiae;;//upload.wikimedia.org/wikipedia/commons/thumb/6/65/Flora_Antarctica_part_2_plate_VI.jpg/275px-Flora_Antarctica_part_2_plate_VI.jpg
Camellia amplexicaulis;;https://ru.wikipedia.org/wiki/Camellia_amplexicaulis;;//upload.wikimedia.org/wikipedia/commons/thumb/3/36/Hoa_h%E1%BA%A3i_%C4%91%C6%B0%E1%BB%9Dng_%28Camellia_amplexicaulis%29.JPG/275px-Hoa_h%E1%BA%A3i_%C4%91%C6%B0%E1%BB%9Dng_%28Camellia_amplexicaulis%29.JPG
Campanula hissarica;;https://ru.wikipedia.org/wiki/Campanula_hissarica;;
Campanula sulaimanii;;https://ru.wikipedia.org/wiki/Campanula_sulaimanii;;
Campanula trojanensis;;https://ru.wikipedia.org/wiki/Campanula_trojanensis;;
Canbya;;https://ru.wikipedia.org/wiki/Canbya;;//upload.wikimedia.org/wikipedia/commons/thumb/2/26/Pygmy_Poppy%2C_Canbya_candida.jpg/275px-Pygmy_Poppy%2C_Canbya_candida.jpg
Capanemia;;https://ru.wikipedia.org/wiki/Capanemia;;//upload.wikimedia.org/wikipedia/commons/thumb/6/62/Capanemia_micromera.jpg/275px-Capanemia_micromera.jpg
Capanemia superflua;;https://ru.wikipedia.org/wiki/Capanemia_superflua;;//upload.wikimedia.org/wikipedia/commons/thumb/f/f4/Capanemia_superflua%28uliginosa%29_%288922765112%29.jpg/266px-Capanemia_superflua%28uliginosa%29_%288922765112%29.jpg
Capsiceae;;https://ru.wikipedia.org/wiki/Capsiceae;;//upload.wikimedia.org/wikipedia/commons/thumb/9/9a/CapsicumConoides.jpg/275px-CapsicumConoides.jpg
Capsicum chinense;;https://ru.wikipedia.org/wiki/Capsicum_chinense;;//upload.wikimedia.org/wikipedia/commons/thumb/d/da/Habanero_chile_-_fruits_%28aka%29.jpg/275px-Habanero_chile_-_fruits_%28aka%29.jpg
Carapichea;;https://ru.wikipedia.org/wiki/Carapichea;;//upload.wikimedia.org/wikipedia/commons/thumb/3/3f/Cephaelis_acuminata3.jpg/275px-Cephaelis_acuminata3.jpg
Cardamine gouldii;;https://ru.wikipedia.org/wiki/Cardamine_gouldii;;
Cardamineae;;https://ru.wikipedia.org/wiki/Cardamineae;;//upload.wikimedia.org/wikipedia/commons/thumb/d/da/Barbarea_vulgaris_IM8335_Peltokanankaali_C.JPG/275px-Barbarea_vulgaris_IM8335_Peltokanankaali_C.JPG
Carex comosa;;https://ru.wikipedia.org/wiki/Carex_comosa;;//upload.wikimedia.org/wikipedia/commons/thumb/6/6f/Carex_comosa_NRCS-1.jpg/275px-Carex_comosa_NRCS-1.jpg
Carex ferruginea;;https://ru.wikipedia.org/wiki/Carex_ferruginea;;//upload.wikimedia.org/wikipedia/commons/thumb/a/a8/Carex_ferruginea.jpg/275px-Carex_ferruginea.jpg
Carex kashmirensis;;https://ru.wikipedia.org/wiki/Carex_kashmirensis;;
Carex lenticularis;;https://ru.wikipedia.org/wiki/Carex_lenticularis;;//upload.wikimedia.org/wikipedia/commons/thumb/b/bb/Carex_lenticularis_NRCS-2.jpg/197px-Carex_lenticularis_NRCS-2.jpg
Carex mertensii;;https://ru.wikipedia.org/wiki/Carex_mertensii;;//upload.wikimedia.org/wikipedia/commons/thumb/9/9d/Carexmertensii.jpg/275px-Carexmertensii.jpg
Carex nardina;;https://ru.wikipedia.org/wiki/Carex_nardina;;//upload.wikimedia.org/wikipedia/commons/thumb/7/7a/Carex_nardina.jpg/275px-Carex_nardina.jpg
Carex vulpinoidea;;https://ru.wikipedia.org/wiki/Carex_vulpinoidea;;//upload.wikimedia.org/wikipedia/commons/thumb/3/35/Carex_vulpinoidea_NRCS-3.jpg/266px-Carex_vulpinoidea_NRCS-3.jpg
Carlephyton;;https://ru.wikipedia.org/wiki/Carlephyton;;
Carrissoa;;https://ru.wikipedia.org/wiki/Carrissoa;;
Casearia williamsiana;;https://ru.wikipedia.org/wiki/Casearia_williamsiana;;
Cassia aubrevillei;;https://ru.wikipedia.org/wiki/Cassia_aubrevillei;;
Castaneoideae;;https://ru.wikipedia.org/wiki/Castaneoideae;;//upload.wikimedia.org/wikipedia/commons/thumb/3/37/Bad-homburg-schlosshof-kastanie-002.jpg/275px-Bad-homburg-schlosshof-kastanie-002.jpg
Cattleya ×hardyana;;https://ru.wikipedia.org/wiki/Cattleya_%C3%97hardyana;;//upload.wikimedia.org/wikipedia/commons/thumb/7/75/Cattleya%C3%97hardyana.jpg/275px-Cattleya%C3%97hardyana.jpg
Cattleya amethystoglossa;;https://ru.wikipedia.org/wiki/Cattleya_amethystoglossa;;//upload.wikimedia.org/wikipedia/commons/thumb/9/9b/Cattleya_amethystoglossa.jpg/275px-Cattleya_amethystoglossa.jpg
Cattleya cernua;;https://ru.wikipedia.org/wiki/Cattleya_cernua;;//upload.wikimedia.org/wikipedia/commons/thumb/7/76/Sophronitis_cernua_03.jpg/275px-Sophronitis_cernua_03.jpg
Cattleya fidelensis;;https://ru.wikipedia.org/wiki/Cattleya_fidelensis;;//upload.wikimedia.org/wikipedia/commons/thumb/e/e3/Cattleya_%C3%97_fidelensis_4N_%28Pabst%29_Van_den_Berg%2C_Neodiversity_3_7_%282008%29_%2848884973993%29.jpg/275px-Cattleya_%C3%97_fidelensis_4N_%28Pabst%29_Van_den_Berg%2C_Neodiversity_3_7_%282008%29_%2848884973993%29.jpg
Cattleya jongheana;;https://ru.wikipedia.org/wiki/Cattleya_jongheana;;//upload.wikimedia.org/wikipedia/commons/thumb/a/a1/Cattleya_jongheana_%28flower%29_NT.jpg/275px-Cattleya_jongheana_%28flower%29_NT.jpg
Cattleya purpurata;;https://ru.wikipedia.org/wiki/Cattleya_purpurata;;//upload.wikimedia.org/wikipedia/commons/thumb/b/b1/A_and_B_Larsen_orchids_-_Laelia_purpurata_918-5.jpg/275px-A_and_B_Larsen_orchids_-_Laelia_purpurata_918-5.jpg
Cattleya schroederae;;https://ru.wikipedia.org/wiki/Cattleya_schroederae;;//upload.wikimedia.org/wikipedia/commons/thumb/e/e7/Reichenbachia_III_plate_17_page_37_Cattleya_schroederae.jpg/275px-Reichenbachia_III_plate_17_page_37_Cattleya_schroederae.jpg
Cattleya tenuis;;https://ru.wikipedia.org/wiki/Cattleya_tenuis;;//upload.wikimedia.org/wikipedia/commons/thumb/5/53/Cattleya_tenuis_53.jpg/275px-Cattleya_tenuis_53.jpg
Cattleya trianae;;https://ru.wikipedia.org/wiki/Cattleya_trianae;;//upload.wikimedia.org/wikipedia/commons/thumb/d/d6/Cattleya_trianae.jpg/275px-Cattleya_trianae.jpg
Cattleya warscewiczii;;https://ru.wikipedia.org/wiki/Cattleya_warscewiczii;;//upload.wikimedia.org/wikipedia/commons/thumb/1/19/Cattleya_warscewiczii.jpg/275px-Cattleya_warscewiczii.jpg
Caularthron;;https://ru.wikipedia.org/wiki/Caularthron;;//upload.wikimedia.org/wikipedia/commons/thumb/f/f4/R._Warner_%26_B.S._Williams_-_The_Orchid_Album_-_volume_04_-_plate_157_%281885%29.jpg/275px-R._Warner_%26_B.S._Williams_-_The_Orchid_Album_-_volume_04_-_plate_157_%281885%29.jpg
Cedrela fissilis;;https://ru.wikipedia.org/wiki/Cedrela_fissilis;;//upload.wikimedia.org/wikipedia/commons/thumb/4/4a/Cedrela_fissilis_1.jpg/275px-Cedrela_fissilis_1.jpg
Centaurea varnensis;;https://ru.wikipedia.org/wiki/Centaurea_varnensis;;
Centroplacaceae;;https://ru.wikipedia.org/wiki/Centroplacaceae;;//upload.wikimedia.org/wikipedia/commons/thumb/3/33/Bhesa_indica_Govindoo.jpg/275px-Bhesa_indica_Govindoo.jpg
Cephaleuros;;https://ru.wikipedia.org/wiki/Cephaleuros;;//upload.wikimedia.org/wikipedia/commons/thumb/d/da/Cephaleuros_parasiticus.jpg/266px-Cephaleuros_parasiticus.jpg
Ceratocaryum argenteum;;https://ru.wikipedia.org/wiki/Ceratocaryum_argenteum;;
Ceratostema;;https://ru.wikipedia.org/wiki/Ceratostema;;//upload.wikimedia.org/wikipedia/commons/thumb/2/2a/Ceratostema_rauhii%2C_Ericaceae_%286089050764%29.jpg/265px-Ceratostema_rauhii%2C_Ericaceae_%286089050764%29.jpg
Ceratostigma minus;;https://ru.wikipedia.org/wiki/Ceratostigma_minus;;//upload.wikimedia.org/wikipedia/commons/thumb/9/9a/Ceratostigma_minus.JPG/275px-Ceratostigma_minus.JPG
Ceratozamia hildae;;https://ru.wikipedia.org/wiki/Ceratozamia_hildae;;//upload.wikimedia.org/wikipedia/commons/thumb/4/4f/Ceratozamia_Hildae_Leave.jpg/275px-Ceratozamia_Hildae_Leave.jpg
Ceratozamia kuesteriana;;https://ru.wikipedia.org/wiki/Ceratozamia_kuesteriana;;//upload.wikimedia.org/wikipedia/commons/thumb/0/0e/Ceratozamia_kuesteriana.jpg/275px-Ceratozamia_kuesteriana.jpg
Ceratozamia norstogii;;https://ru.wikipedia.org/wiki/Ceratozamia_norstogii;;//upload.wikimedia.org/wikipedia/commons/thumb/0/0c/Ceratozamia_norstogii_-_Botanischer_Garten_M%C3%BCnchen-Nymphenburg_-_DSC08060.JPG/275px-Ceratozamia_norstogii_-_Botanischer_Garten_M%C3%BCnchen-Nymphenburg_-_DSC08060.JPG
Ceropegia convolvuloides;;https://ru.wikipedia.org/wiki/Ceropegia_convolvuloides;;
Chamaepus;;https://ru.wikipedia.org/wiki/Chamaepus;;
Chamerion conspersum;;https://ru.wikipedia.org/wiki/Chamerion_conspersum;;
Chaos (растение);;https://ru.wikipedia.org/wiki/Chaos_(%D1%80%D0%B0%D1%81%D1%82%D0%B5%D0%BD%D0%B8%D0%B5);;
Chapmannia reghidensis;;https://ru.wikipedia.org/wiki/Chapmannia_reghidensis;;
Chapmannia tinireana;;https://ru.wikipedia.org/wiki/Chapmannia_tinireana;;
Chaptalia;;https://ru.wikipedia.org/wiki/Chaptalia;;//upload.wikimedia.org/wikipedia/commons/thumb/3/33/Asteraceae_-Chaptalia_nutans.JPG/275px-Asteraceae_-Chaptalia_nutans.JPG
Chasmanthe floribunda;;https://ru.wikipedia.org/wiki/Chasmanthe_floribunda;;//upload.wikimedia.org/wikipedia/commons/thumb/9/91/Chasmanthe_floribunda_1.jpg/275px-Chasmanthe_floribunda_1.jpg
Cheirolepidiaceae;;https://ru.wikipedia.org/wiki/Cheirolepidiaceae;;//upload.wikimedia.org/wikipedia/commons/thumb/f/f1/Brachyphyllum_nepos_1.JPG/275px-Brachyphyllum_nepos_1.JPG
Chiloschista segawae;;https://ru.wikipedia.org/wiki/Chiloschista_segawae;;//upload.wikimedia.org/wikipedia/commons/thumb/f/f9/Chiloschista_segawai_%E5%A4%A7%E8%9C%98%E8%9B%9B%E8%98%AD_%2825684835020%29.jpg/266px-Chiloschista_segawai_%E5%A4%A7%E8%9C%98%E8%9B%9B%E8%98%AD_%2825684835020%29.jpg
Chloranthus henryi;;https://ru.wikipedia.org/wiki/Chloranthus_henryi;;
Chlorospatha;;https://ru.wikipedia.org/wiki/Chlorospatha;;//upload.wikimedia.org/wikipedia/commons/thumb/3/3b/Chlorospatha_lehmannii_DPR.png/122px-Chlorospatha_lehmannii_DPR.png
Choriantha;;https://ru.wikipedia.org/wiki/Choriantha;;
Cichoreacidites igapoensis;;https://ru.wikipedia.org/wiki/Cichoreacidites_igapoensis;;
Cinnamomum septentrionale;;https://ru.wikipedia.org/wiki/Cinnamomum_septentrionale;;//upload.wikimedia.org/wikipedia/commons/thumb/2/22/Cinnamomum_septentrionale_-_Chengdu_Botanical_Garden_-_Chengdu%2C_China_-_DSC03499.JPG/266px-Cinnamomum_septentrionale_-_Chengdu_Botanical_Garden_-_Chengdu%2C_China_-_DSC03499.JPG
Cinnamomum wilsonii;;https://ru.wikipedia.org/wiki/Cinnamomum_wilsonii;;
Cirsium fontinale;;https://ru.wikipedia.org/wiki/Cirsium_fontinale;;//upload.wikimedia.org/wikipedia/commons/thumb/e/e5/Cirsium_fontinale_var._obispoense.jpg/275px-Cirsium_fontinale_var._obispoense.jpg
Cirsium spinosissimum;;https://ru.wikipedia.org/wiki/Cirsium_spinosissimum;;//upload.wikimedia.org/wikipedia/commons/thumb/c/cb/Naye-Alpengarten_20.JPG/275px-Naye-Alpengarten_20.JPG
Cladosiphon okamuranus;;https://ru.wikipedia.org/wiki/Cladosiphon_okamuranus;;//upload.wikimedia.org/wikipedia/commons/thumb/a/ac/Japanese_Mozuku.jpg/274px-Japanese_Mozuku.jpg
Clematis aristata;;https://ru.wikipedia.org/wiki/Clematis_aristata;;//upload.wikimedia.org/wikipedia/commons/thumb/3/30/Clematis_aristata.jpg/275px-Clematis_aristata.jpg
Clematis ianthina;;https://ru.wikipedia.org/wiki/Clematis_ianthina;;//upload.wikimedia.org/wikipedia/commons/thumb/2/26/Clematis_ianthina_%285990594915%29.jpg/275px-Clematis_ianthina_%285990594915%29.jpg
Clematis marmoraria;;https://ru.wikipedia.org/wiki/Clematis_marmoraria;;//upload.wikimedia.org/wikipedia/commons/thumb/d/d5/ClematisMarmoraria.jpg/275px-ClematisMarmoraria.jpg
Cleome augustinensis;;https://ru.wikipedia.org/wiki/Cleome_augustinensis;;
Cleome socotrana;;https://ru.wikipedia.org/wiki/Cleome_socotrana;;
Coccinia grandis;;https://ru.wikipedia.org/wiki/Coccinia_grandis;;//upload.wikimedia.org/wikipedia/commons/thumb/3/37/Coccinia_grandis.jpg/275px-Coccinia_grandis.jpg
Codonopsis bhutanica;;https://ru.wikipedia.org/wiki/Codonopsis_bhutanica;;
Coincya wrightii;;https://ru.wikipedia.org/wiki/Coincya_wrightii;;//upload.wikimedia.org/wikipedia/commons/thumb/7/71/Lundy_Cabbage.JPG/275px-Lundy_Cabbage.JPG
Cola le-testui;;https://ru.wikipedia.org/wiki/Cola_le-testui;;
Colchicum antepense;;https://ru.wikipedia.org/wiki/Colchicum_antepense;;
Colchicum macedonicum;;https://ru.wikipedia.org/wiki/Colchicum_macedonicum;;//upload.wikimedia.org/wikipedia/commons/2/26/Colchicum_macedonicum.jpg
Colchicum nanum;;https://ru.wikipedia.org/wiki/Colchicum_nanum;;
Coleocephalocereus;;https://ru.wikipedia.org/wiki/Coleocephalocereus;;//upload.wikimedia.org/wikipedia/commons/thumb/0/00/Coleocephalocereus_aureus01.jpg/275px-Coleocephalocereus_aureus01.jpg
Colletogyne;;https://ru.wikipedia.org/wiki/Colletogyne;;//upload.wikimedia.org/wikipedia/commons/thumb/9/9c/Colletogyne_perrieri_inflorescence.jpg/275px-Colletogyne_perrieri_inflorescence.jpg
Collinsia callosa;;https://ru.wikipedia.org/wiki/Collinsia_callosa;;//upload.wikimedia.org/wikipedia/commons/thumb/5/5e/Collinsia_callosa.jpg/275px-Collinsia_callosa.jpg
Columnea consanguinea;;https://ru.wikipedia.org/wiki/Columnea_consanguinea;;//upload.wikimedia.org/wikipedia/commons/thumb/9/90/Columnea_consanguinea_%28foliage%29.jpg/275px-Columnea_consanguinea_%28foliage%29.jpg
Comarostaphylis;;https://ru.wikipedia.org/wiki/Comarostaphylis;;//upload.wikimedia.org/wikipedia/commons/thumb/f/f2/Comarostaphylisdiversifolia.jpg/275px-Comarostaphylisdiversifolia.jpg
Comarostaphylis diversifolia;;https://ru.wikipedia.org/wiki/Comarostaphylis_diversifolia;;//upload.wikimedia.org/wikipedia/commons/thumb/f/f2/Comarostaphylisdiversifolia.jpg/275px-Comarostaphylisdiversifolia.jpg
Commelina spectabilis;;https://ru.wikipedia.org/wiki/Commelina_spectabilis;;
Commelina welwitschii;;https://ru.wikipedia.org/wiki/Commelina_welwitschii;;//upload.wikimedia.org/wikipedia/commons/thumb/d/df/No-image-available-rectangle.svg/275px-No-image-available-rectangle.svg.png
Comospermum;;https://ru.wikipedia.org/wiki/Comospermum;;//upload.wikimedia.org/wikipedia/commons/thumb/1/1f/Comospermum_yedoense1.jpg/275px-Comospermum_yedoense1.jpg
Conostegia cuatrecasii;;https://ru.wikipedia.org/wiki/Conostegia_cuatrecasii;;
Constantia;;https://ru.wikipedia.org/wiki/Constantia;;//upload.wikimedia.org/wikipedia/commons/thumb/0/0c/Sophronitis_wittigiana_-_Constantia_rupestris_%28as_Sophronitis_rupestris%29_-_Fl.Br.3-5-70.jpg/254px-Sophronitis_wittigiana_-_Constantia_rupestris_%28as_Sophronitis_rupestris%29_-_Fl.Br.3-5-70.jpg
Copaifera langsdorffii;;https://ru.wikipedia.org/wiki/Copaifera_langsdorffii;;//upload.wikimedia.org/wikipedia/commons/thumb/7/73/Copaicaaclimacao.JPG/275px-Copaicaaclimacao.JPG
Coreopsis gladiata;;https://ru.wikipedia.org/wiki/Coreopsis_gladiata;;//upload.wikimedia.org/wikipedia/commons/thumb/b/b8/Coreopsis7222.jpg/275px-Coreopsis7222.jpg
Coreopsis mutica;;https://ru.wikipedia.org/wiki/Coreopsis_mutica;;//upload.wikimedia.org/wikipedia/commons/thumb/5/55/Coreopsis_mutica_1.jpg/275px-Coreopsis_mutica_1.jpg
Coreopsis palmata;;https://ru.wikipedia.org/wiki/Coreopsis_palmata;;//upload.wikimedia.org/wikipedia/commons/thumb/8/8b/Coreopsis_palmata_%E2%80%94_Frank_Mayfield_006.jpg/275px-Coreopsis_palmata_%E2%80%94_Frank_Mayfield_006.jpg
Coreopsis petrophiloides;;https://ru.wikipedia.org/wiki/Coreopsis_petrophiloides;;//upload.wikimedia.org/wikipedia/commons/thumb/1/1e/Coreopsis_petrophiloides_2.jpg/275px-Coreopsis_petrophiloides_2.jpg
Corybas;;https://ru.wikipedia.org/wiki/Corybas;;//upload.wikimedia.org/wikipedia/commons/thumb/e/e0/Slaty_Helmet_Orchid.JPG/275px-Slaty_Helmet_Orchid.JPG
Corybas royenii;;https://ru.wikipedia.org/wiki/Corybas_royenii;;
Corydalis sheareri;;https://ru.wikipedia.org/wiki/Corydalis_sheareri;;
Corymbia calophylla;;https://ru.wikipedia.org/wiki/Corymbia_calophylla;;//upload.wikimedia.org/wikipedia/commons/thumb/7/7c/Eucalyptus_calophylla_flowers2_Cataby_email.jpg/275px-Eucalyptus_calophylla_flowers2_Cataby_email.jpg
Cosentinia vellea;;https://ru.wikipedia.org/wiki/Cosentinia_vellea;;//upload.wikimedia.org/wikipedia/commons/thumb/4/4f/Cosentinia_vellea09.jpg/275px-Cosentinia_vellea09.jpg
Cosmelia;;https://ru.wikipedia.org/wiki/Cosmelia;;//upload.wikimedia.org/wikipedia/commons/thumb/2/21/Cosmelia_rubra_-_Flickr_-_Kevin_Thiele.jpg/242px-Cosmelia_rubra_-_Flickr_-_Kevin_Thiele.jpg
Cota (растение);;https://ru.wikipedia.org/wiki/Cota_(%D1%80%D0%B0%D1%81%D1%82%D0%B5%D0%BD%D0%B8%D0%B5);;//upload.wikimedia.org/wikipedia/commons/thumb/b/be/Anthemis_austriaca_%28%C3%96sterreich-Hundskamille%29_IMG_23130.JPG/275px-Anthemis_austriaca_%28%C3%96sterreich-Hundskamille%29_IMG_23130.JPG
Cottonia;;https://ru.wikipedia.org/wiki/Cottonia;;//upload.wikimedia.org/wikipedia/commons/thumb/4/40/Cottonia_peduncularis_%28as_Cottonia_macrostachya%29_-_Curtis%27_116_%28Ser._3_no._46%29_pl._7099_%281890%29.jpg/245px-Cottonia_peduncularis_%28as_Cottonia_macrostachya%29_-_Curtis%27_116_%28Ser._3_no._46%29_pl._7099_%281890%29.jpg
Crataegus ×media;;https://ru.wikipedia.org/wiki/Crataegus_%C3%97media;;//upload.wikimedia.org/wikipedia/commons/thumb/4/41/Crataegus_%C3%97_media_1.jpg/275px-Crataegus_%C3%97_media_1.jpg
Crataegus rhipidophylla;;https://ru.wikipedia.org/wiki/Crataegus_rhipidophylla;;//upload.wikimedia.org/wikipedia/commons/thumb/3/38/Crataegus-rhipidophylla-fruit.jpg/275px-Crataegus-rhipidophylla-fruit.jpg
Crateva nurvala;;https://ru.wikipedia.org/wiki/Crateva_nurvala;;//upload.wikimedia.org/wikipedia/commons/thumb/6/68/Whole_plant.jpg/275px-Whole_plant.jpg
Cratolirion;;https://ru.wikipedia.org/wiki/Cratolirion;;
Crepidium graminifolium;;https://ru.wikipedia.org/wiki/Crepidium_graminifolium;;
Crepidium hippocrepiformis;;https://ru.wikipedia.org/wiki/Crepidium_hippocrepiformis;;
Crocus thomasii;;https://ru.wikipedia.org/wiki/Crocus_thomasii;;
Crossosoma bigelovii;;https://ru.wikipedia.org/wiki/Crossosoma_bigelovii;;//upload.wikimedia.org/wikipedia/commons/7/79/Crossosomabigelovii.jpg
Croton lechleri;;https://ru.wikipedia.org/wiki/Croton_lechleri;;//upload.wikimedia.org/wikipedia/commons/thumb/9/97/Croton_drago_%28or_lechleri%29%2C_the_Dragon%27s_Blood_tree_%2811239908285%29.jpg/275px-Croton_drago_%28or_lechleri%29%2C_the_Dragon%27s_Blood_tree_%2811239908285%29.jpg
Croton nepalensis;;https://ru.wikipedia.org/wiki/Croton_nepalensis;;
Crowea;;https://ru.wikipedia.org/wiki/Crowea;;//upload.wikimedia.org/wikipedia/commons/thumb/6/62/Crowea_angustifolia.JPG/275px-Crowea_angustifolia.JPG
Cryptocapnos;;https://ru.wikipedia.org/wiki/Cryptocapnos;;
Cryptocoryne crispatula;;https://ru.wikipedia.org/wiki/Cryptocoryne_crispatula;;
Cryptostylidinae;;https://ru.wikipedia.org/wiki/Cryptostylidinae;;//upload.wikimedia.org/wikipedia/commons/thumb/f/f6/Orchid_Wallaroo_track.JPG/275px-Orchid_Wallaroo_track.JPG
Cryptostylis;;https://ru.wikipedia.org/wiki/Cryptostylis;;//upload.wikimedia.org/wikipedia/commons/thumb/8/8b/Cryptostylis_leptochila_BalukWillam100113-0855.jpg/275px-Cryptostylis_leptochila_BalukWillam100113-0855.jpg
Cupressus guadalupensis;;https://ru.wikipedia.org/wiki/Cupressus_guadalupensis;;//upload.wikimedia.org/wikipedia/commons/thumb/f/fd/Cupressus_guadalupensis.JPG/268px-Cupressus_guadalupensis.JPG
Cupressus vietnamensis;;https://ru.wikipedia.org/wiki/Cupressus_vietnamensis;;//upload.wikimedia.org/wikipedia/commons/thumb/2/29/Cupressus_vietnamensis_-_Quarryhill_Botanical_Garden_-_DSC03483.JPG/266px-Cupressus_vietnamensis_-_Quarryhill_Botanical_Garden_-_DSC03483.JPG
Cyathodes;;https://ru.wikipedia.org/wiki/Cyathodes;;//upload.wikimedia.org/wikipedia/commons/thumb/d/d2/Cyathodes_petiolaris_-_Walls_of_Jerusalem.jpg/266px-Cyathodes_petiolaris_-_Walls_of_Jerusalem.jpg
Cyathopsis;;https://ru.wikipedia.org/wiki/Cyathopsis;;
Cycas armstrongii;;https://ru.wikipedia.org/wiki/Cycas_armstrongii;;//upload.wikimedia.org/wikipedia/commons/thumb/f/fc/Cycas_armstrongii_1.jpg/275px-Cycas_armstrongii_1.jpg
Cycas chevalieri;;https://ru.wikipedia.org/wiki/Cycas_chevalieri;;//upload.wikimedia.org/wikipedia/commons/thumb/b/b1/Cycas_chevalieri-IMG_9637.JPG/275px-Cycas_chevalieri-IMG_9637.JPG
Cycas guizhouensis;;https://ru.wikipedia.org/wiki/Cycas_guizhouensis;;//upload.wikimedia.org/wikipedia/commons/thumb/5/5c/Gardenology.org-IMG_0915_rbgs10dec.jpg/275px-Gardenology.org-IMG_0915_rbgs10dec.jpg
Cycas maconochiei;;https://ru.wikipedia.org/wiki/Cycas_maconochiei;;//upload.wikimedia.org/wikipedia/commons/thumb/4/4d/Cycas_maconochiei.jpg/275px-Cycas_maconochiei.jpg
Cycas seemannii;;https://ru.wikipedia.org/wiki/Cycas_seemannii;;//upload.wikimedia.org/wikipedia/commons/thumb/7/7e/Gardenology.org-IMG_2604_rbgs11jan.jpg/275px-Gardenology.org-IMG_2604_rbgs11jan.jpg
Cyclamen purpurascens;;https://ru.wikipedia.org/wiki/Cyclamen_purpurascens;;//upload.wikimedia.org/wikipedia/commons/thumb/6/6f/Cyclamen_purpurascens_Orchi_01.jpg/275px-Cyclamen_purpurascens_Orchi_01.jpg
Cyclopia;;https://ru.wikipedia.org/wiki/Cyclopia;;//upload.wikimedia.org/wikipedia/commons/thumb/d/d6/Cyclopia_genistoides_Taub104c.png/187px-Cyclopia_genistoides_Taub104c.png
Cymbidieae;;https://ru.wikipedia.org/wiki/Cymbidieae;;//upload.wikimedia.org/wikipedia/commons/thumb/8/88/Cymbidium_aloifolium.jpg/275px-Cymbidium_aloifolium.jpg
Cymbidium iridioides;;https://ru.wikipedia.org/wiki/Cymbidium_iridioides;;//upload.wikimedia.org/wikipedia/commons/thumb/9/93/Cymbidium_iridioides_-_Botanischer_Garten_TU_Dresden%2C_April_2009.jpg/275px-Cymbidium_iridioides_-_Botanischer_Garten_TU_Dresden%2C_April_2009.jpg
Cymbidium kanran;;https://ru.wikipedia.org/wiki/Cymbidium_kanran;;//upload.wikimedia.org/wikipedia/commons/thumb/e/ea/Cymbidium_kanran_kanran_kouki.jpg/275px-Cymbidium_kanran_kanran_kouki.jpg
Cynorkis;;https://ru.wikipedia.org/wiki/Cynorkis;;//upload.wikimedia.org/wikipedia/commons/thumb/b/b2/Cynorkis_villosa.jpg/266px-Cynorkis_villosa.jpg
Cyphocardamum;;https://ru.wikipedia.org/wiki/Cyphocardamum;;
Cyphostemma;;https://ru.wikipedia.org/wiki/Cyphostemma;;//upload.wikimedia.org/wikipedia/commons/thumb/c/c3/Cyphostemma_juttae_IMG_2792.JPG/266px-Cyphostemma_juttae_IMG_2792.JPG
Cyphostigma;;https://ru.wikipedia.org/wiki/Cyphostigma;;
Cypripedium agnicapitatum;;https://ru.wikipedia.org/wiki/Cypripedium_agnicapitatum;;
Cypripedium bardolphianum;;https://ru.wikipedia.org/wiki/Cypripedium_bardolphianum;;
Cypripedium calcicola;;https://ru.wikipedia.org/wiki/Cypripedium_calcicola;;
Cypripedium daweishanense;;https://ru.wikipedia.org/wiki/Cypripedium_daweishanense;;
Cypripedium dickinsonianum;;https://ru.wikipedia.org/wiki/Cypripedium_dickinsonianum;;//upload.wikimedia.org/wikipedia/commons/thumb/f/f2/Cypripedium_dickinsonianum.jpg/275px-Cypripedium_dickinsonianum.jpg
Cypripedium elegans;;https://ru.wikipedia.org/wiki/Cypripedium_elegans;;
Cypripedium fargesii;;https://ru.wikipedia.org/wiki/Cypripedium_fargesii;;//upload.wikimedia.org/wikipedia/commons/thumb/c/c6/Cypripedium_fargesii_Orchi_294142.jpg/275px-Cypripedium_fargesii_Orchi_294142.jpg
Cypripedium farreri;;https://ru.wikipedia.org/wiki/Cypripedium_farreri;;
Cypripedium fasciculatum;;https://ru.wikipedia.org/wiki/Cypripedium_fasciculatum;;//upload.wikimedia.org/wikipedia/commons/thumb/d/da/Cypripedium_fasciculatum_%2814639706125%29_cropped_1.jpg/275px-Cypripedium_fasciculatum_%2814639706125%29_cropped_1.jpg
Cypripedium fasciolatum;;https://ru.wikipedia.org/wiki/Cypripedium_fasciolatum;;
Cypripedium formosanum;;https://ru.wikipedia.org/wiki/Cypripedium_formosanum;;//upload.wikimedia.org/wikipedia/commons/thumb/7/74/Cypripedium_formosanum_Orchi_102.jpg/275px-Cypripedium_formosanum_Orchi_102.jpg
Cypripedium forrestii;;https://ru.wikipedia.org/wiki/Cypripedium_forrestii;;
Cypripedium himalaicum;;https://ru.wikipedia.org/wiki/Cypripedium_himalaicum;;//upload.wikimedia.org/wikipedia/commons/thumb/1/10/Cypripedium_himalaicum.jpg/275px-Cypripedium_himalaicum.jpg
Cypripedium irapeanum;;https://ru.wikipedia.org/wiki/Cypripedium_irapeanum;;//upload.wikimedia.org/wikipedia/commons/thumb/9/94/Cypripedium_irapeanum_-_Edwards_vol_32_%28NS_9%29_pl_58_%281846%29.jpg/225px-Cypripedium_irapeanum_-_Edwards_vol_32_%28NS_9%29_pl_58_%281846%29.jpg
Cypripedium lentiginosum;;https://ru.wikipedia.org/wiki/Cypripedium_lentiginosum;;
Cypripedium lichiangense;;https://ru.wikipedia.org/wiki/Cypripedium_lichiangense;;//upload.wikimedia.org/wikipedia/commons/thumb/f/ff/Cypripedium_lichiangense.jpg/275px-Cypripedium_lichiangense.jpg
Cypripedium ludlowii;;https://ru.wikipedia.org/wiki/Cypripedium_ludlowii;;
Cypripedium malipoense;;https://ru.wikipedia.org/wiki/Cypripedium_malipoense;;
Cypripedium margaritaceum;;https://ru.wikipedia.org/wiki/Cypripedium_margaritaceum;;
Cypripedium micranthum;;https://ru.wikipedia.org/wiki/Cypripedium_micranthum;;
Cypripedium molle;;https://ru.wikipedia.org/wiki/Cypripedium_molle;;
Cypripedium palangshanense;;https://ru.wikipedia.org/wiki/Cypripedium_palangshanense;;
Cypripedium passerinum;;https://ru.wikipedia.org/wiki/Cypripedium_passerinum;;//upload.wikimedia.org/wikipedia/commons/thumb/c/cb/Cypripedium_passerinum_-_Flickr_003.jpg/266px-Cypripedium_passerinum_-_Flickr_003.jpg
Cypripedium plectrochilum;;https://ru.wikipedia.org/wiki/Cypripedium_plectrochilum;;//upload.wikimedia.org/wikipedia/commons/thumb/d/df/Cypripedium_plectochilum_Orchi_5166.JPG/275px-Cypripedium_plectochilum_Orchi_5166.JPG
Cypripedium segawae;;https://ru.wikipedia.org/wiki/Cypripedium_segawae;;
Cypripedium sichuanense;;https://ru.wikipedia.org/wiki/Cypripedium_sichuanense;;
Cypripedium subtropicum;;https://ru.wikipedia.org/wiki/Cypripedium_subtropicum;;
Cypripedium taibaiense;;https://ru.wikipedia.org/wiki/Cypripedium_taibaiense;;
Cypripedium wardii;;https://ru.wikipedia.org/wiki/Cypripedium_wardii;;
Cypripedium wumengense;;https://ru.wikipedia.org/wiki/Cypripedium_wumengense;;
Cypripedium yunnanense;;https://ru.wikipedia.org/wiki/Cypripedium_yunnanense;;
